ISO-10303-21;
HEADER;
FILE_DESCRIPTION (( 'STEP AP203' ),
    '1' );
FILE_NAME ('23268-E0W.STEP',
    '2018-03-15T17:25:22',
    ( 'admin' ),
    ( '' ),
    'SwSTEP 2.0',
    'SolidWorks 2016',
    '' );
FILE_SCHEMA (( 'CONFIG_CONTROL_DESIGN' ));
ENDSEC;

DATA;
#1 = CARTESIAN_POINT ( 'NONE',  ( 0.7266027879546889100, 0.9999606299212597800, -0.8572514385046637900 ) ) ;
#2 = LINE ( 'NONE', #2748, #989 ) ;
#3 = CARTESIAN_POINT ( 'NONE',  ( 0.7281150979943824500, 1.000000000000000000, -0.8219231198746158600 ) ) ;
#4 = ORIENTED_EDGE ( 'NONE', *, *, #2318, .F. ) ;
#5 = ADVANCED_FACE ( 'NONE', ( #5978 ), #3724, .F. ) ;
#6 = FACE_OUTER_BOUND ( 'NONE', #34, .T. ) ;
#7 = CARTESIAN_POINT ( 'NONE',  ( 0.6164251057133373100, 0.9999999999999996700, -0.8902218213481510900 ) ) ;
#8 = FACE_OUTER_BOUND ( 'NONE', #275, .T. ) ;
#9 = CARTESIAN_POINT ( 'NONE',  ( 0.5947147427858607800, 1.000000000000000000, -0.8429237729538301400 ) ) ;
#10 = ADVANCED_FACE ( 'NONE', ( #4649 ), #6220, .F. ) ;
#11 = VERTEX_POINT ( 'NONE', #4735 ) ;
#12 = CARTESIAN_POINT ( 'NONE',  ( 0.6595427244644688200, 0.9999606299212601100, -0.8458728169313497500 ) ) ;
#13 = VECTOR ( 'NONE', #5098, 39.37007874015748100 ) ;
#14 = ORIENTED_EDGE ( 'NONE', *, *, #3969, .F. ) ;
#15 = VECTOR ( 'NONE', #3593, 39.37007874015748900 ) ;
#16 = EDGE_LOOP ( 'NONE', ( #5753, #4674, #1204, #125 ) ) ;
#17 = CARTESIAN_POINT ( 'NONE',  ( 0.6423935742287454300, 1.000000000000000000, -0.8671071104691628900 ) ) ;
#18 = EDGE_CURVE ( 'NONE', #3668, #3435, #707, .T. ) ;
#19 = CARTESIAN_POINT ( 'NONE',  ( 0.1001548727153806400, 0.9999606299212597800, -0.4935941171341137200 ) ) ;
#20 = VERTEX_POINT ( 'NONE', #4248 ) ;
#21 = ORIENTED_EDGE ( 'NONE', *, *, #1237, .F. ) ;
#22 = CARTESIAN_POINT ( 'NONE',  ( 0.6966027912217243000, 1.000000000000000200, -0.8022954718073103100 ) ) ;
#23 = LINE ( 'NONE', #4503, #5118 ) ;
#24 = CARTESIAN_POINT ( 'NONE',  ( 0.6927732321419073400, 1.000000000000000200, -0.8149617957725878700 ) ) ;
#25 = EDGE_CURVE ( 'NONE', #4385, #3564, #3313, .T. ) ;
#26 = DIRECTION ( 'NONE',  ( -1.000000000000000000, 0.0000000000000000000, -0.0000000000000000000 ) ) ;
#27 = ORIENTED_EDGE ( 'NONE', *, *, #4608, .F. ) ;
#28 = VECTOR ( 'NONE', #124, 39.37007874015748900 ) ;
#29 = DIRECTION ( 'NONE',  ( -0.7071067811865413600, -0.7071067811865536800, 1.570092458683761100E-016 ) ) ;
#30 = DIRECTION ( 'NONE',  ( 0.0000000000000000000, 0.0000000000000000000, 1.000000000000000000 ) ) ;
#31 = CARTESIAN_POINT ( 'NONE',  ( 0.6076325183217783400, 0.9999606299212596700, -0.7968804411740664200 ) ) ;
#32 = CARTESIAN_POINT ( 'NONE',  ( 1.000000000000000200, 1.000000000000000000, -0.9921259842519685200 ) ) ;
#33 = CARTESIAN_POINT ( 'NONE',  ( 0.6423175407853872800, 0.9999606299212597800, -0.8703774555932122200 ) ) ;
#34 = EDGE_LOOP ( 'NONE', ( #5785, #2371, #3931, #1214 ) ) ;
#35 = CARTESIAN_POINT ( 'NONE',  ( 0.9947506561679787500, 0.005249343832021355500, -0.002624671916010346900 ) ) ;
#36 = ADVANCED_FACE ( 'NONE', ( #5833 ), #5902, .T. ) ;
#37 = CARTESIAN_POINT ( 'NONE',  ( 0.8034748033498078100, 0.9999606299212593400, -0.8712825944231982200 ) ) ;
#38 = CARTESIAN_POINT ( 'NONE',  ( 0.6735055808540425500, 0.9999606299212597800, -0.7943360894784513600 ) ) ;
#39 = ORIENTED_EDGE ( 'NONE', *, *, #5913, .T. ) ;
#40 = ADVANCED_FACE ( 'NONE', ( #3149 ), #1601, .T. ) ;
#41 = CARTESIAN_POINT ( 'NONE',  ( 0.6721924002195728300, 1.000000000000000000, -0.8531419597657975400 ) ) ;
#42 = CARTESIAN_POINT ( 'NONE',  ( 0.8690545515836736200, 1.000000000000000200, -0.8048851173598399200 ) ) ;
#43 = CARTESIAN_POINT ( 'NONE',  ( 0.6618676250120716400, 0.9999999999999998900, -0.8563195202878488600 ) ) ;
#44 = CARTESIAN_POINT ( 'NONE',  ( 0.6878620565059330200, 0.9999606299212596700, -0.8945170250294846000 ) ) ;
#45 = CARTESIAN_POINT ( 'NONE',  ( 0.7447082738952831600, 0.9999606299212504500, -0.8048997695949413600 ) ) ;
#46 = CARTESIAN_POINT ( 'NONE',  ( 0.9973753280839896500, 0.005249343832021355500, -0.005249343832021512500 ) ) ;
#47 = ORIENTED_EDGE ( 'NONE', *, *, #5518, .F. ) ;
#48 = DIRECTION ( 'NONE',  ( -1.000000000000000000, 0.0000000000000000000, 0.0000000000000000000 ) ) ;
#49 = CARTESIAN_POINT ( 'NONE',  ( 0.8877076292224092000, 0.9999999999999996700, -0.8900863982673716800 ) ) ;
#50 = AXIS2_PLACEMENT_3D ( 'NONE', #6049, #3555, #610 ) ;
#51 = DIRECTION ( 'NONE',  ( -0.5773502691895847600, 0.5773502691896512700, 0.5773502691896411600 ) ) ;
#52 = CARTESIAN_POINT ( 'NONE',  ( 0.6109570522165582700, 0.9999999999999998900, -0.8386984965890009700 ) ) ;
#53 = EDGE_CURVE ( 'NONE', #2355, #391, #679, .T. ) ;
#54 = PLANE ( 'NONE',  #3805 ) ;
#55 = EDGE_CURVE ( 'NONE', #5812, #3649, #552, .T. ) ;
#56 = CARTESIAN_POINT ( 'NONE',  ( 0.7597472196908875400, 1.000000000000000200, -0.8899044519722574300 ) ) ;
#57 = CARTESIAN_POINT ( 'NONE',  ( 0.6092226478759248400, 1.000000000000000200, -0.8400363084958136800 ) ) ;
#58 = CARTESIAN_POINT ( 'NONE',  ( 0.8599183846304743200, 0.9999606299212597800, -0.8474938979335641100 ) ) ;
#59 = CARTESIAN_POINT ( 'NONE',  ( 0.6535427835380448500, 0.9999999999999998900, -0.8643097714588337000 ) ) ;
#60 = CARTESIAN_POINT ( 'NONE',  ( 0.8685452612300059700, 1.000000000000000200, -0.8311332804071255300 ) ) ;
#61 = ORIENTED_EDGE ( 'NONE', *, *, #1513, .T. ) ;
#62 = ORIENTED_EDGE ( 'NONE', *, *, #398, .F. ) ;
#63 = PLANE ( 'NONE',  #3550 ) ;
#64 = EDGE_LOOP ( 'NONE', ( #6347, #3706, #4989, #5272 ) ) ;
#65 = ADVANCED_FACE ( 'NONE', ( #4344 ), #1386, .F. ) ;
#66 = CARTESIAN_POINT ( 'NONE',  ( 0.8912304158936590300, 0.9999606299212597800, -0.8087999735381648000 ) ) ;
#67 = CARTESIAN_POINT ( 'NONE',  ( 0.7534242204327759000, 0.9999999999999995600, -0.8113555979265063600 ) ) ;
#68 = DIRECTION ( 'NONE',  ( 0.4832823832550038300, 0.0000000000000000000, 0.8754645270000170900 ) ) ;
#69 = CARTESIAN_POINT ( 'NONE',  ( 0.8983486403996776600, 1.000000000000000000, -0.8535467278154541500 ) ) ;
#70 = CALENDAR_DATE ( 2018, 15, 3 ) ;
#71 = CARTESIAN_POINT ( 'NONE',  ( 0.6866097168424030200, 0.9999606299212601100, -0.7962291178442932900 ) ) ;
#72 = ORIENTED_EDGE ( 'NONE', *, *, #1568, .F. ) ;
#73 = CARTESIAN_POINT ( 'NONE',  ( 0.6004567160295150000, 0.9999606299212601100, -0.8426749160338190500 ) ) ;
#74 = DIRECTION ( 'NONE',  ( -0.0000000000000000000, 1.000000000000000000, -0.0000000000000000000 ) ) ;
#75 = LINE ( 'NONE', #2103, #3854 ) ;
#76 = CARTESIAN_POINT ( 'NONE',  ( 0.5970916554227045900, 0.9999999999999998900, -0.8547655263470708100 ) ) ;
#77 = ORIENTED_EDGE ( 'NONE', *, *, #2593, .T. ) ;
#78 = LINE ( 'NONE', #1732, #1376 ) ;
#79 = CARTESIAN_POINT ( 'NONE',  ( 0.6922184048952358900, 0.9999606299212597800, -0.8665610243742848400 ) ) ;
#80 = ORIENTED_EDGE ( 'NONE', *, *, #6113, .F. ) ;
#81 = CARTESIAN_POINT ( 'NONE',  ( 0.6528229858611448400, 0.9999606299212597800, -0.8701312342242492100 ) ) ;
#82 = CARTESIAN_POINT ( 'NONE',  ( 0.6810512431395697700, 0.9999606299212597800, -0.8067878793116768400 ) ) ;
#83 = CARTESIAN_POINT ( 'NONE',  ( 0.8537150766313622600, 0.9999606299212595600, -0.8378583967586800100 ) ) ;
#84 = LINE ( 'NONE', #2074, #1529 ) ;
#85 = CARTESIAN_POINT ( 'NONE',  ( 0.7696960623289479400, 0.9999606299212597800, -0.8461656876451773000 ) ) ;
#86 = FACE_OUTER_BOUND ( 'NONE', #3760, .T. ) ;
#87 = CARTESIAN_POINT ( 'NONE',  ( 0.8697035869981756300, 0.9999606299212598900, -0.7943522404540284100 ) ) ;
#88 = B_SPLINE_CURVE_WITH_KNOTS ( 'NONE', 3,
 ( #4220, #771, #6256, #3243, #322, #3757, #814, #4265, #1290, #4768, #1798, #5259, #2291, #5779, #2781, #6274, #3267, #345, #3777 ),
 .UNSPECIFIED., .F., .F.,
 ( 4, 1, 1, 1, 1, 1, 1, 1, 1, 1, 1, 1, 1, 1, 1, 1, 4 ),
 ( 0.0000000000000000000, 0.07657281352907691100, 0.1493228985313962400, 0.2172186749416063200, 0.2820872493082846000, 0.3432655771108262800, 0.4022310899227234400, 0.4584773865507844600, 0.5141512058041767300, 0.5690726415643321300, 0.6243527363272800600, 0.6811913672928025000, 0.7394041584491256600, 0.7998297883091689500, 0.8628307336450742300, 0.9296455439554858200, 1.000000000000000000 ),
 .UNSPECIFIED. ) ;
#89 = CARTESIAN_POINT ( 'NONE',  ( 0.7589485398321320600, 0.9999606299212512300, -0.8351620933605694600 ) ) ;
#90 = ORIENTED_EDGE ( 'NONE', *, *, #3087, .F. ) ;
#91 = VECTOR ( 'NONE', #2486, 39.37007874015748900 ) ;
#92 = CARTESIAN_POINT ( 'NONE',  ( 0.8820218433011430800, 0.9999606299212597800, -0.8461471219088880800 ) ) ;
#93 = CARTESIAN_POINT ( 'NONE',  ( 0.6540264959238936100, 0.9999606299212596700, -0.7994536813393348100 ) ) ;
#94 = LINE ( 'NONE', #5953, #5196 ) ;
#95 = DIRECTION ( 'NONE',  ( -0.0000000000000000000, 1.000000000000000000, -0.0000000000000000000 ) ) ;
#96 = CARTESIAN_POINT ( 'NONE',  ( 0.6122624111698963300, 0.9999606299212598900, -0.8767169941165179300 ) ) ;
#97 = EDGE_CURVE ( 'NONE', #3262, #2804, #1999, .T. ) ;
#98 = DIRECTION ( 'NONE',  ( 1.000000000000000000, 0.0000000000000000000, 0.0000000000000000000 ) ) ;
#99 = EDGE_CURVE ( 'NONE', #3015, #5004, #412, .T. ) ;
#100 = VERTEX_POINT ( 'NONE', #3877 ) ;
#101 = FACE_OUTER_BOUND ( 'NONE', #600, .T. ) ;
#102 = CARTESIAN_POINT ( 'NONE',  ( 0.6042353023857660600, 0.9999606299212597800, -0.8557067656924960400 ) ) ;
#103 = ADVANCED_FACE ( 'NONE', ( #1534 ), #4377, .T. ) ;
#104 = DIRECTION ( 'NONE',  ( 1.000000000000000000, 0.0000000000000000000, -2.220446049250312600E-016 ) ) ;
#105 = AXIS2_PLACEMENT_3D ( 'NONE', #2163, #5643, #2648 ) ;
#106 = CARTESIAN_POINT ( 'NONE',  ( 0.6897561912056050500, 0.9999606299212597800, -0.8479302741227458000 ) ) ;
#107 = CARTESIAN_POINT ( 'NONE',  ( 0.6886126918660302500, 0.9999606299212596700, -0.8786832086940021800 ) ) ;
#108 = VERTEX_POINT ( 'NONE', #2380 ) ;
#109 = FACE_OUTER_BOUND ( 'NONE', #3656, .T. ) ;
#110 = CARTESIAN_POINT ( 'NONE',  ( 0.6948292777281017700, 0.9999606299212597800, -0.8228423537954222500 ) ) ;
#111 = CARTESIAN_POINT ( 'NONE',  ( 0.8455136633593106600, 1.000000000000000200, -0.8535283343114756800 ) ) ;
#112 = B_SPLINE_CURVE_WITH_KNOTS ( 'NONE', 3,
 ( #4501, #2028, #6008, #3009, #82, #3513, #577, #4024, #1057, #4520, #1549, #5023, #2043, #5528, #2544, #6028, #3031, #110, #3532 ),
 .UNSPECIFIED., .F., .F.,
 ( 4, 1, 1, 1, 1, 1, 1, 1, 1, 1, 1, 1, 1, 1, 1, 1, 4 ),
 ( 0.0000000000000000000, 0.07812529689189649800, 0.1518301493922380500, 0.2221520613979048900, 0.2890233266244089400, 0.3525976224640657300, 0.4148420026739771900, 0.4749348900295514200, 0.5348433958080153200, 0.5934135167521027400, 0.6507869454438953700, 0.7072859995271791900, 0.7634577572775843600, 0.8197238077213179200, 0.8778515259498449500, 0.9374785251711056400, 1.000000000000000000 ),
 .UNSPECIFIED. ) ;
#113 = AXIS2_PLACEMENT_3D ( 'NONE', #2273, #2756, #6261 ) ;
#114 = CARTESIAN_POINT ( 'NONE',  ( 0.6501966245922055100, 0.9999606299212597800, -0.8297919666091332400 ) ) ;
#115 = CARTESIAN_POINT ( 'NONE',  ( 0.5451755236128935600, 0.9999606299212597800, -0.1495303742652018300 ) ) ;
#116 = ORIENTED_EDGE ( 'NONE', *, *, #4901, .T. ) ;
#117 = VERTEX_POINT ( 'NONE', #5885 ) ;
#118 = CARTESIAN_POINT ( 'NONE',  ( 0.6948447661641751200, 0.9999606299212597800, -0.8234722848057477500 ) ) ;
#119 = CARTESIAN_POINT ( 'NONE',  ( 0.8719189673434483100, 0.9999999999999996700, -0.8875719145257998700 ) ) ;
#120 = CARTESIAN_POINT ( 'NONE',  ( 0.6044356463037270400, 0.9999999999999998900, -0.8839356025869652400 ) ) ;
#121 = VERTEX_POINT ( 'NONE', #2890 ) ;
#122 = CARTESIAN_POINT ( 'NONE',  ( 0.8804112493267007800, 0.9999606299212598900, -0.8345045191145897800 ) ) ;
#123 = CARTESIAN_POINT ( 'NONE',  ( 0.8812177739919306900, 0.9999606299212595600, -0.8951932128304741500 ) ) ;
#124 = DIRECTION ( 'NONE',  ( -0.8754645270000246400, -0.0000000000000000000, -0.4832823832549900700 ) ) ;
#125 = ORIENTED_EDGE ( 'NONE', *, *, #3723, .T. ) ;
#126 = DIRECTION ( 'NONE',  ( 1.000000000000000000, -0.0000000000000000000, -0.0000000000000000000 ) ) ;
#127 = CARTESIAN_POINT ( 'NONE',  ( 0.6801603869142643900, 1.000000000000000400, -0.8850809607755991700 ) ) ;
#128 = CARTESIAN_POINT ( 'NONE',  ( 0.6801603869142643900, 0.9999606299212602200, -0.8850809607755991700 ) ) ;
#129 = CARTESIAN_POINT ( 'NONE',  ( 0.3331548727153805800, 1.000000000000000000, -0.5027976604412003300 ) ) ;
#130 = CARTESIAN_POINT ( 'NONE',  ( 0.5961920709996391100, 0.9999606299212597800, -0.8967641789670877100 ) ) ;
#131 = B_SPLINE_CURVE_WITH_KNOTS ( 'NONE', 3,
 ( #3918, #484, #3411, #4425, #1448, #4923, #1956, #5424, #2448, #5938, #2938, #7, #3432, #504, #3942, #984, #4446, #1471, #4944 ),
 .UNSPECIFIED., .F., .F.,
 ( 4, 1, 1, 1, 1, 1, 1, 1, 1, 1, 1, 1, 1, 1, 1, 1, 4 ),
 ( 0.0000000000000000000, 0.05441990084519050100, 0.1060523162565186300, 0.1549730787461437700, 0.2012838652153516000, 0.2452075788106317400, 0.2863483776397995900, 0.3259675705682540900, 0.3636675859428596400, 0.4367582574700974400, 0.5112362885366319400, 0.5876989460161559100, 0.6682289134090632100, 0.7504893743805776100, 0.8322579304600490300, 0.9146071290589894400, 1.000000000000000000 ),
 .UNSPECIFIED. ) ;
#132 = CARTESIAN_POINT ( 'NONE',  ( 0.8788083428952134800, 1.000000000000000400, -0.8080286842144124300 ) ) ;
#133 = CARTESIAN_POINT ( 'NONE',  ( 0.6637742366086790700, 0.9999606299212593400, -0.8851645420583162900 ) ) ;
#134 = ADVANCED_FACE ( 'NONE', ( #254 ), #1406, .F. ) ;
#135 = CARTESIAN_POINT ( 'NONE',  ( 0.8550528035694782100, 1.000000000000000000, -0.8633191096829375700 ) ) ;
#136 = CARTESIAN_POINT ( 'NONE',  ( 0.2838299188446100100, 1.000000000000000000, -0.5451302592941684700 ) ) ;
#137 = CARTESIAN_POINT ( 'NONE',  ( 0.6232649003234568300, 0.9999606299212595600, -0.8648312709689696100 ) ) ;
#138 = CARTESIAN_POINT ( 'NONE',  ( 0.7186909749983064800, 0.9999999999999996700, -0.8172155239577227900 ) ) ;
#139 = EDGE_CURVE ( 'NONE', #5768, #286, #1699, .T. ) ;
#140 = ORIENTED_EDGE ( 'NONE', *, *, #3547, .F. ) ;
#141 = CARTESIAN_POINT ( 'NONE',  ( 0.7295429712874305100, 0.9999606299212598900, -0.7988487150862362300 ) ) ;
#142 = CARTESIAN_POINT ( 'NONE',  ( 0.5932853628322980500, 0.9999606299212595600, -0.8849421752731047000 ) ) ;
#143 = CARTESIAN_POINT ( 'NONE',  ( 0.6265593731717509200, 1.000000000000000000, -0.8253394635203844500 ) ) ;
#144 = CARTESIAN_POINT ( 'NONE',  ( 0.8970065035405315700, 0.9999606299212597800, -0.8690280415168176700 ) ) ;
#145 = EDGE_CURVE ( 'NONE', #5561, #3631, #6363, .T. ) ;
#146 = EDGE_CURVE ( 'NONE', #1564, #2285, #295, .T. ) ;
#147 = CARTESIAN_POINT ( 'NONE',  ( 0.7295429712874305100, 0.9999606299212598900, -0.7988487150862362300 ) ) ;
#148 = CARTESIAN_POINT ( 'NONE',  ( 0.5938940048893172100, 1.000000000000000000, -0.8547423986640573200 ) ) ;
#149 = CARTESIAN_POINT ( 'NONE',  ( 0.7585778352028377200, 0.9999606299212601100, -0.8622607403998493500 ) ) ;
#150 = CARTESIAN_POINT ( 'NONE',  ( 0.6437780563467289100, 1.000000000000000200, -0.8609701526192689000 ) ) ;
#151 = CARTESIAN_POINT ( 'NONE',  ( 0.8853414686424325700, 0.9999606299212601100, -0.8186120472938394100 ) ) ;
#152 = CARTESIAN_POINT ( 'NONE',  ( 0.6555595264972052800, 0.9999999999999996700, -0.8793727278892368200 ) ) ;
#153 = ORIENTED_EDGE ( 'NONE', *, *, #437, .F. ) ;
#154 = CARTESIAN_POINT ( 'NONE',  ( 0.8569233365942267000, 0.9999606299212598900, -0.8524886235762768600 ) ) ;
#155 = CARTESIAN_POINT ( 'NONE',  ( 0.8614607148815626200, 0.9999606299212598900, -0.8824926620421138500 ) ) ;
#156 = LINE ( 'NONE', #6146, #1291 ) ;
#157 = CARTESIAN_POINT ( 'NONE',  ( 0.6135133868226986300, 1.000000000000000200, -0.8507253737139211000 ) ) ;
#158 = DIRECTION ( 'NONE',  ( 1.000000000000000000, 0.0000000000000000000, 0.0000000000000000000 ) ) ;
#159 = CARTESIAN_POINT ( 'NONE',  ( 0.7186909749983064800, 0.9999999999999996700, -0.8172155239577227900 ) ) ;
#160 = CARTESIAN_POINT ( 'NONE',  ( 0.5648398833516751200, 0.9999606299212597800, -0.7956492701129210800 ) ) ;
#161 = LINE ( 'NONE', #3293, #1447 ) ;
#162 = FACE_OUTER_BOUND ( 'NONE', #3585, .T. ) ;
#163 = CARTESIAN_POINT ( 'NONE',  ( 0.6735055808540425500, 1.000000000000000000, -0.7943360894784513600 ) ) ;
#164 = CARTESIAN_POINT ( 'NONE',  ( 0.6238317253057394900, 0.9999606299212601100, -0.8680307886681253300 ) ) ;
#165 = ADVANCED_FACE ( 'NONE', ( #4018 ), #516, .T. ) ;
#166 = CARTESIAN_POINT ( 'NONE',  ( 0.7534422746470170700, 0.9999999999999995600, -0.8954610186341931400 ) ) ;
#167 = ORIENTED_EDGE ( 'NONE', *, *, #2680, .T. ) ;
#168 = VERTEX_POINT ( 'NONE', #944 ) ;
#169 = LINE ( 'NONE', #5075, #5262 ) ;
#170 = ORIENTED_EDGE ( 'NONE', *, *, #2680, .F. ) ;
#171 = CARTESIAN_POINT ( 'NONE',  ( 0.7591719235172166300, 1.000000000000000200, -0.8481766129728355300 ) ) ;
#172 = VECTOR ( 'NONE', #98, 39.37007874015748100 ) ;
#173 = CARTESIAN_POINT ( 'NONE',  ( 0.8978595683093155700, 0.9999606299212598900, -0.8347936297603609800 ) ) ;
#174 = CARTESIAN_POINT ( 'NONE',  ( 0.6522866879129681800, 0.9999606299212602200, -0.8921836204934608900 ) ) ;
#175 = CARTESIAN_POINT ( 'NONE',  ( 0.7533536936136880900, 1.000000000000000200, -0.8811423944764589200 ) ) ;
#176 = CARTESIAN_POINT ( 'NONE',  ( 0.6082231859610588400, 0.9999606299212596700, -0.8951721702432013900 ) ) ;
#177 = CARTESIAN_POINT ( 'NONE',  ( 0.8889082418019000900, 1.000000000000000000, -0.8414669631874652800 ) ) ;
#178 = VERTEX_POINT ( 'NONE', #1983 ) ;
#179 = CARTESIAN_POINT ( 'NONE',  ( 0.6528229858611448400, 0.9999606299212597800, -0.8701312342242492100 ) ) ;
#180 = VECTOR ( 'NONE', #3389, 39.37007874015748900 ) ;
#181 = CARTESIAN_POINT ( 'NONE',  ( 0.8638836846786502900, 1.000000000000000200, -0.8438964057220322800 ) ) ;
#182 = CARTESIAN_POINT ( 'NONE',  ( 0.7591906172531902600, 0.9999606299212597800, -0.8462067245400044500 ) ) ;
#183 = CARTESIAN_POINT ( 'NONE',  ( 0.7174856067285695400, 0.9999606299212596700, -0.8685432678406864700 ) ) ;
#184 = CARTESIAN_POINT ( 'NONE',  ( 0.6584252959093148700, 0.9999606299212601100, -0.8580305351426399400 ) ) ;
#185 = CARTESIAN_POINT ( 'NONE',  ( 0.8713771775570899900, 1.000000000000000200, -0.8875523819003108300 ) ) ;
#186 = FACE_OUTER_BOUND ( 'NONE', #5380, .T. ) ;
#187 = CARTESIAN_POINT ( 'NONE',  ( 0.9921259842519686300, 1.000000000000000000, -1.000000000000000200 ) ) ;
#188 = EDGE_CURVE ( 'NONE', #3102, #2450, #5497, .T. ) ;
#189 = CARTESIAN_POINT ( 'NONE',  ( 0.6469537816275136000, 1.000000000000000400, -0.8058925502633530500 ) ) ;
#190 = EDGE_CURVE ( 'NONE', #1815, #656, #1390, .T. ) ;
#191 = CARTESIAN_POINT ( 'NONE',  ( 0.7693094631978961700, 0.9999606299212592300, -0.8343382170657771500 ) ) ;
#192 = EDGE_LOOP ( 'NONE', ( #1417, #116, #1536, #4201 ) ) ;
#193 = VERTEX_POINT ( 'NONE', #41 ) ;
#194 = CARTESIAN_POINT ( 'NONE',  ( 0.6735055808540425500, 0.9999606299212597800, -0.7943360894784513600 ) ) ;
#195 = CC_DESIGN_PERSON_AND_ORGANIZATION_ASSIGNMENT ( #1059, #3821, ( #5619 ) ) ;
#196 = VERTEX_POINT ( 'NONE', #529 ) ;
#197 = CARTESIAN_POINT ( 'NONE',  ( 0.7520742415974524000, 0.9999999999999998900, -0.8828687044280746400 ) ) ;
#198 = CARTESIAN_POINT ( 'NONE',  ( 0.8934958052518819900, 0.9999999999999998900, -0.8138285235835331900 ) ) ;
#199 = CARTESIAN_POINT ( 'NONE',  ( 0.5950163050540634400, 0.9999606299210462800, -0.8547505159370942800 ) ) ;
#200 = CARTESIAN_POINT ( 'NONE',  ( 0.7430104568230788700, 0.9999606299212597800, -0.8875498890071277200 ) ) ;
#201 = ORIENTED_EDGE ( 'NONE', *, *, #2191, .F. ) ;
#202 = CARTESIAN_POINT ( 'NONE',  ( 0.6928962971408474400, 0.9999606299212596700, -0.8313556344271214600 ) ) ;
#203 = PLANE ( 'NONE',  #2143 ) ;
#204 = CARTESIAN_POINT ( 'NONE',  ( 0.6720077341928506500, 0.9999606299212597800, -0.8862587338913301400 ) ) ;
#205 = CARTESIAN_POINT ( 'NONE',  ( 0.6871688281943105800, 1.000000000000000000, -0.8367159899849823100 ) ) ;
#206 = CARTESIAN_POINT ( 'NONE',  ( 0.7428374146645597700, 0.9999606299212597800, -0.8980773596015574300 ) ) ;
#207 = CARTESIAN_POINT ( 'NONE',  ( 0.6711711597500239500, 1.000000000000000200, -0.8533939291966209400 ) ) ;
#208 = CARTESIAN_POINT ( 'NONE',  ( 0.8579007712699825400, 1.000000000000000200, -0.8773694395650764000 ) ) ;
#209 = CARTESIAN_POINT ( 'NONE',  ( 0.7174856067285695400, 0.9999999999999998900, -0.8685432678406864700 ) ) ;
#210 = CARTESIAN_POINT ( 'NONE',  ( 0.8071331229932925400, 1.000000000000000000, -0.8750106339074103000 ) ) ;
#211 = CARTESIAN_POINT ( 'NONE',  ( 0.7459157940779934700, 0.9999606299212597800, -0.7944455454545320500 ) ) ;
#212 = CARTESIAN_POINT ( 'NONE',  ( 0.6147938318202858000, 0.9999606299212598900, -0.8330073876172388000 ) ) ;
#213 = B_SPLINE_CURVE_WITH_KNOTS ( 'NONE', 3,
 ( #972, #4929, #2453, #5942, #2941, #12, #3437, #508, #3949, #988, #4450, #1477, #4952, #1974, #5453, #2477, #5962, #2957, #33 ),
 .UNSPECIFIED., .F., .F.,
 ( 4, 1, 1, 1, 1, 1, 1, 1, 1, 1, 1, 1, 1, 1, 1, 1, 4 ),
 ( 0.0000000000000000000, 0.06961345028914978100, 0.1341558467413847800, 0.1941216639751323400, 0.2492702399547629700, 0.3003975238168690700, 0.3464602541181238700, 0.3882517207597306300, 0.4259028191906366600, 0.4961060560373066800, 0.5655345875935798800, 0.6348462500707495700, 0.7047585289073886600, 0.7756659742820917200, 0.8477253815784785400, 0.9224175839219318500, 1.000000000000000000 ),
 .UNSPECIFIED. ) ;
#214 = DIRECTION ( 'NONE',  ( -2.480795431559006800E-016, 0.0000000000000000000, 1.000000000000000000 ) ) ;
#215 = CARTESIAN_POINT ( 'NONE',  ( 0.8839596362954190700, 0.9999606299212597800, -0.7996609799923789500 ) ) ;
#216 = CARTESIAN_POINT ( 'NONE',  ( 0.4936393814528367600, 1.000000000000000000, -0.3332054203944309100 ) ) ;
#217 = CARTESIAN_POINT ( 'NONE',  ( 0.6265593731717509200, 1.000000000000000000, -0.8253394635203844500 ) ) ;
#218 = CARTESIAN_POINT ( 'NONE',  ( 0.6540264959238936100, 0.9999606299212596700, -0.7994536813393348100 ) ) ;
#219 = CARTESIAN_POINT ( 'NONE',  ( 0.6842161017052411600, 0.9999999999999998900, -0.8380465580314079300 ) ) ;
#220 = CARTESIAN_POINT ( 'NONE',  ( 0.8599122113262484000, 0.9999999999999998900, -0.8332894872590538300 ) ) ;
#221 = VERTEX_POINT ( 'NONE', #3468 ) ;
#222 = CARTESIAN_POINT ( 'NONE',  ( 0.6577106148514552100, 1.000000000000000000, -0.8817945838018067500 ) ) ;
#223 = CARTESIAN_POINT ( 'NONE',  ( 1.219805113362545800E-014, 0.007874015748019522900, -0.9944322300693975200 ) ) ;
#224 = EDGE_CURVE ( 'NONE', #2046, #1787, #2006, .T. ) ;
#225 = CARTESIAN_POINT ( 'NONE',  ( 0.8626894494160729500, 0.9999606299212597800, -0.8069971604516439400 ) ) ;
#226 = DIRECTION ( 'NONE',  ( -0.7071067811865129300, 0.0000000000000000000, 0.7071067811865819900 ) ) ;
#227 = EDGE_CURVE ( 'NONE', #1127, #4506, #2538, .T. ) ;
#228 = CARTESIAN_POINT ( 'NONE',  ( 0.8717137828693124500, 1.000000000000000000, -0.8416105923193604200 ) ) ;
#229 = VERTEX_POINT ( 'NONE', #81 ) ;
#230 = CARTESIAN_POINT ( 'NONE',  ( 0.7428374146645597700, 1.000000000000000000, -0.8980773596015574300 ) ) ;
#231 = CARTESIAN_POINT ( 'NONE',  ( 0.6081430149964995900, 0.9999999999999996700, -0.8575622992191936900 ) ) ;
#232 = CARTESIAN_POINT ( 'NONE',  ( 1.000000000000000000, 1.000000000000000000, -2.603493823086943800E-017 ) ) ;
#233 = ORIENTED_EDGE ( 'NONE', *, *, #3005, .F. ) ;
#234 = DATE_AND_TIME ( #1514, #2832 ) ;
#235 = CARTESIAN_POINT ( 'NONE',  ( 0.6061916420981863200, 0.9999606299212597800, -0.8415119791263441200 ) ) ;
#236 = CARTESIAN_POINT ( 'NONE',  ( 0.6136870596885203300, 0.9999606299212601100, -0.8496617190287381000 ) ) ;
#237 = CARTESIAN_POINT ( 'NONE',  ( 0.8730507893161333400, 1.000000000000000200, -0.7946305174490138100 ) ) ;
#238 = CARTESIAN_POINT ( 'NONE',  ( 0.6209418533055242100, 0.9999606299212593400, -0.8057789127052834600 ) ) ;
#239 = CARTESIAN_POINT ( 'NONE',  ( 0.6421824666348899800, 0.9999999999999995600, -0.8143837600194534500 ) ) ;
#240 = VECTOR ( 'NONE', #2012, 39.37007874015748100 ) ;
#241 = EDGE_LOOP ( 'NONE', ( #6362, #4180, #5390, #5425, #4519, #5636 ) ) ;
#242 = CARTESIAN_POINT ( 'NONE',  ( 0.6695865573980470700, 0.9999606299212597800, -0.8425954777952127100 ) ) ;
#243 = LINE ( 'NONE', #3200, #6359 ) ;
#244 = CARTESIAN_POINT ( 'NONE',  ( 0.8445473584937205300, 1.000000000000000000, -0.8640782922372404200 ) ) ;
#245 = ORIENTED_EDGE ( 'NONE', *, *, #481, .T. ) ;
#246 = CARTESIAN_POINT ( 'NONE',  ( 0.6697787916787173400, 0.9999606299212601100, -0.8862396426651335500 ) ) ;
#247 = CARTESIAN_POINT ( 'NONE',  ( 0.7032373149086510500, 1.000000000000000200, -0.8351824492224735300 ) ) ;
#248 = LINE ( 'NONE', #4458, #4010 ) ;
#249 = DIRECTION ( 'NONE',  ( 0.0000000000000000000, -1.000000000000000000, 0.0000000000000000000 ) ) ;
#250 = CARTESIAN_POINT ( 'NONE',  ( 0.8445711133999717100, 0.9999606299212597800, -0.8653581919838978500 ) ) ;
#251 = VECTOR ( 'NONE', #2972, 39.37007874015748100 ) ;
#252 = CARTESIAN_POINT ( 'NONE',  ( 0.6804707669678787800, 0.9999606299212598900, -0.8393956422531565500 ) ) ;
#253 = CARTESIAN_POINT ( 'NONE',  ( 0.6936285396946487700, 1.000000000000000200, -0.7998502538064762300 ) ) ;
#254 = FACE_OUTER_BOUND ( 'NONE', #1884, .T. ) ;
#255 = CARTESIAN_POINT ( 'NONE',  ( 0.6134275668270540200, 0.9999606299212598900, -0.8696798283811503200 ) ) ;
#256 = EDGE_LOOP ( 'NONE', ( #5573, #2350, #170, #2333 ) ) ;
#257 = VECTOR ( 'NONE', #5462, 39.37007874015748100 ) ;
#258 = CARTESIAN_POINT ( 'NONE',  ( 0.7677428638808744300, 0.9999606299212596700, -0.8705319688606599800 ) ) ;
#259 = PLANE ( 'NONE',  #1283 ) ;
#260 = CARTESIAN_POINT ( 'NONE',  ( 0.6257390876532752400, 1.000000000000000200, -0.8338959204709851500 ) ) ;
#261 = CARTESIAN_POINT ( 'NONE',  ( 0.7263611013914480500, 1.000000000000050200, -0.8462067245400045600 ) ) ;
#262 = FACE_OUTER_BOUND ( 'NONE', #4321, .T. ) ;
#263 = CARTESIAN_POINT ( 'NONE',  ( 0.6076325183217783400, 0.9999999999999998900, -0.7968804411740664200 ) ) ;
#264 = PLANE ( 'NONE',  #5563 ) ;
#265 = CARTESIAN_POINT ( 'NONE',  ( 0.8845976315694535900, 0.9999606299212601100, -0.8166282901777297500 ) ) ;
#266 = CARTESIAN_POINT ( 'NONE',  ( 0.6530978526151027800, 0.9999606299212602200, -0.8735267419030114900 ) ) ;
#267 = ORIENTED_EDGE ( 'NONE', *, *, #3379, .T. ) ;
#268 = LINE ( 'NONE', #3034, #5362 ) ;
#269 = DIRECTION ( 'NONE',  ( 0.7588454441657023200, -0.0000000000000000000, -0.6512707515841301700 ) ) ;
#270 = CARTESIAN_POINT ( 'NONE',  ( 0.8645425216272938400, 0.9999606299212597800, -0.7947168736345842100 ) ) ;
#271 = CARTESIAN_POINT ( 'NONE',  ( 0.8794872145634480300, 1.000000000000000200, -0.8960848091377628900 ) ) ;
#272 = CARTESIAN_POINT ( 'NONE',  ( 0.5753453284274326900, 0.9999606299212597800, -0.8849455532568604200 ) ) ;
#273 = ORIENTED_EDGE ( 'NONE', *, *, #919, .T. ) ;
#274 = EDGE_CURVE ( 'NONE', #6084, #221, #2855, .T. ) ;
#275 = EDGE_LOOP ( 'NONE', ( #5432, #1100, #80, #4579 ) ) ;
#276 = CARTESIAN_POINT ( 'NONE',  ( 0.7534242204327759000, 0.9999606299212593400, -0.8113555979265063600 ) ) ;
#277 = CARTESIAN_POINT ( 'NONE',  ( 0.8551034957828951300, 0.9999999999999995600, -0.8609344281511247500 ) ) ;
#278 = EDGE_CURVE ( 'NONE', #1149, #3027, #5193, .T. ) ;
#279 = CARTESIAN_POINT ( 'NONE',  ( 0.8503389295132159900, 1.000000000000000000, -0.4547735756867370400 ) ) ;
#280 = VERTEX_POINT ( 'NONE', #5022 ) ;
#281 = CARTESIAN_POINT ( 'NONE',  ( 0.6087783734728206000, 1.000000000000000200, -0.8816971728274015700 ) ) ;
#282 = CARTESIAN_POINT ( 'NONE',  ( 0.7281150979943824500, 0.9999606299212507900, -0.8219231198746158600 ) ) ;
#283 = CARTESIAN_POINT ( 'NONE',  ( 0.7263794196620745300, 0.9999606299212596700, -0.8442368126428543300 ) ) ;
#284 = CARTESIAN_POINT ( 'NONE',  ( 0.6501966245922055100, 0.9999606299212597800, -0.8297919666091332400 ) ) ;
#285 = DIRECTION ( 'NONE',  ( -0.0000000000000000000, 1.000000000000000000, -0.0000000000000000000 ) ) ;
#286 = VERTEX_POINT ( 'NONE', #5527 ) ;
#287 = DIRECTION ( 'NONE',  ( -0.0000000000000000000, -0.0000000000000000000, -1.000000000000000000 ) ) ;
#288 = ORIENTED_EDGE ( 'NONE', *, *, #307, .F. ) ;
#289 = CARTESIAN_POINT ( 'NONE',  ( 0.7476315205446143500, 0.9999606299212597800, -0.8864379219105134000 ) ) ;
#290 = CARTESIAN_POINT ( 'NONE',  ( 0.8533274649460909100, 1.000000000000000000, -0.8007243320446779700 ) ) ;
#291 = CARTESIAN_POINT ( 'NONE',  ( 0.8904722772806256100, 0.9999606299212601100, -0.8866110433312556200 ) ) ;
#292 = CARTESIAN_POINT ( 'NONE',  ( 0.8861009861553501600, 1.000000000000000200, -0.8527001551913598900 ) ) ;
#293 = CARTESIAN_POINT ( 'NONE',  ( 0.6049368624862077000, 1.000000000000000000, -0.8559566737070764000 ) ) ;
#294 = B_SPLINE_CURVE_WITH_KNOTS ( 'NONE', 3,
 ( #5063, #171, #1138, #4613, #1639, #5109, #2131, #5620, #2622, #6123, #3114, #197, #3622, #680, #4130, #1164, #4631, #1660, #5131 ),
 .UNSPECIFIED., .F., .F.,
 ( 4, 1, 1, 1, 1, 1, 1, 1, 1, 1, 1, 1, 1, 1, 1, 1, 4 ),
 ( 0.0000000000000000000, 0.1203858358472038900, 0.2308080084307338700, 0.3305680237435678600, 0.4206210405981459800, 0.5003288236263591100, 0.5707867949311863400, 0.6321153927949231300, 0.6846612245386669600, 0.7314024648940558000, 0.7749552507012208400, 0.8157449697615287700, 0.8538005445631563500, 0.8907166739697773800, 0.9267297321267945500, 0.9631335924975827900, 1.000000000000000000 ),
 .UNSPECIFIED. ) ;
#295 = B_SPLINE_CURVE_WITH_KNOTS ( 'NONE', 3,
 ( #980, #499, #4393, #4441, #1464, #4937, #1967, #5439, #2462, #5952, #2947 ),
 .UNSPECIFIED., .F., .F.,
 ( 4, 1, 1, 1, 1, 1, 1, 1, 4 ),
 ( 0.0000000000000000000, 0.1134955418346444300, 0.2259989297760186500, 0.3392690985223862400, 0.4584033987388569400, 0.5828288938708738900, 0.7128865688815805300, 0.8512114562531183400, 0.9999999999999998900 ),
 .UNSPECIFIED. ) ;
#296 = CARTESIAN_POINT ( 'NONE',  ( 0.8684124243103299400, 0.9999999999999998900, -0.8419570844271963000 ) ) ;
#297 = CARTESIAN_POINT ( 'NONE',  ( 0.7004193562225714500, 1.000000000000000000, -0.8803719249082165900 ) ) ;
#298 = ORIENTED_EDGE ( 'NONE', *, *, #1071, .F. ) ;
#299 = CARTESIAN_POINT ( 'NONE',  ( 0.8503389295132159900, 0.9999606299212597800, -0.4547735756867370400 ) ) ;
#300 = CARTESIAN_POINT ( 'NONE',  ( 0.8463431034029369500, 0.9999606299212595600, -0.8504038714374349000 ) ) ;
#301 = CARTESIAN_POINT ( 'NONE',  ( 0.7348501238160573000, 1.000000000000050400, -0.8080975995124571900 ) ) ;
#302 = EDGE_LOOP ( 'NONE', ( #4767, #4971, #553, #5229 ) ) ;
#303 = CARTESIAN_POINT ( 'NONE',  ( 0.7334937792190374700, 0.9999606299212597800, -0.8095723855014053100 ) ) ;
#304 = CARTESIAN_POINT ( 'NONE',  ( 0.6554922597164457600, 1.000000000000000200, -0.8143243265443435000 ) ) ;
#305 = CARTESIAN_POINT ( 'NONE',  ( 0.8962286454143275600, 1.000000000000000400, -0.8230337414079320600 ) ) ;
#306 = CARTESIAN_POINT ( 'NONE',  ( 0.8114716212630150900, 0.9999606299212597800, -0.8980773596015574300 ) ) ;
#307 = EDGE_CURVE ( 'NONE', #3899, #4385, #1234, .T. ) ;
#308 = CARTESIAN_POINT ( 'NONE',  ( 0.8462122872620203600, 0.9999606299212596700, -0.8163938992961421400 ) ) ;
#309 = CARTESIAN_POINT ( 'NONE',  ( 0.8964040856304526000, 1.000000000000000200, -0.8722162986731459800 ) ) ;
#310 = ORIENTED_EDGE ( 'NONE', *, *, #4934, .T. ) ;
#311 = EDGE_CURVE ( 'NONE', #3416, #3836, #5472, .T. ) ;
#312 = EDGE_LOOP ( 'NONE', ( #1611, #4763, #2525, #2262, #153, #5129, #3175, #201, #2085, #4059 ) ) ;
#313 = LINE ( 'NONE', #6053, #2752 ) ;
#314 = CARTESIAN_POINT ( 'NONE',  ( 0.6453656425716581800, 1.000000000000000200, -0.8839245814934561000 ) ) ;
#315 = DIRECTION ( 'NONE',  ( 0.0000000000000000000, 0.0000000000000000000, 1.000000000000000000 ) ) ;
#316 = CARTESIAN_POINT ( 'NONE',  ( 0.8099108295429469100, 0.9999999999999996700, -0.8945104409950827000 ) ) ;
#317 = VECTOR ( 'NONE', #6279, 39.37007874015748100 ) ;
#318 = CARTESIAN_POINT ( 'NONE',  ( 0.6071289848640377700, 0.9999999999999998900, -0.8090693083859318300 ) ) ;
#319 = CARTESIAN_POINT ( 'NONE',  ( 0.8584959870609326600, 1.000000000000000000, -0.7968111645895826800 ) ) ;
#320 = VECTOR ( 'NONE', #3878, 39.37007874015748100 ) ;
#321 = CARTESIAN_POINT ( 'NONE',  ( 0.4972358381457523400, 0.9999606299212597800, -0.1002054203944308900 ) ) ;
#322 = CARTESIAN_POINT ( 'NONE',  ( 0.6910450940087514700, 0.9999999999999996700, -0.8733296929540944600 ) ) ;
#323 = CARTESIAN_POINT ( 'NONE',  ( 0.6733048395701986000, 0.9999606299212601100, -0.8061894697341044400 ) ) ;
#324 = ORIENTED_EDGE ( 'NONE', *, *, #914, .T. ) ;
#325 = VECTOR ( 'NONE', #4583, 39.37007874015748900 ) ;
#326 = CARTESIAN_POINT ( 'NONE',  ( 0.6883179918097366300, 0.9999606299212598900, -0.8485528554286383400 ) ) ;
#327 = VECTOR ( 'NONE', #51, 39.37007874015748900 ) ;
#328 = CARTESIAN_POINT ( 'NONE',  ( 0.8787255636175354000, 1.000000000000000200, -0.7964150733112818100 ) ) ;
#329 = B_SPLINE_CURVE_WITH_KNOTS ( 'NONE', 3,
 ( #4300, #3281, #4694, #1328, #4805, #1831, #5295, #2330, #5813, #2816, #6314, #3305, #380, #3816, #869 ),
 .UNSPECIFIED., .F., .F.,
 ( 4, 1, 1, 1, 1, 1, 1, 1, 1, 1, 1, 1, 4 ),
 ( 0.0000000000000000000, 0.1067133849812022900, 0.2023827530813263900, 0.2879881362754695400, 0.3651321209974012800, 0.4381553218526827400, 0.5114419818683988400, 0.5870934926508703000, 0.6659855935524721100, 0.7468394073744428800, 0.8288800136248049000, 0.9125295864996455500, 0.9999999999999998900 ),
 .UNSPECIFIED. ) ;
#330 = CARTESIAN_POINT ( 'NONE',  ( 0.6933710935072319200, 1.000000000000000000, -0.8461818078972461700 ) ) ;
#331 = CARTESIAN_POINT ( 'NONE',  ( 0.3333333333333295400, -0.3254593175853035500, -0.6666666666666706300 ) ) ;
#332 = CARTESIAN_POINT ( 'NONE',  ( 0.5999372609053050800, 0.9999606299212598900, -0.8549611465760207400 ) ) ;
#333 = CARTESIAN_POINT ( 'NONE',  ( 0.8983877645069781000, 0.9999606299212596700, -0.8490793071779068100 ) ) ;
#334 = ORIENTED_EDGE ( 'NONE', *, *, #4364, .T. ) ;
#335 = CARTESIAN_POINT ( 'NONE',  ( 0.8889082418019000900, 1.000000000000000000, -0.8439496953245095900 ) ) ;
#336 = LINE ( 'NONE', #5376, #488 ) ;
#337 = CARTESIAN_POINT ( 'NONE',  ( 0.6595798195451928500, 0.9999606299212596700, -0.8962110845400680400 ) ) ;
#338 = CARTESIAN_POINT ( 'NONE',  ( 0.6160539280959932400, 0.9999606299212597800, -0.8252573897307299300 ) ) ;
#339 = B_SPLINE_CURVE_WITH_KNOTS ( 'NONE', 3,
 ( #4841, #353, #2851, #6349, #3344, #422, #3856 ),
 .UNSPECIFIED., .F., .F.,
 ( 4, 1, 1, 1, 4 ),
 ( 0.0000000000000000000, 0.3127941251982918100, 0.5827301107661253500, 0.8109483712724634400, 1.000000000000000000 ),
 .UNSPECIFIED. ) ;
#340 = CARTESIAN_POINT ( 'NONE',  ( 0.8008880941636029600, 1.000000000000000200, -0.8690254043350716900 ) ) ;
#341 = LINE ( 'NONE', #1076, #2937 ) ;
#342 = CARTESIAN_POINT ( 'NONE',  ( 0.6155187732028281100, 1.000000000000000000, -0.8195224128580127500 ) ) ;
#343 = CARTESIAN_POINT ( 'NONE',  ( 0.005567769930602744400, 0.007874015748019522900, -0.9999999999999877900 ) ) ;
#344 = CARTESIAN_POINT ( 'NONE',  ( 0.5938940048893172100, 0.9999606299210462800, -0.8547423986640573200 ) ) ;
#345 = CARTESIAN_POINT ( 'NONE',  ( 0.6727538656261655700, 1.000000000000000200, -0.8862423786640982700 ) ) ;
#346 = CARTESIAN_POINT ( 'NONE',  ( 0.7162395063377375900, 0.9999606299212595600, -0.8580618078593411600 ) ) ;
#347 = VERTEX_POINT ( 'NONE', #1589 ) ;
#348 = CARTESIAN_POINT ( 'NONE',  ( 0.6529239845504831700, 1.000000000000000000, -0.8671042578919975200 ) ) ;
#349 = ADVANCED_FACE ( 'NONE', ( #1078 ), #5574, .F. ) ;
#350 = EDGE_CURVE ( 'NONE', #6161, #3385, #3543, .T. ) ;
#351 = PLANE ( 'NONE',  #3730 ) ;
#352 = CARTESIAN_POINT ( 'NONE',  ( 0.7053060798483232800, 0.9999606299212596700, -0.8251447492179285700 ) ) ;
#353 = CARTESIAN_POINT ( 'NONE',  ( 0.5972667681985258700, 0.9999999999999998900, -0.8074797705912386500 ) ) ;
#354 = CARTESIAN_POINT ( 'NONE',  ( 0.6043858590742985400, 0.9999606299212598900, -0.8080955610924148700 ) ) ;
#356 = CARTESIAN_POINT ( 'NONE',  ( 0.8463920547458694300, 0.9999606299212601100, -0.8781671911042026000 ) ) ;
#355 = AXIS2_PLACEMENT_3D ( 'NONE', #1267, #1764, #5234 ) ;
#357 = B_SPLINE_CURVE_WITH_KNOTS ( 'NONE', 3,
 ( #3332, #5839, #3840, #893, #4348, #1372, #4848, #1879, #5340, #2370, #5854, #2861, #6355, #3353, #429, #3865, #909, #4369, #1396 ),
 .UNSPECIFIED., .F., .F.,
 ( 4, 1, 1, 1, 1, 1, 1, 1, 1, 1, 1, 1, 1, 1, 1, 1, 4 ),
 ( 0.0000000000000000000, 0.03475612679208769200, 0.06920497968908564900, 0.1040637835934733900, 0.1399556082715875700, 0.1777369218184911000, 0.2184284661752961800, 0.2625622612246645800, 0.3103376776290867600, 0.3642496298805924000, 0.4261424154125425500, 0.4974026320891999400, 0.5784347426665217300, 0.6686249014675873500, 0.7690992835489114400, 0.8795114840670503800, 1.000000000000000000 ),
 .UNSPECIFIED. ) ;
#358 = ORIENTED_EDGE ( 'NONE', *, *, #1237, .T. ) ;
#359 = CARTESIAN_POINT ( 'NONE',  ( 0.6063692209167793600, 0.9999606299212597800, -0.8087400395627908400 ) ) ;
#360 = EDGE_CURVE ( 'NONE', #3021, #5760, #1337, .T. ) ;
#361 = CARTESIAN_POINT ( 'NONE',  ( 0.007874015748031721500, 1.000000000000000000, -0.9921259842519683000 ) ) ;
#362 = CARTESIAN_POINT ( 'NONE',  ( 0.6571178570995059900, 0.9999606299212596700, -0.8588834026972168600 ) ) ;
#363 = AXIS2_PLACEMENT_3D ( 'NONE', #3382, #455, #3893 ) ;
#364 = ORIENTED_EDGE ( 'NONE', *, *, #1946, .T. ) ;
#365 = DIRECTION ( 'NONE',  ( 1.000000000000000000, 0.0000000000000000000, 0.0000000000000000000 ) ) ;
#366 = CLOSED_SHELL ( 'NONE', ( #5976, #3439, #65, #1966, #4961, #4039, #3474, #4559, #1025, #6003, #2485, #2951, #5079, #4439, #889, #5297, #1818, #349, #134, #580, #6326, #5051, #3326, #4983, #4433, #4956, #3504, #4070, #4290, #3911, #1993, #1986, #1565, #2955, #5951, #5804, #498, #2365, #4783, #1088, #1292, #2817, #5451, #993, #2536, #3947, #3082, #4000, #2570, #2784, #2341, #5541, #2047, #5445, #1052, #1595, #3941, #3414, #3973, #1496, #3539, #4108, #857, #1474, #1470, #1531, #2088, #2304, #1939, #40, #36, #6033, #1001, #165, #4524, #649, #3795, #4926, #413, #5475, #4326, #1116, #2020, #608, #826, #382, #525, #6106, #103, #2597, #3290, #5508, #6074, #5, #6295, #549, #5918 ) ) ;
#367 = CARTESIAN_POINT ( 'NONE',  ( 0.6927732321419073400, 1.000000000000000200, -0.8149617957725878700 ) ) ;
#368 = CARTESIAN_POINT ( 'NONE',  ( 0.6057508067989071400, 0.9999606299207709500, -0.8085390905598359700 ) ) ;
#369 = CARTESIAN_POINT ( 'NONE',  ( 0.7225894243310396800, 1.000000000000000200, -0.8848542636675346100 ) ) ;
#370 = VERTEX_POINT ( 'NONE', #6125 ) ;
#371 = CARTESIAN_POINT ( 'NONE',  ( 0.8722685185980337800, 1.000000000000000200, -0.8416339194362534300 ) ) ;
#372 = DIRECTION ( 'NONE',  ( -2.775557561562891400E-017, 0.7071067811865536800, -0.7071067811865413600 ) ) ;
#373 = CARTESIAN_POINT ( 'NONE',  ( 0.6804524511179269600, 0.9999606299212598900, -0.8510327493278141400 ) ) ;
#374 = DIRECTION ( 'NONE',  ( -0.7071067811865474600, -0.0000000000000000000, -0.7071067811865474600 ) ) ;
#375 = CARTESIAN_POINT ( 'NONE',  ( 0.7597472196908875400, 0.9999606299212598900, -0.8899044519722574300 ) ) ;
#376 = CARTESIAN_POINT ( 'NONE',  ( 0.8559671026711152000, 0.9999999999999996700, -0.8929604015054396500 ) ) ;
#377 = CARTESIAN_POINT ( 'NONE',  ( 0.6105683391283794900, 0.9999606299212597800, -0.8111114241851730100 ) ) ;
#378 = ORIENTED_EDGE ( 'NONE', *, *, #6197, .F. ) ;
#379 = B_SPLINE_CURVE_WITH_KNOTS ( 'NONE', 3,
 ( #1004, #3958, #1485, #4963, #1985, #5461, #2487, #5969, #2967, #42, #3469 ),
 .UNSPECIFIED., .F., .F.,
 ( 4, 1, 1, 1, 1, 1, 1, 1, 4 ),
 ( 0.0000000000000000000, 0.1637156727300513000, 0.3097030978011294800, 0.4399065311477651200, 0.5578115659498964500, 0.6677251599439778500, 0.7741494759536943200, 0.8834412521591856700, 1.000000000000000000 ),
 .UNSPECIFIED. ) ;
#380 = CARTESIAN_POINT ( 'NONE',  ( 0.6711459385013577300, 0.9999606299212601100, -0.8062574606935811700 ) ) ;
#381 = CARTESIAN_POINT ( 'NONE',  ( 0.8747916908499588900, 1.000000000000000200, -0.8056605474068441200 ) ) ;
#382 = ADVANCED_FACE ( 'NONE', ( #935 ), #5926, .T. ) ;
#383 = CARTESIAN_POINT ( 'NONE',  ( 0.0000000000000000000, 1.000000000000000000, -0.9944322300693975200 ) ) ;
#384 = CARTESIAN_POINT ( 'NONE',  ( 0.8550528035694782100, 0.9999606299212597800, -0.8633191096829375700 ) ) ;
#385 = EDGE_LOOP ( 'NONE', ( #4845, #3517, #2465, #2282 ) ) ;
#386 = B_SPLINE_CURVE_WITH_KNOTS ( 'NONE', 3,
 ( #130, #3054, #2118, #5602, #2604, #6101, #3098, #176, #3603, #664, #4117, #1142, #4617, #1644, #5114, #2135, #5625, #2628, #6127 ),
 .UNSPECIFIED., .F., .F.,
 ( 4, 1, 1, 1, 1, 1, 1, 1, 1, 1, 1, 1, 1, 1, 1, 1, 4 ),
 ( 0.0000000000000000000, 0.05441990084519050100, 0.1060523162565186300, 0.1549730787461437700, 0.2012838652153516000, 0.2452075788106317400, 0.2863483776397995900, 0.3259675705682540900, 0.3636675859428596400, 0.4367582574700974400, 0.5112362885366319400, 0.5876989460161559100, 0.6682289134090632100, 0.7504893743805776100, 0.8322579304600490300, 0.9146071290589894400, 1.000000000000000000 ),
 .UNSPECIFIED. ) ;
#387 = APPROVAL_ROLE ( '' ) ;
#388 = CARTESIAN_POINT ( 'NONE',  ( 0.2838299188446097300, 0.9999606299212597800, -0.4548579749740585000 ) ) ;
#389 = CARTESIAN_POINT ( 'NONE',  ( 0.8878823194312205300, 0.9999606299212597800, -0.8643450320536171200 ) ) ;
#390 = CARTESIAN_POINT ( 'NONE',  ( 0.7396503188770470200, 0.9999606299212603400, -0.8979652109420733800 ) ) ;
#391 = VERTEX_POINT ( 'NONE', #2625 ) ;
#392 = ORIENTED_EDGE ( 'NONE', *, *, #2595, .T. ) ;
#393 = PERSON_AND_ORGANIZATION ( #1546, #2977 ) ;
#394 = CARTESIAN_POINT ( 'NONE',  ( 0.7687884597440656200, 1.000000000000000200, -0.8289288941099090000 ) ) ;
#395 = ORIENTED_EDGE ( 'NONE', *, *, #404, .T. ) ;
#396 = CARTESIAN_POINT ( 'NONE',  ( 0.8820218433011430800, 0.9999606299212597800, -0.8461471219088880800 ) ) ;
#397 = CARTESIAN_POINT ( 'NONE',  ( 0.6595798195451928500, 0.9999999999999998900, -0.8962110845400680400 ) ) ;
#398 = EDGE_CURVE ( 'NONE', #2874, #3769, #4887, .T. ) ;
#399 = CARTESIAN_POINT ( 'NONE',  ( 0.6897561912056050500, 1.000000000000000000, -0.8479302741227458000 ) ) ;
#400 = LINE ( 'NONE', #540, #2836 ) ;
#401 = CARTESIAN_POINT ( 'NONE',  ( 0.7867674105770539100, 1.000000000000000000, -0.8599951212019361100 ) ) ;
#402 = CARTESIAN_POINT ( 'NONE',  ( 0.8703390468926018900, 0.9999606299212597800, -0.8980773596015574300 ) ) ;
#403 = VECTOR ( 'NONE', #2048, 39.37007874015748100 ) ;
#404 = EDGE_CURVE ( 'NONE', #5745, #4319, #4729, .T. ) ;
#405 = CARTESIAN_POINT ( 'NONE',  ( 0.6160205150238842200, 0.9999999999999998900, -0.8242504865637650900 ) ) ;
#406 = LINE ( 'NONE', #3451, #4479 ) ;
#407 = CARTESIAN_POINT ( 'NONE',  ( 0.8077783007285690400, 0.9999606299212597800, -0.8757532888155724600 ) ) ;
#408 = CARTESIAN_POINT ( 'NONE',  ( 0.8888066861006900200, 1.000000000000000200, -0.8358331145711701500 ) ) ;
#409 = VECTOR ( 'NONE', #1430, 39.37007874015748100 ) ;
#410 = CARTESIAN_POINT ( 'NONE',  ( 0.7424065272688745700, 0.9999606299212597800, -0.8875719145257998700 ) ) ;
#411 = CARTESIAN_POINT ( 'NONE',  ( 0.8628314721132448500, 0.9999606299212592300, -0.8838336550043717200 ) ) ;
#412 = LINE ( 'NONE', #6369, #4178 ) ;
#413 = ADVANCED_FACE ( 'NONE', ( #6051 ), #1641, .T. ) ;
#414 = LINE ( 'NONE', #1425, #2701 ) ;
#415 = CARTESIAN_POINT ( 'NONE',  ( 0.7428374146645597700, 0.9999606299212597800, -0.8980773596015574300 ) ) ;
#416 = CARTESIAN_POINT ( 'NONE',  ( 0.9960629921259841500, 1.000000000000000000, -0.003937007874016134000 ) ) ;
#417 = CARTESIAN_POINT ( 'NONE',  ( 0.7591510181454752500, 0.9999606299212593400, -0.8017714978512661100 ) ) ;
#418 = CARTESIAN_POINT ( 'NONE',  ( 0.8872616773849944000, 0.9999999999999998900, -0.8569145064332350800 ) ) ;
#419 = VECTOR ( 'NONE', #365, 39.37007874015748100 ) ;
#420 = CARTESIAN_POINT ( 'NONE',  ( 0.4972358381457523400, 1.000000000000000000, -0.1002054203944308900 ) ) ;
#421 = DIRECTION ( 'NONE',  ( 0.0000000000000000000, 1.000000000000000000, 0.0000000000000000000 ) ) ;
#422 = CARTESIAN_POINT ( 'NONE',  ( 0.6057508067989071400, 1.000000000000000000, -0.8085390905598359700 ) ) ;
#423 = CARTESIAN_POINT ( 'NONE',  ( 0.6027434938811868600, 0.9999606299212601100, -0.8963736130301895900 ) ) ;
#424 = DIRECTION ( 'NONE',  ( 0.0000000000000000000, 0.0000000000000000000, -1.000000000000000000 ) ) ;
#425 = CARTESIAN_POINT ( 'NONE',  ( 0.6159609203236812200, 0.9999999999999998900, -0.8005960616393371600 ) ) ;
#426 = LINE ( 'NONE', #2854, #4355 ) ;
#427 = CARTESIAN_POINT ( 'NONE',  ( 1.000000000000000000, 0.9921259842519683000, -2.731847993664263200E-016 ) ) ;
#428 = CARTESIAN_POINT ( 'NONE',  ( 0.6223334582238470000, 1.000000000000000400, -0.8617992046298749200 ) ) ;
#429 = CARTESIAN_POINT ( 'NONE',  ( 0.7585722949738160600, 0.9999999999999998900, -0.8303044823976795100 ) ) ;
#430 = VERTEX_POINT ( 'NONE', #704 ) ;
#431 = CARTESIAN_POINT ( 'NONE',  ( 0.8563146875033063000, 1.000000000000000000, -0.8732119606537874800 ) ) ;
#432 = CARTESIAN_POINT ( 'NONE',  ( 0.8627043091504399400, 0.9999606299212602200, -0.8968622224507723000 ) ) ;
#433 = DIRECTION ( 'NONE',  ( 1.000000000000000000, 0.0000000000000000000, 0.0000000000000000000 ) ) ;
#434 = PRODUCT_DEFINITION_SHAPE ( 'NONE', 'NONE',  #3936 ) ;
#435 = EDGE_CURVE ( 'NONE', #6065, #5523, #5897, .T. ) ;
#436 = CARTESIAN_POINT ( 'NONE',  ( 0.7437981401680274800, 1.000000000000000000, -0.7943731448321257300 ) ) ;
#437 = EDGE_CURVE ( 'NONE', #391, #6128, #5385, .T. ) ;
#438 = PLANE ( 'NONE',  #4742 ) ;
#439 = CARTESIAN_POINT ( 'NONE',  ( 0.6940662209972188200, 0.9999606299212598900, -0.8900337032566461000 ) ) ;
#440 = CARTESIAN_POINT ( 'NONE',  ( 0.6134275668270540200, 0.9999606299212598900, -0.8696798283811503200 ) ) ;
#441 = CARTESIAN_POINT ( 'NONE',  ( 0.6139787629628313800, 1.000000000000000200, -0.8922766532222465900 ) ) ;
#442 = CARTESIAN_POINT ( 'NONE',  ( 0.8627043091504399400, 1.000000000000000400, -0.8968622224507723000 ) ) ;
#443 = CARTESIAN_POINT ( 'NONE',  ( 0.7424065272688745700, 0.9999606299212597800, -0.8875719145257998700 ) ) ;
#444 = VERTEX_POINT ( 'NONE', #1768 ) ;
#445 = CARTESIAN_POINT ( 'NONE',  ( 0.7881844153559058900, 0.9999606299212595600, -0.8726665543179125100 ) ) ;
#446 = CARTESIAN_POINT ( 'NONE',  ( 0.7333325216210708800, 0.9999606299212597800, -0.8827781798554575900 ) ) ;
#447 = ORIENTED_EDGE ( 'NONE', *, *, #796, .T. ) ;
#448 = CARTESIAN_POINT ( 'NONE',  ( 0.8878823194312205300, 1.000000000000000000, -0.8643450320536171200 ) ) ;
#449 = CARTESIAN_POINT ( 'NONE',  ( 0.6257390876532752400, 1.000000000000000000, -0.8338959204709851500 ) ) ;
#450 = ORIENTED_EDGE ( 'NONE', *, *, #1246, .F. ) ;
#451 = CARTESIAN_POINT ( 'NONE',  ( 0.8878823194312205300, 1.000000000000000200, -0.8643450320536171200 ) ) ;
#452 = CARTESIAN_POINT ( 'NONE',  ( 0.8682586154378686400, 0.9999606299212596700, -0.7943542930343987500 ) ) ;
#453 = CARTESIAN_POINT ( 'NONE',  ( 0.7026426933553757700, 1.000000000000000200, -0.8693689714239283300 ) ) ;
#454 = ORIENTED_EDGE ( 'NONE', *, *, #5861, .T. ) ;
#455 = DIRECTION ( 'NONE',  ( 1.000000000000000000, 0.0000000000000000000, -0.0000000000000000000 ) ) ;
#456 = CARTESIAN_POINT ( 'NONE',  ( 0.6003791194558252300, 0.9999606299212597800, -0.8846034937432725200 ) ) ;
#457 = CARTESIAN_POINT ( 'NONE',  ( 0.6238899254552918700, 0.9999606299212597800, -0.8725554945349725000 ) ) ;
#458 = CARTESIAN_POINT ( 'NONE',  ( 0.7391041047238312600, 0.9999606299212598900, -0.8870695306232837500 ) ) ;
#459 = ORIENTED_EDGE ( 'NONE', *, *, #677, .F. ) ;
#460 = CARTESIAN_POINT ( 'NONE',  ( 0.6501966245922055100, 1.000000000000000000, -0.8297919666091332400 ) ) ;
#461 = CARTESIAN_POINT ( 'NONE',  ( 0.8077653093004220100, 0.9999999999999998900, -0.8910139484482050300 ) ) ;
#462 = ORIENTED_EDGE ( 'NONE', *, *, #3929, .F. ) ;
#463 = ORIENTED_EDGE ( 'NONE', *, *, #3165, .T. ) ;
#464 = DIRECTION ( 'NONE',  ( 1.000000000000000000, 0.0000000000000000000, 0.0000000000000000000 ) ) ;
#465 = FACE_OUTER_BOUND ( 'NONE', #6327, .T. ) ;
#466 = CARTESIAN_POINT ( 'NONE',  ( 0.8818564079558396400, 1.000000000000000200, -0.8828200384979703100 ) ) ;
#467 = CARTESIAN_POINT ( 'NONE',  ( 0.6617441585673039500, 0.9999999999999998900, -0.8450147317442354700 ) ) ;
#468 = EDGE_CURVE ( 'NONE', #4589, #3668, #1898, .T. ) ;
#469 = VECTOR ( 'NONE', #4272, 39.37007874015748100 ) ;
#470 = CARTESIAN_POINT ( 'NONE',  ( 0.8851903427108565000, 0.9999606299212596700, -0.8779841817769387100 ) ) ;
#471 = LINE ( 'NONE', #1365, #5579 ) ;
#472 = CARTESIAN_POINT ( 'NONE',  ( 0.8518373970045481900, 0.9999606299212601100, -0.8024245094069700800 ) ) ;
#473 = CARTESIAN_POINT ( 'NONE',  ( 0.6744083925402404300, 0.9999606299212597800, -0.8061547151886786500 ) ) ;
#474 = EDGE_CURVE ( 'NONE', #2804, #4410, #2209, .T. ) ;
#475 = CARTESIAN_POINT ( 'NONE',  ( 0.8851903427108565000, 0.9999606299212596700, -0.8779841817769387100 ) ) ;
#476 = CARTESIAN_POINT ( 'NONE',  ( 0.7670978461694164500, 1.000000000000000200, -0.8192535270554144300 ) ) ;
#477 = VERTEX_POINT ( 'NONE', #2336 ) ;
#478 = CARTESIAN_POINT ( 'NONE',  ( 0.7308687178538354500, 1.000000000000050200, -0.8790223098753259200 ) ) ;
#479 = ORIENTED_EDGE ( 'NONE', *, *, #4739, .T. ) ;
#480 = LINE ( 'NONE', #952, #1614 ) ;
#481 = EDGE_CURVE ( 'NONE', #5812, #2634, #2076, .T. ) ;
#482 = CARTESIAN_POINT ( 'NONE',  ( 0.6679926923908258200, 0.9999999999999998900, -0.8068132919515627100 ) ) ;
#483 = LINE ( 'NONE', #2478, #5589 ) ;
#484 = CARTESIAN_POINT ( 'NONE',  ( 0.5969651958259719600, 1.000000000000000200, -0.8967586442190086400 ) ) ;
#485 = ORIENTED_EDGE ( 'NONE', *, *, #2923, .T. ) ;
#486 = CARTESIAN_POINT ( 'NONE',  ( 0.6133617066099532600, 0.9999999999999998900, -0.8670142080286360500 ) ) ;
#487 = ORIENTED_EDGE ( 'NONE', *, *, #1906, .F. ) ;
#488 = VECTOR ( 'NONE', #1912, 39.37007874015748100 ) ;
#489 = CARTESIAN_POINT ( 'NONE',  ( 0.7297922226564244100, 0.9999999999999998900, -0.8765996521616501400 ) ) ;
#490 = PLANE ( 'NONE',  #5318 ) ;
#491 = B_SPLINE_CURVE_WITH_KNOTS ( 'NONE', 3,
 ( #4121, #4622, #1647, #5120, #2141, #5630, #2633, #6133, #3121, #205, #3634, #689, #4138, #1172, #4642, #1669, #5140, #2170, #5649 ),
 .UNSPECIFIED., .F., .F.,
 ( 4, 1, 1, 1, 1, 1, 1, 1, 1, 1, 1, 1, 1, 1, 1, 1, 4 ),
 ( 0.0000000000000000000, 0.06282749138135876300, 0.1223726895779769400, 0.1803837658619590900, 0.2364891989894693500, 0.2926289502320361700, 0.3503980605968385300, 0.4101926792197949100, 0.4734229773823764300, 0.5102124852509630800, 0.5552799601987793400, 0.6084730122619760300, 0.6698570376582453400, 0.7400379641843817200, 0.8179174674906487500, 0.9048122599055238300, 1.000000000000000000 ),
 .UNSPECIFIED. ) ;
#492 = CARTESIAN_POINT ( 'NONE',  ( 0.6483487803491907500, 0.9999606299212596700, -0.8532664956565071400 ) ) ;
#493 = ORIENTED_EDGE ( 'NONE', *, *, #4359, .F. ) ;
#494 = VECTOR ( 'NONE', #1479, 39.37007874015748100 ) ;
#495 = CARTESIAN_POINT ( 'NONE',  ( 0.8778815895697177400, 1.000000000000000200, -0.8860581323314590300 ) ) ;
#496 = CARTESIAN_POINT ( 'NONE',  ( 0.7052174071811415600, 0.9999606299212596700, -0.8196986926178516700 ) ) ;
#497 = CARTESIAN_POINT ( 'NONE',  ( 0.6865078574796383800, 0.9999606299212595600, -0.8088310147117502300 ) ) ;
#498 = ADVANCED_FACE ( 'NONE', ( #626 ), #5956, .T. ) ;
#499 = CARTESIAN_POINT ( 'NONE',  ( 0.6136870596885203300, 0.9999606299212601100, -0.8496617190287381000 ) ) ;
#500 = CARTESIAN_POINT ( 'NONE',  ( 0.7685840856359693600, 0.9999999999999998900, -0.8651149810869822600 ) ) ;
#501 = CARTESIAN_POINT ( 'NONE',  ( 0.7264159753070290600, 0.9999606299212601100, -0.8518917519678722600 ) ) ;
#502 = ORIENTED_EDGE ( 'NONE', *, *, #2441, .T. ) ;
#503 = CARTESIAN_POINT ( 'NONE',  ( 0.7298464031266743700, 1.000000000000000200, -0.8156724819112085600 ) ) ;
#504 = CARTESIAN_POINT ( 'NONE',  ( 0.6204596767819262600, 1.000000000000000400, -0.8848805104196830800 ) ) ;
#505 = EDGE_LOOP ( 'NONE', ( #5419, #3294, #2280, #5857 ) ) ;
#506 = CARTESIAN_POINT ( 'NONE',  ( 0.6779050825115117100, 1.000000000000000200, -0.8517052147122785600 ) ) ;
#507 = DIRECTION ( 'NONE',  ( 0.0000000000000000000, -1.000000000000000000, 0.0000000000000000000 ) ) ;
#508 = CARTESIAN_POINT ( 'NONE',  ( 0.6557637605418399400, 0.9999606299212602200, -0.8475622904568324000 ) ) ;
#509 = CARTESIAN_POINT ( 'NONE',  ( 0.6423432039470621200, 1.000000000000000200, -0.8692736334862003500 ) ) ;
#510 = EDGE_CURVE ( 'NONE', #5105, #3209, #5746, .T. ) ;
#511 = CARTESIAN_POINT ( 'NONE',  ( 0.6666638833839867400, 0.9999606299212597800, -0.5063097178467925700 ) ) ;
#512 = EDGE_CURVE ( 'NONE', #2271, #2730, #3222, .T. ) ;
#513 = ORIENTED_EDGE ( 'NONE', *, *, #5861, .F. ) ;
#514 = CARTESIAN_POINT ( 'NONE',  ( 0.6936285396946487700, 1.000000000000000400, -0.7998502538064762300 ) ) ;
#515 = CARTESIAN_POINT ( 'NONE',  ( 0.6935466577277623600, 0.9999999999999996700, -0.8164818606538322100 ) ) ;
#516 = PLANE ( 'NONE',  #1007 ) ;
#517 = CARTESIAN_POINT ( 'NONE',  ( 0.6528229858611448400, 1.000000000000000000, -0.8701312342242492100 ) ) ;
#518 = CARTESIAN_POINT ( 'NONE',  ( 0.6561264558947328400, 1.000000000000000200, -0.8598720105174547700 ) ) ;
#519 = CC_DESIGN_PERSON_AND_ORGANIZATION_ASSIGNMENT ( #6194, #875, ( #5619 ) ) ;
#520 = CARTESIAN_POINT ( 'NONE',  ( 0.6396911795164478300, 0.9999606299212597800, -0.8284787859746635100 ) ) ;
#521 = ADVANCED_FACE ( 'NONE', ( #4562 ), #1916, .T. ) ;
#522 = CARTESIAN_POINT ( 'NONE',  ( 0.8077783007285690400, 0.9999606299212597800, -0.7956492701129210800 ) ) ;
#523 = CARTESIAN_POINT ( 'NONE',  ( 0.6033807706443280500, 0.9999606299212597800, -0.7960765287777948900 ) ) ;
#524 = ORIENTED_EDGE ( 'NONE', *, *, #3167, .T. ) ;
#525 = ADVANCED_FACE ( 'NONE', ( #1775 ), #3884, .T. ) ;
#526 = CARTESIAN_POINT ( 'NONE',  ( 0.8709691548539132400, 1.000000000000000200, -0.8980620383274591200 ) ) ;
#527 = CARTESIAN_POINT ( 'NONE',  ( 0.7980242636533477800, 0.9999606299212596700, -0.8668351325861571900 ) ) ;
#528 = CARTESIAN_POINT ( 'NONE',  ( 0.5959663680780896700, 0.9999606299212597800, -0.7956492701129210800 ) ) ;
#529 = CARTESIAN_POINT ( 'NONE',  ( 0.8182837458043267200, 0.9999606299212597800, -0.7956492701129210800 ) ) ;
#530 = CARTESIAN_POINT ( 'NONE',  ( 0.8983877645069781000, 1.000000000000000000, -0.8490793071779068100 ) ) ;
#531 = CARTESIAN_POINT ( 'NONE',  ( 0.6664768602851337500, 0.9999999999999995600, -0.8546839824795071600 ) ) ;
#532 = B_SPLINE_CURVE_WITH_KNOTS ( 'NONE', 3,
 ( #2566, #5551, #3561, #618, #4066, #1105, #4568, #1591, #5067, #2095, #5576, #2584, #6081, #3077, #150, #3582, #646, #4088, #1124 ),
 .UNSPECIFIED., .F., .F.,
 ( 4, 1, 1, 1, 1, 1, 1, 1, 1, 1, 1, 1, 1, 1, 1, 1, 4 ),
 ( 0.0000000000000000000, 0.06961345028914978100, 0.1341558467413847800, 0.1941216639751323400, 0.2492702399547629700, 0.3003975238168690700, 0.3464602541181238700, 0.3882517207597306300, 0.4259028191906366600, 0.4961060560373066800, 0.5655345875935798800, 0.6348462500707495700, 0.7047585289073886600, 0.7756659742820917200, 0.8477253815784785400, 0.9224175839219318500, 1.000000000000000000 ),
 .UNSPECIFIED. ) ;
#533 = CARTESIAN_POINT ( 'NONE',  ( 0.6940662209972188200, 0.9999606299212598900, -0.8900337032566461000 ) ) ;
#534 = ORIENTED_EDGE ( 'NONE', *, *, #2959, .T. ) ;
#535 = LINE ( 'NONE', #4787, #5656 ) ;
#536 = CARTESIAN_POINT ( 'NONE',  ( 0.7463444778239463100, 0.9999606299212509000, -0.8053438087667225100 ) ) ;
#537 = LINE ( 'NONE', #4030, #2983 ) ;
#538 = DIRECTION ( 'NONE',  ( -0.0000000000000000000, 1.000000000000000000, -0.0000000000000000000 ) ) ;
#539 = EDGE_LOOP ( 'NONE', ( #3072, #2494, #5972, #1949 ) ) ;
#540 = CARTESIAN_POINT ( 'NONE',  ( 0.5648398833516751200, 1.000000000000000000, -0.8967641789670877100 ) ) ;
#541 = DIRECTION ( 'NONE',  ( -1.000000000000000000, 0.0000000000000000000, 2.603493823086944100E-017 ) ) ;
#542 = CARTESIAN_POINT ( 'NONE',  ( 0.8904722772806256100, 1.000000000000000400, -0.8866110433312556200 ) ) ;
#543 = EDGE_CURVE ( 'NONE', #3703, #741, #4409, .T. ) ;
#544 = VECTOR ( 'NONE', #2858, 39.37007874015748100 ) ;
#545 = LINE ( 'NONE', #4832, #5825 ) ;
#546 = CARTESIAN_POINT ( 'NONE',  ( 0.7053502112399326900, 0.9999606299212597800, -0.8237800615169516000 ) ) ;
#547 = EDGE_CURVE ( 'NONE', #5524, #3193, #480, .T. ) ;
#548 = CARTESIAN_POINT ( 'NONE',  ( 0.6092226478759248400, 1.000000000000000200, -0.8400363084958136800 ) ) ;
#549 = ADVANCED_FACE ( 'NONE', ( #4256 ), #5404, .F. ) ;
#550 = DIRECTION ( 'NONE',  ( -0.7071067811865475700, 0.0000000000000000000, 0.7071067811865475700 ) ) ;
#551 = AXIS2_PLACEMENT_3D ( 'NONE', #5093, #249, #3676 ) ;
#552 = LINE ( 'NONE', #1822, #2994 ) ;
#553 = ORIENTED_EDGE ( 'NONE', *, *, #5476, .T. ) ;
#554 = CARTESIAN_POINT ( 'NONE',  ( 0.7614476464686851200, 1.000000000000000000, -0.8874077669464911500 ) ) ;
#555 = VECTOR ( 'NONE', #4824, 39.37007874015748100 ) ;
#556 = CARTESIAN_POINT ( 'NONE',  ( 0.6061916420981863200, 1.000000000000000000, -0.8415119791263441200 ) ) ;
#557 = CARTESIAN_POINT ( 'NONE',  ( 0.8624786231030671100, 0.9999606299212597800, -0.8448970990112484300 ) ) ;
#558 = CARTESIAN_POINT ( 'NONE',  ( 0.6556174153995758500, 1.000000000000000000, -0.8605234698476643700 ) ) ;
#559 = CARTESIAN_POINT ( 'NONE',  ( 0.8669035678052048300, 1.000000000000000000, -0.8311889652298092300 ) ) ;
#560 = CARTESIAN_POINT ( 'NONE',  ( 1.000000000000000000, 1.000000000000000000, -2.731847993664263200E-016 ) ) ;
#561 = ORIENTED_EDGE ( 'NONE', *, *, #4772, .T. ) ;
#562 = FACE_OUTER_BOUND ( 'NONE', #4498, .T. ) ;
#563 = CARTESIAN_POINT ( 'NONE',  ( 0.8885835494369260800, 0.9999606299212592300, -0.8045583862513697700 ) ) ;
#564 = CARTESIAN_POINT ( 'NONE',  ( 0.7546417466032467900, 1.000000000000000400, -0.8133811376223839500 ) ) ;
#565 = CARTESIAN_POINT ( 'NONE',  ( 0.6722594930537279000, 0.9999606299212596700, -0.7943622186616656800 ) ) ;
#566 = PLANE ( 'NONE',  #5348 ) ;
#567 = FACE_OUTER_BOUND ( 'NONE', #2546, .T. ) ;
#568 = CARTESIAN_POINT ( 'NONE',  ( 0.8983877645069781000, 1.000000000000000000, -0.8490793071779068100 ) ) ;
#569 = CARTESIAN_POINT ( 'NONE',  ( 0.6781463488561152400, 0.9999606299212595600, -0.7944506803611857100 ) ) ;
#570 = CARTESIAN_POINT ( 'NONE',  ( 0.5986694836872933400, 0.9999606299212597800, -0.8428080802518546100 ) ) ;
#571 = ORIENTED_EDGE ( 'NONE', *, *, #274, .F. ) ;
#572 = B_SPLINE_CURVE_WITH_KNOTS ( 'NONE', 3,
 ( #518, #4454, #2488, #5970, #2968, #43, #3470, #531, #3976, #1023, #4477 ),
 .UNSPECIFIED., .F., .F.,
 ( 4, 1, 1, 1, 1, 1, 1, 1, 4 ),
 ( 0.0000000000000000000, 0.07501569460760616800, 0.1629301842777421400, 0.2646744147797554500, 0.3809699752964704800, 0.5123091530377074100, 0.6582210125869713000, 0.8208323791787965900, 1.000000000000000000 ),
 .UNSPECIFIED. ) ;
#573 = CARTESIAN_POINT ( 'NONE',  ( 0.6022829081945659800, 1.000000000000000200, -0.8551919975959366700 ) ) ;
#574 = ORIENTED_EDGE ( 'NONE', *, *, #3812, .T. ) ;
#575 = DIRECTION ( 'NONE',  ( -1.000000000000000000, 0.0000000000000000000, 0.0000000000000000000 ) ) ;
#576 = CARTESIAN_POINT ( 'NONE',  ( 0.6921413392637935100, 1.000000000000000200, -0.8673696168532338800 ) ) ;
#577 = CARTESIAN_POINT ( 'NONE',  ( 0.6848363750575893200, 0.9999606299212601100, -0.8079766832196494400 ) ) ;
#578 = CARTESIAN_POINT ( 'NONE',  ( 0.8518455628517129800, 0.9999606299212601100, -0.8399186533237976700 ) ) ;
#579 = ORIENTED_EDGE ( 'NONE', *, *, #4233, .T. ) ;
#580 = ADVANCED_FACE ( 'NONE', ( #4098 ), #490, .F. ) ;
#581 = CARTESIAN_POINT ( 'NONE',  ( 0.7158556563156902600, 0.9999606299212597800, -0.8461656876451773000 ) ) ;
#582 = CARTESIAN_POINT ( 'NONE',  ( 0.7591358556977135800, 0.9999606299212504500, -0.8405216733138243200 ) ) ;
#583 = CARTESIAN_POINT ( 'NONE',  ( 0.8843385305009136000, 0.9999606299212598900, -0.8490911260577274100 ) ) ;
#584 = CARTESIAN_POINT ( 'NONE',  ( 0.6490867819990350200, 0.9999606299212596700, -0.8034941382132904100 ) ) ;
#585 = ORIENTED_EDGE ( 'NONE', *, *, #4692, .T. ) ;
#586 = CARTESIAN_POINT ( 'NONE',  ( 0.6113097873632850100, 0.9999606299212597800, -0.8786291690059271400 ) ) ;
#587 = AXIS2_PLACEMENT_3D ( 'NONE', #3791, #843, #4298 ) ;
#588 = CARTESIAN_POINT ( 'NONE',  ( 0.3331548727153805800, 1.000000000000000000, -0.5027976604412003300 ) ) ;
#589 = CARTESIAN_POINT ( 'NONE',  ( 0.8709691548539132400, 0.9999606299212601100, -0.8980620383274591200 ) ) ;
#590 = EDGE_CURVE ( 'NONE', #3629, #3021, #213, .T. ) ;
#591 = VERTEX_POINT ( 'NONE', #3457 ) ;
#592 = EDGE_CURVE ( 'NONE', #595, #5327, #761, .T. ) ;
#593 = CARTESIAN_POINT ( 'NONE',  ( 0.6933710935072319200, 0.9999606299212597800, -0.8461818078972461700 ) ) ;
#594 = CARTESIAN_POINT ( 'NONE',  ( 0.6875283958218472200, 0.9999606299212601100, -0.8801402336221183500 ) ) ;
#595 = VERTEX_POINT ( 'NONE', #1453 ) ;
#596 = CARTESIAN_POINT ( 'NONE',  ( 0.6922184048952357800, 0.9999606299212597800, -0.8665610243742847300 ) ) ;
#597 = CARTESIAN_POINT ( 'NONE',  ( 0.9960629921259843700, 0.9921259842519683000, -0.9960629921259843700 ) ) ;
#598 = CARTESIAN_POINT ( 'NONE',  ( 0.8449471482685631000, 1.000000000000000000, -0.8568657517429785200 ) ) ;
#599 = DIRECTION ( 'NONE',  ( -0.0000000000000000000, 1.000000000000000000, -0.0000000000000000000 ) ) ;
#600 = EDGE_LOOP ( 'NONE', ( #4371, #5769, #4948, #395 ) ) ;
#601 = CARTESIAN_POINT ( 'NONE',  ( 0.8182837458043267200, 0.9999606299212597800, -0.7956492701129210800 ) ) ;
#602 = CARTESIAN_POINT ( 'NONE',  ( 0.8077783007285690400, 1.000000000000000000, -0.7956492701129210800 ) ) ;
#603 = CARTESIAN_POINT ( 'NONE',  ( 0.7027238499709933500, 0.9999606299212597800, -0.8678742050087543400 ) ) ;
#604 = CARTESIAN_POINT ( 'NONE',  ( 0.7427143039800782100, 0.9999606299212597800, -0.7943360894784513600 ) ) ;
#605 = CARTESIAN_POINT ( 'NONE',  ( 0.6032544985233542200, 0.9999999999999996700, -0.8841803457328255600 ) ) ;
#606 = CARTESIAN_POINT ( 'NONE',  ( 0.8777159626630515200, 0.9999606299212597800, -0.8330243876385171600 ) ) ;
#607 = CARTESIAN_POINT ( 'NONE',  ( 0.8845822555727795900, 0.9999606299212597800, -0.8929561104597199000 ) ) ;
#608 = ADVANCED_FACE ( 'NONE', ( #1454 ), #3796, .T. ) ;
#609 = VERTEX_POINT ( 'NONE', #4009 ) ;
#610 = DIRECTION ( 'NONE',  ( 1.000000000000000000, 0.0000000000000000000, 0.0000000000000000000 ) ) ;
#611 = ORIENTED_EDGE ( 'NONE', *, *, #1821, .F. ) ;
#612 = VECTOR ( 'NONE', #3380, 39.37007874015748100 ) ;
#613 = CARTESIAN_POINT ( 'NONE',  ( 0.8563659842039478300, 0.9999606299212597800, -0.8205997021678452800 ) ) ;
#614 = CARTESIAN_POINT ( 'NONE',  ( 0.6783086623226817200, 0.9999999999999996700, -0.8856214154011784500 ) ) ;
#615 = PRODUCT ( '23268-E0W', '23268-E0W', '', ( #1332 ) ) ;
#616 = CARTESIAN_POINT ( 'NONE',  ( 0.6763210100156866700, 0.9999606299212595600, -0.8859808554584880400 ) ) ;
#617 = DIRECTION ( 'NONE',  ( -0.0000000000000000000, -0.0000000000000000000, -1.000000000000000000 ) ) ;
#618 = CARTESIAN_POINT ( 'NONE',  ( 0.6641680404201452100, 1.000000000000000200, -0.8442104449962909400 ) ) ;
#619 = VECTOR ( 'NONE', #1275, 39.37007874015748100 ) ;
#620 = CARTESIAN_POINT ( 'NONE',  ( 0.8801162493927763300, 0.9999999999999998900, -0.8093053165417641900 ) ) ;
#621 = LINE ( 'NONE', #902, #2912 ) ;
#622 = CARTESIAN_POINT ( 'NONE',  ( 0.6620560389368688200, 0.9999606299212598900, -0.8845346177098286600 ) ) ;
#623 = CARTESIAN_POINT ( 'NONE',  ( 0.6712477458224480600, 0.9999606299212598900, -0.8862522244772048600 ) ) ;
#624 = DIRECTION ( 'NONE',  ( 0.0000000000000000000, 0.0000000000000000000, 1.000000000000000000 ) ) ;
#625 = ORIENTED_EDGE ( 'NONE', *, *, #1779, .T. ) ;
#626 = FACE_OUTER_BOUND ( 'NONE', #6004, .T. ) ;
#627 = CARTESIAN_POINT ( 'NONE',  ( 0.6223334582238470000, 0.9999606299212602200, -0.8617992046298749200 ) ) ;
#628 = CARTESIAN_POINT ( 'NONE',  ( 0.7168170073572303100, 0.9999999999999998900, -0.8272870143160308000 ) ) ;
#629 = ORIENTED_EDGE ( 'NONE', *, *, #1864, .T. ) ;
#630 = LINE ( 'NONE', #1975, #2080 ) ;
#631 = CARTESIAN_POINT ( 'NONE',  ( 0.7273321305055704400, 0.9999606299212597800, -0.8008837346828946400 ) ) ;
#632 = CARTESIAN_POINT ( 'NONE',  ( 0.5925397873600203300, 0.9999606299212597800, -0.8849455532568604200 ) ) ;
#633 = EDGE_CURVE ( 'NONE', #2450, #5840, #5420, .T. ) ;
#634 = ORIENTED_EDGE ( 'NONE', *, *, #756, .T. ) ;
#635 = DIRECTION ( 'NONE',  ( 0.7588454441657008800, -0.0000000000000000000, -0.6512707515841318400 ) ) ;
#636 = EDGE_CURVE ( 'NONE', #3769, #1302, #169, .T. ) ;
#637 = LINE ( 'NONE', #5700, #5756 ) ;
#638 = CARTESIAN_POINT ( 'NONE',  ( 0.8978995844637467400, 0.9999606299212601100, -0.8618399896419549600 ) ) ;
#639 = CARTESIAN_POINT ( 'NONE',  ( 0.7428374146645597700, 0.9999606299212597800, -0.8980773596015574300 ) ) ;
#640 = AXIS2_PLACEMENT_3D ( 'NONE', #2518, #575, #4020 ) ;
#641 = CARTESIAN_POINT ( 'NONE',  ( 0.7252289338745079300, 0.9999606299212598900, -0.8032575925363884000 ) ) ;
#642 = DIRECTION ( 'NONE',  ( -1.000000000000000000, 0.0000000000000000000, 0.0000000000000000000 ) ) ;
#643 = CARTESIAN_POINT ( 'NONE',  ( 0.8182837458043267200, 1.000000000000000000, -0.8980773596015574300 ) ) ;
#644 = LINE ( 'NONE', #511, #5762 ) ;
#645 = CARTESIAN_POINT ( 'NONE',  ( 0.7580819270917587000, 0.9999606299212598900, -0.8666448187293492900 ) ) ;
#646 = CARTESIAN_POINT ( 'NONE',  ( 0.6423935742287454300, 1.000000000000000000, -0.8671071104691628900 ) ) ;
#647 = CARTESIAN_POINT ( 'NONE',  ( 0.8863549858155140800, 0.9999606299212597800, -0.8214968111665764700 ) ) ;
#648 = CARTESIAN_POINT ( 'NONE',  ( 0.6546985922710466500, 0.9999999999999998900, -0.8780451667832142000 ) ) ;
#649 = ADVANCED_FACE ( 'NONE', ( #2917 ), #6093, .T. ) ;
#650 = CARTESIAN_POINT ( 'NONE',  ( 0.8577665740249232900, 0.9999606299212596700, -0.8506926837645194500 ) ) ;
#651 = CARTESIAN_POINT ( 'NONE',  ( 0.8589602023842906100, 0.9999606299212598900, -0.8792351485641676200 ) ) ;
#652 = CARTESIAN_POINT ( 'NONE',  ( 0.6126478658253377000, 1.000000000000000200, -0.8501462664434136200 ) ) ;
#653 = CARTESIAN_POINT ( 'NONE',  ( 0.6561264558947327300, 0.9999606299212597800, -0.8598720105174545400 ) ) ;
#654 = CARTESIAN_POINT ( 'NONE',  ( 0.7176734541482449000, 1.000000000000000200, -0.8219964590659389900 ) ) ;
#655 = DIRECTION ( 'NONE',  ( 1.000000000000000000, 0.0000000000000000000, 0.0000000000000000000 ) ) ;
#656 = VERTEX_POINT ( 'NONE', #4510 ) ;
#657 = CARTESIAN_POINT ( 'NONE',  ( 0.6614173228346496000, 1.330708661417324900, -0.3385826771653506800 ) ) ;
#658 = CARTESIAN_POINT ( 'NONE',  ( 0.6223334582238470000, 0.9999606299212602200, -0.8617992046298749200 ) ) ;
#659 = CARTESIAN_POINT ( 'NONE',  ( 0.7556982771170494000, 1.000000000000000000, -0.8939394023372239100 ) ) ;
#660 = CARTESIAN_POINT ( 'NONE',  ( 0.7158556563156902600, 0.9999606299212597800, -0.8461656876451773000 ) ) ;
#661 = CARTESIAN_POINT ( 'NONE',  ( 0.8974654523130595200, 0.9999606299212597800, -0.8305748885066996900 ) ) ;
#662 = CARTESIAN_POINT ( 'NONE',  ( 0.6569836905870509700, 0.9999606299212603400, -0.8950861732611439200 ) ) ;
#663 = CARTESIAN_POINT ( 'NONE',  ( 0.7520742415974524000, 0.9999999999999998900, -0.8828687044280746400 ) ) ;
#664 = CARTESIAN_POINT ( 'NONE',  ( 0.6117407800480522100, 0.9999606299212597800, -0.8936813277358554000 ) ) ;
#665 = CARTESIAN_POINT ( 'NONE',  ( 0.6666638833839867400, 1.000000000000000000, -0.4935097178467924300 ) ) ;
#666 = CARTESIAN_POINT ( 'NONE',  ( 0.8114716212630150900, 0.9999606299212597800, -0.8980773596015574300 ) ) ;
#667 = CARTESIAN_POINT ( 'NONE',  ( 0.8653348880283547900, 0.9999999999999998900, -0.8430675442826745000 ) ) ;
#668 = CARTESIAN_POINT ( 'NONE',  ( 0.005567769930602607300, 1.000000000000000000, -0.9944322300693974000 ) ) ;
#669 = CARTESIAN_POINT ( 'NONE',  ( 0.7196018238741774800, 0.9999606299212598900, -0.8774744125064294400 ) ) ;
#670 = CARTESIAN_POINT ( 'NONE',  ( 0.6599815971361130400, 0.9999606299212593400, -0.8571332903282332700 ) ) ;
#671 = EDGE_CURVE ( 'NONE', #4194, #1303, #2613, .T. ) ;
#672 = DIRECTION ( 'NONE',  ( -0.7588454441657042100, -0.0000000000000000000, -0.6512707515841280600 ) ) ;
#673 = DIRECTION ( 'NONE',  ( 0.0000000000000000000, 1.000000000000000000, 0.0000000000000000000 ) ) ;
#674 = CARTESIAN_POINT ( 'NONE',  ( 0.6434844230053367000, 1.000000000000000200, -0.8113457884023427300 ) ) ;
#675 = VERTEX_POINT ( 'NONE', #1634 ) ;
#676 = CARTESIAN_POINT ( 'NONE',  ( 0.7680606452598932600, 0.9999606299212596700, -0.8238985608199584900 ) ) ;
#677 = EDGE_CURVE ( 'NONE', #370, #178, #3938, .T. ) ;
#678 = DIRECTION ( 'NONE',  ( -0.0000000000000000000, 1.000000000000000000, -0.0000000000000000000 ) ) ;
#679 = B_SPLINE_CURVE_WITH_KNOTS ( 'NONE', 3,
 ( #1364, #887, #1321, #4840, #1869, #5330, #2360, #5848, #2850, #6348, #3343 ),
 .UNSPECIFIED., .F., .F.,
 ( 4, 1, 1, 1, 1, 1, 1, 1, 4 ),
 ( 0.0000000000000000000, 0.1346179213543785600, 0.2657048455909549700, 0.3948557066713094300, 0.5241965953957002900, 0.6505543932893896900, 0.7704873276626046400, 0.8857022806946893700, 1.000000000000000000 ),
 .UNSPECIFIED. ) ;
#680 = CARTESIAN_POINT ( 'NONE',  ( 0.7491983948820778400, 1.000000000000000200, -0.8855046618114305000 ) ) ;
#681 = CARTESIAN_POINT ( 'NONE',  ( 0.8924258269857348000, 0.9999999999999996700, -0.8112121902482256600 ) ) ;
#682 = CARTESIAN_POINT ( 'NONE',  ( 0.5970916554227045900, 0.9999606299210461700, -0.8547655263470708100 ) ) ;
#683 = CARTESIAN_POINT ( 'NONE',  ( 0.7424065272688745700, 0.9999606299212597800, -0.8875719145257998700 ) ) ;
#684 = CARTESIAN_POINT ( 'NONE',  ( 0.6722594930537279000, 0.9999999999999998900, -0.7943622186616656800 ) ) ;
#685 = CARTESIAN_POINT ( 'NONE',  ( 0.6917738535430196800, 0.9999606299212597800, -0.8329776941244587700 ) ) ;
#686 = DIRECTION ( 'NONE',  ( -0.8754645270000246400, 0.0000000000000000000, -0.4832823832549900700 ) ) ;
#687 = ORIENTED_EDGE ( 'NONE', *, *, #884, .T. ) ;
#688 = CARTESIAN_POINT ( 'NONE',  ( 0.6720077341928506500, 1.000000000000000000, -0.8862587338913301400 ) ) ;
#689 = CARTESIAN_POINT ( 'NONE',  ( 0.6842161017052411600, 0.9999999999999998900, -0.8380465580314079300 ) ) ;
#690 = CARTESIAN_POINT ( 'NONE',  ( 0.6721924002195728300, 1.000000000000000200, -0.8531419597657975400 ) ) ;
#691 = CARTESIAN_POINT ( 'NONE',  ( 0.8563146875033063000, 1.000000000000000000, -0.8732119606537874800 ) ) ;
#692 = ORIENTED_EDGE ( 'NONE', *, *, #97, .F. ) ;
#693 = CARTESIAN_POINT ( 'NONE',  ( 0.7196018238741774800, 1.000000000000000200, -0.8774744125064294400 ) ) ;
#694 = LINE ( 'NONE', #46, #5485 ) ;
#695 = LINE ( 'NONE', #1354, #5965 ) ;
#696 = VERTEX_POINT ( 'NONE', #1132 ) ;
#697 = CARTESIAN_POINT ( 'NONE',  ( 0.6049368624862077000, 0.9999606299212597800, -0.8559566737070764000 ) ) ;
#698 = CARTESIAN_POINT ( 'NONE',  ( 0.7427143039800782100, 0.9999606299212597800, -0.7943360894784513600 ) ) ;
#699 = CARTESIAN_POINT ( 'NONE',  ( 0.6137369411789555000, 0.9999606299212597800, -0.8351509932086206300 ) ) ;
#700 = ORIENTED_EDGE ( 'NONE', *, *, #3846, .F. ) ;
#701 = LINE ( 'NONE', #427, #544 ) ;
#702 = FACE_OUTER_BOUND ( 'NONE', #1785, .T. ) ;
#703 = CARTESIAN_POINT ( 'NONE',  ( 0.8822662341179784400, 0.9999606299212598900, -0.7984055067584698900 ) ) ;
#704 = CARTESIAN_POINT ( 'NONE',  ( 0.5648398833516751200, 1.000000000000000000, -0.7956492701129210800 ) ) ;
#705 = CARTESIAN_POINT ( 'NONE',  ( 0.6514454120396181400, 0.9999606299212602200, -0.8013324613288981300 ) ) ;
#706 = CARTESIAN_POINT ( 'NONE',  ( 0.6824885761076978600, 1.000000000000000200, -0.8386963068130615100 ) ) ;
#707 = LINE ( 'NONE', #3227, #4484 ) ;
#708 = CARTESIAN_POINT ( 'NONE',  ( 0.8556970228262273900, 1.000000000000000200, -0.8360618730774281900 ) ) ;
#709 = LINE ( 'NONE', #2421, #1537 ) ;
#710 = CARTESIAN_POINT ( 'NONE',  ( 0.6555595264972052800, 0.9999999999999996700, -0.8793727278892368200 ) ) ;
#711 = CARTESIAN_POINT ( 'NONE',  ( 0.8648620103373251300, 0.9999606299212595600, -0.8057316436477763900 ) ) ;
#712 = PLANE ( 'NONE',  #6083 ) ;
#713 = EDGE_LOOP ( 'NONE', ( #3993, #4127, #3370, #4097 ) ) ;
#714 = CARTESIAN_POINT ( 'NONE',  ( 0.6947781934609214000, 0.9999606299212597800, -0.8256139194255447400 ) ) ;
#715 = LINE ( 'NONE', #5151, #2175 ) ;
#716 = CARTESIAN_POINT ( 'NONE',  ( 0.7052174071811415600, 0.9999999999999998900, -0.8196986926178516700 ) ) ;
#717 = EDGE_CURVE ( 'NONE', #5460, #347, #2769, .T. ) ;
#718 = CARTESIAN_POINT ( 'NONE',  ( 0.6097541291296197900, 1.000000000000000200, -0.8588784225839303200 ) ) ;
#719 = CARTESIAN_POINT ( 'NONE',  ( 0.7263611013914480500, 0.9999606299212598900, -0.8462067245400045600 ) ) ;
#720 = EDGE_CURVE ( 'NONE', #3693, #6084, #1304, .T. ) ;
#721 = CARTESIAN_POINT ( 'NONE',  ( 0.7910062914650114500, 0.9999999999999996700, -0.8743648667582570900 ) ) ;
#722 = VECTOR ( 'NONE', #5651, 39.37007874015748100 ) ;
#723 = CARTESIAN_POINT ( 'NONE',  ( 0.6036040513317667600, 0.9999606299212601100, -0.8421973157948771100 ) ) ;
#724 = CARTESIAN_POINT ( 'NONE',  ( 0.6157563630031058800, 0.9999606299212601100, -0.8486968600098528900 ) ) ;
#725 = CARTESIAN_POINT ( 'NONE',  ( 0.8710498536998400000, 0.9999999999999998900, -0.7943843237581593700 ) ) ;
#726 = CARTESIAN_POINT ( 'NONE',  ( 0.6186336770397309300, 0.9999606299212601100, -0.8029257786886218100 ) ) ;
#727 = CARTESIAN_POINT ( 'NONE',  ( 0.6411235382975615200, 1.000000000000000400, -0.8176161403066490900 ) ) ;
#728 = EDGE_LOOP ( 'NONE', ( #4780, #4570, #5152, #6289 ) ) ;
#729 = CARTESIAN_POINT ( 'NONE',  ( 0.8889082418019000900, 0.9999606299212597800, -0.8439496953245095900 ) ) ;
#730 = CARTESIAN_POINT ( 'NONE',  ( 0.8699491963917437300, 0.9999606299212597800, -0.8048415345542089300 ) ) ;
#731 = CARTESIAN_POINT ( 'NONE',  ( 0.6656416884631166700, 0.9999606299212603400, -0.8856636799566642800 ) ) ;
#732 = CARTESIAN_POINT ( 'NONE',  ( 0.7052202280086852200, 1.000000000000000000, -0.8277995703189258100 ) ) ;
#733 = CARTESIAN_POINT ( 'NONE',  ( 0.5064393814528370700, 0.9999606299212597800, -0.1281468749641309100 ) ) ;
#734 = CARTESIAN_POINT ( 'NONE',  ( 0.8709691548539132400, 0.9999606299212598900, -0.8980620383274591200 ) ) ;
#735 = ORIENTED_EDGE ( 'NONE', *, *, #6069, .F. ) ;
#736 = CARTESIAN_POINT ( 'NONE',  ( 0.6755611090386211000, 0.9999606299212596700, -0.8409048235608033200 ) ) ;
#737 = CARTESIAN_POINT ( 'NONE',  ( 0.6866097168424030200, 1.000000000000000200, -0.7962291178442932900 ) ) ;
#738 = CARTESIAN_POINT ( 'NONE',  ( 0.6423175407853872800, 1.000000000000000000, -0.8703774555932122200 ) ) ;
#739 = DIRECTION ( 'NONE',  ( 0.9922778767136677400, 0.0000000000000000000, -0.1240347345892084700 ) ) ;
#740 = B_SPLINE_CURVE_WITH_KNOTS ( 'NONE', 3,
 ( #2369, #5338, #6354, #3351, #428, #3863, #908, #4368, #1395, #4869, #1894 ),
 .UNSPECIFIED., .F., .F.,
 ( 4, 1, 1, 1, 1, 1, 1, 1, 4 ),
 ( 0.0000000000000000000, 0.1333786706066389100, 0.2619252341554830800, 0.3867490650401661000, 0.5114364515435126900, 0.6336363288425956900, 0.7543578055143851400, 0.8757685104033916500, 1.000000000000000000 ),
 .UNSPECIFIED. ) ;
#741 = VERTEX_POINT ( 'NONE', #5126 ) ;
#742 = CARTESIAN_POINT ( 'NONE',  ( 0.7685840856359693600, 0.9999606299212595600, -0.8651149810869822600 ) ) ;
#743 = CARTESIAN_POINT ( 'NONE',  ( 0.007874015748043920000, 1.000000000000012200, -0.9944322300693974000 ) ) ;
#744 = DIRECTION ( 'NONE',  ( -1.000000000000000000, 0.0000000000000000000, 2.220446049250312600E-016 ) ) ;
#745 = CARTESIAN_POINT ( 'NONE',  ( 0.6264475034263850000, 1.000000000000000400, -0.8297364255665729000 ) ) ;
#746 = ORIENTED_EDGE ( 'NONE', *, *, #1513, .F. ) ;
#747 = CARTESIAN_POINT ( 'NONE',  ( 0.6055824096577764300, 1.000000000000000200, -0.7964140296541991600 ) ) ;
#748 = DIRECTION ( 'NONE',  ( -1.000000000000000000, -9.765807822620414600E-013, 0.0000000000000000000 ) ) ;
#749 = CARTESIAN_POINT ( 'NONE',  ( 0.8863549858155140800, 0.9999606299212597800, -0.8214968111665764700 ) ) ;
#750 = VERTEX_POINT ( 'NONE', #3109 ) ;
#751 = CARTESIAN_POINT ( 'NONE',  ( 0.6528400638699185500, 0.9999606299212597800, -0.8707132467423484000 ) ) ;
#752 = CARTESIAN_POINT ( 'NONE',  ( 0.7589479128613836300, 0.9999606299212596700, -0.8573606234840254200 ) ) ;
#753 = EDGE_CURVE ( 'NONE', #4263, #3861, #1816, .T. ) ;
#754 = CARTESIAN_POINT ( 'NONE',  ( 0.8624271098903802900, 0.9999606299212601100, -0.7951925975796311200 ) ) ;
#755 = CARTESIAN_POINT ( 'NONE',  ( 0.8812177739919306900, 0.9999999999999996700, -0.8951932128304741500 ) ) ;
#756 = EDGE_CURVE ( 'NONE', #4871, #2768, #6292, .T. ) ;
#757 = CARTESIAN_POINT ( 'NONE',  ( 0.6666638833839867400, 0.9999606299212597800, -0.5063097178467925700 ) ) ;
#758 = ORIENTED_EDGE ( 'NONE', *, *, #3808, .T. ) ;
#759 = CARTESIAN_POINT ( 'NONE',  ( 0.7665635637487823200, 0.9999606299212598900, -0.8754590969021018900 ) ) ;
#760 = B_SPLINE_CURVE_WITH_KNOTS ( 'NONE', 3,
 ( #204, #623, #246, #3674, #731, #4182, #1210, #4684, #1715, #5185, #2207, #5693, #2702, #6191, #3184, #266, #3697, #751, #4204 ),
 .UNSPECIFIED., .F., .F.,
 ( 4, 1, 1, 1, 1, 1, 1, 1, 1, 1, 1, 1, 1, 1, 1, 1, 4 ),
 ( 0.0000000000000000000, 0.08042359312847370500, 0.1554478660209168100, 0.2274865779056530500, 0.2949489652405909400, 0.3597986509905239900, 0.4210200219417497600, 0.4819019994985019300, 0.5406082872412787400, 0.5984821386513642400, 0.6551515363375460800, 0.7102010032718282200, 0.7655971895723571200, 0.8217224591483826000, 0.8791641554936628900, 0.9383687171181152000, 0.9999999999999998900 ),
 .UNSPECIFIED. ) ;
#761 = B_SPLINE_CURVE_WITH_KNOTS ( 'NONE', 3,
 ( #3967, #526, #1016, #4465, #1494, #4972, #1994, #5471, #2492, #5980, #2976, #49, #3480, #542, #3986, #1029, #4490, #1512, #4991, #2016, #5491, #2511, #6000, #2998, #69, #3499, #568 ),
 .UNSPECIFIED., .F., .F.,
 ( 4, 1, 1, 1, 1, 1, 1, 1, 1, 1, 1, 1, 1, 1, 1, 1, 1, 1, 1, 1, 1, 1, 1, 1, 4 ),
 ( 0.0000000000000000000, 0.02999254000424278800, 0.05988765824215254400, 0.08952798136277485800, 0.1191969217462761400, 0.1495620541731854900, 0.1802969880107635800, 0.2118561156720021900, 0.2444942577915404900, 0.2777728978183695000, 0.3118577989205675900, 0.3465136761103508300, 0.3821460087630955100, 0.4188459932314990700, 0.4570305446283730000, 0.4968164127269490400, 0.5380658000762206200, 0.5818416214535223600, 0.6295539024461216400, 0.6809740009360099000, 0.7362938138258241500, 0.7958930195968693100, 0.8595676369009319600, 0.9276884041951013500, 1.000000000000000000 ),
 .UNSPECIFIED. ) ;
#762 = CARTESIAN_POINT ( 'NONE',  ( 0.7557374565303817100, 0.9999606299212595600, -0.8157973330503504000 ) ) ;
#763 = CARTESIAN_POINT ( 'NONE',  ( 0.8557209551102361600, 0.9999999999999998900, -0.8564626415467999600 ) ) ;
#764 = CARTESIAN_POINT ( 'NONE',  ( 0.6744083925402404300, 1.000000000000000000, -0.8061547151886786500 ) ) ;
#765 = ORIENTED_EDGE ( 'NONE', *, *, #2435, .F. ) ;
#766 = LOCAL_TIME ( 13, 25, 22.00000000000000000, #2056 ) ;
#767 = AXIS2_PLACEMENT_3D ( 'NONE', #1820, #5288, #2320 ) ;
#768 = CARTESIAN_POINT ( 'NONE',  ( 0.6057464946910009500, 0.9999999999999998900, -0.8834899796316664200 ) ) ;
#769 = CARTESIAN_POINT ( 'NONE',  ( 0.8669035678052048300, 0.9999606299212596700, -0.8311889652298092300 ) ) ;
#770 = CARTESIAN_POINT ( 'NONE',  ( 0.7289050718246802300, 0.9999606299212507900, -0.8185437283646475000 ) ) ;
#771 = CARTESIAN_POINT ( 'NONE',  ( 0.6921413392637935100, 1.000000000000000200, -0.8673696168532338800 ) ) ;
#772 = CARTESIAN_POINT ( 'NONE',  ( 0.6503495900031444100, 0.9999606299212595600, -0.8284545384861493600 ) ) ;
#773 = B_SPLINE_CURVE_WITH_KNOTS ( 'NONE', 3,
 ( #5393, #1928, #5911, #2906, #6409, #3408, #476, #3914, #964, #4421, #1443, #4921, #1952, #5416, #2444, #5933, #2933, #6425, #3426 ),
 .UNSPECIFIED., .F., .F.,
 ( 4, 1, 1, 1, 1, 1, 1, 1, 1, 1, 1, 1, 1, 1, 1, 1, 4 ),
 ( 0.0000000000000000000, 0.09461717910809283600, 0.1836879983719783800, 0.2673423192650705200, 0.3451199086331392400, 0.4179131261566900200, 0.4859235696282120400, 0.5491582703543158600, 0.6081407685528287300, 0.6632543324827663300, 0.7145929467936138500, 0.7632116109258697500, 0.8100106062874741200, 0.8561688043370029300, 0.9024550121772492200, 0.9500755117454138300, 0.9999999999999998900 ),
 .UNSPECIFIED. ) ;
#774 = ORIENTED_EDGE ( 'NONE', *, *, #4734, .F. ) ;
#775 = FACE_BOUND ( 'NONE', #5864, .T. ) ;
#776 = CARTESIAN_POINT ( 'NONE',  ( 0.7910062914650114500, 0.9999606299212595600, -0.8743648667582570900 ) ) ;
#777 = CARTESIAN_POINT ( 'NONE',  ( 0.7442107386842882200, 0.9999606299212597800, -0.8875061143145960300 ) ) ;
#778 = FACE_OUTER_BOUND ( 'NONE', #1341, .T. ) ;
#779 = CARTESIAN_POINT ( 'NONE',  ( 0.8518373970045481900, 1.000000000000000200, -0.8024245094069700800 ) ) ;
#780 = CARTESIAN_POINT ( 'NONE',  ( 0.8916643220525432000, 0.9999606299212593400, -0.8846171352781907500 ) ) ;
#781 = LINE ( 'NONE', #1845, #4405 ) ;
#782 = CARTESIAN_POINT ( 'NONE',  ( 0.8872616773849944000, 0.9999999999999998900, -0.8569145064332350800 ) ) ;
#783 = ORIENTED_EDGE ( 'NONE', *, *, #3556, .F. ) ;
#784 = VECTOR ( 'NONE', #2820, 39.37007874015748100 ) ;
#785 = CARTESIAN_POINT ( 'NONE',  ( 0.6423401860545313600, 0.9999606299212597800, -0.8713704213580693000 ) ) ;
#786 = CARTESIAN_POINT ( 'NONE',  ( 0.8711513989639605400, 1.000000000000000000, -0.8416219375197360200 ) ) ;
#787 = VECTOR ( 'NONE', #2865, 39.37007874015748100 ) ;
#788 = CARTESIAN_POINT ( 'NONE',  ( 0.7024848151881814000, 1.000000000000000200, -0.8722768179403940200 ) ) ;
#789 = DIRECTION ( 'NONE',  ( -0.4832823832550001700, 0.0000000000000000000, 0.8754645270000190900 ) ) ;
#790 = CARTESIAN_POINT ( 'NONE',  ( 0.8449471482685631000, 0.9999606299212596700, -0.8568657517429785200 ) ) ;
#791 = ORIENTED_EDGE ( 'NONE', *, *, #1074, .T. ) ;
#792 = CARTESIAN_POINT ( 'NONE',  ( 0.7363327929195510000, 1.000000000000049700, -0.8069195446151783400 ) ) ;
#793 = FACE_OUTER_BOUND ( 'NONE', #385, .T. ) ;
#794 = CARTESIAN_POINT ( 'NONE',  ( 0.7363327929195510000, 0.9999606299212593400, -0.8069195446151783400 ) ) ;
#795 = CARTESIAN_POINT ( 'NONE',  ( 0.6574140535156332000, 0.9999999999999995600, -0.8122796531841953700 ) ) ;
#796 = EDGE_CURVE ( 'NONE', #3831, #6075, #6246, .T. ) ;
#797 = ORIENTED_EDGE ( 'NONE', *, *, #3212, .T. ) ;
#798 = CARTESIAN_POINT ( 'NONE',  ( 0.8945395083202235500, 1.000000000000000400, -0.8166313589651411600 ) ) ;
#799 = ORIENTED_EDGE ( 'NONE', *, *, #3808, .F. ) ;
#800 = VECTOR ( 'NONE', #2802, 39.37007874015748100 ) ;
#801 = CARTESIAN_POINT ( 'NONE',  ( 0.8459796534587462600, 0.9999606299212598900, -0.8183069775693829800 ) ) ;
#802 = DIRECTION ( 'NONE',  ( 0.0000000000000000000, 0.0000000000000000000, -1.000000000000000000 ) ) ;
#804 = CARTESIAN_POINT ( 'NONE',  ( 0.8970065035405315700, 1.000000000000000000, -0.8690280415168176700 ) ) ;
#803 = AXIS2_PLACEMENT_3D ( 'NONE', #5085, #3692, #748 ) ;
#805 = EDGE_LOOP ( 'NONE', ( #5699, #5017, #2314, #5071 ) ) ;
#806 = EDGE_CURVE ( 'NONE', #3021, #4268, #5107, .T. ) ;
#807 = CARTESIAN_POINT ( 'NONE',  ( 0.6467583054170489300, 0.9999999999999998900, -0.8862016335510632900 ) ) ;
#808 = CARTESIAN_POINT ( 'NONE',  ( 0.6071289848640377700, 0.9999606299212596700, -0.8090693083859318300 ) ) ;
#809 = EDGE_CURVE ( 'NONE', #2306, #3659, #953, .T. ) ;
#810 = CARTESIAN_POINT ( 'NONE',  ( 0.8114716212630150900, 1.000000000000000000, -0.8980773596015574300 ) ) ;
#811 = CARTESIAN_POINT ( 'NONE',  ( 0.1001548727153806400, 1.000000000000000000, -0.5063941171341138600 ) ) ;
#812 = CARTESIAN_POINT ( 'NONE',  ( 0.8549522685632576800, 0.9999999999999998900, -0.7992292962084121000 ) ) ;
#813 = ORIENTED_EDGE ( 'NONE', *, *, #2446, .F. ) ;
#814 = CARTESIAN_POINT ( 'NONE',  ( 0.6895435936065677000, 0.9999999999999995600, -0.8770574140901102900 ) ) ;
#815 = CARTESIAN_POINT ( 'NONE',  ( 0.6744083925402404300, 0.9999606299212597800, -0.8061547151886786500 ) ) ;
#816 = ORIENTED_EDGE ( 'NONE', *, *, #6160, .T. ) ;
#817 = CARTESIAN_POINT ( 'NONE',  ( 0.6897561912056050500, 0.9999606299212597800, -0.8479302741227458000 ) ) ;
#818 = CARTESIAN_POINT ( 'NONE',  ( 0.8749941937594063500, 0.9999999999999998900, -0.7950733952401736200 ) ) ;
#819 = CARTESIAN_POINT ( 'NONE',  ( 0.007874015748031721500, 1.000000000000000000, 0.0000000000000000000 ) ) ;
#820 = CARTESIAN_POINT ( 'NONE',  ( 0.6965502124936393500, 1.000000000000000000, -0.8439207357582896300 ) ) ;
#821 = CARTESIAN_POINT ( 'NONE',  ( 0.4972358381457523400, 0.9999606299212597800, -0.1002054203944308900 ) ) ;
#822 = CARTESIAN_POINT ( 'NONE',  ( 0.6036361453984087100, 0.9999606299212595600, -0.8555487920090501000 ) ) ;
#823 = CARTESIAN_POINT ( 'NONE',  ( 0.8445473584937205300, 1.000000000000000000, -0.8640782922372404200 ) ) ;
#824 = CARTESIAN_POINT ( 'NONE',  ( 0.6623650708183044200, 0.9999606299212598900, -0.8970428915089245800 ) ) ;
#825 = CARTESIAN_POINT ( 'NONE',  ( 0.3052134181456790900, 1.000000000000000000, -0.5063941171341138600 ) ) ;
#826 = ADVANCED_FACE ( 'NONE', ( #4804 ), #3820, .T. ) ;
#827 = CARTESIAN_POINT ( 'NONE',  ( 0.7980242636533477800, 0.9999999999999998900, -0.8668351325861571900 ) ) ;
#828 = CARTESIAN_POINT ( 'NONE',  ( 0.6160205150238842200, 0.9999999999999998900, -0.8242504865637650900 ) ) ;
#829 = CARTESIAN_POINT ( 'NONE',  ( 0.6744083925402404300, 1.000000000000000000, -0.8061547151886786500 ) ) ;
#830 = DIRECTION ( 'NONE',  ( 0.9922778767136677400, 0.0000000000000000000, -0.1240347345892084700 ) ) ;
#831 = ORIENTED_EDGE ( 'NONE', *, *, #1901, .T. ) ;
#832 = CARTESIAN_POINT ( 'NONE',  ( 0.5961920709996391100, 1.000000000000000000, -0.8074678958231482600 ) ) ;
#833 = CARTESIAN_POINT ( 'NONE',  ( 0.7167675451790243000, 0.9999606299212598900, -0.8634975451653420500 ) ) ;
#834 = CARTESIAN_POINT ( 'NONE',  ( 0.6535427835380448500, 0.9999999999999998900, -0.8643097714588337000 ) ) ;
#835 = DIRECTION ( 'NONE',  ( 0.6512707515841222900, 0.0000000000000000000, -0.7588454441657090900 ) ) ;
#836 = CARTESIAN_POINT ( 'NONE',  ( 0.2838299188446100100, 1.000000000000000000, -0.5451302592941684700 ) ) ;
#837 = EDGE_CURVE ( 'NONE', #20, #2779, #5880, .T. ) ;
#838 = CARTESIAN_POINT ( 'NONE',  ( 0.7053502112399326900, 0.9999606299212597800, -0.8237800615169516000 ) ) ;
#839 = CARTESIAN_POINT ( 'NONE',  ( 0.8579847362084968000, 0.9999606299212597800, -0.8137952513296630200 ) ) ;
#840 = CARTESIAN_POINT ( 'NONE',  ( 0.6063692209167793600, 0.9999606299212597800, -0.8087400395627908400 ) ) ;
#841 = CARTESIAN_POINT ( 'NONE',  ( 0.8474124165263422500, 0.9999606299212596700, -0.8811964705897420400 ) ) ;
#842 = EDGE_CURVE ( 'NONE', #3868, #100, #2158, .T. ) ;
#843 = DIRECTION ( 'NONE',  ( -1.000000000000000000, 0.0000000000000000000, 0.0000000000000000000 ) ) ;
#844 = ORIENTED_EDGE ( 'NONE', *, *, #5224, .T. ) ;
#845 = SECURITY_CLASSIFICATION ( '', '', #4330 ) ;
#846 = CARTESIAN_POINT ( 'NONE',  ( 0.6599815971361130400, 0.9999606299212593400, -0.8571332903282332700 ) ) ;
#847 = EDGE_LOOP ( 'NONE', ( #5895, #2061, #6267, #5535 ) ) ;
#848 = VECTOR ( 'NONE', #830, 39.37007874015748100 ) ;
#849 = DIRECTION ( 'NONE',  ( 0.0000000000000000000, 0.0000000000000000000, 1.000000000000000000 ) ) ;
#850 = CARTESIAN_POINT ( 'NONE',  ( 0.6941138401241953000, 1.000000000000000200, -0.8181077542257113600 ) ) ;
#851 = FACE_OUTER_BOUND ( 'NONE', #3748, .T. ) ;
#852 = CARTESIAN_POINT ( 'NONE',  ( 0.6063692209167793600, 0.9999606299207709500, -0.8087400395627908400 ) ) ;
#853 = CARTESIAN_POINT ( 'NONE',  ( 0.7244036631431997100, 1.000000000000000000, -0.8879565238667496100 ) ) ;
#854 = EDGE_LOOP ( 'NONE', ( #3224, #746, #1400, #1799 ) ) ;
#855 = LINE ( 'NONE', #407, #1006 ) ;
#856 = CARTESIAN_POINT ( 'NONE',  ( 0.7696960623289480500, 1.000000000000000200, -0.8461656876451774100 ) ) ;
#857 = ADVANCED_FACE ( 'NONE', ( #6135 ), #3828, .T. ) ;
#858 = LINE ( 'NONE', #6378, #1996 ) ;
#859 = CARTESIAN_POINT ( 'NONE',  ( 0.8733637839367578400, 1.000000000000000000, -0.8416799762904679800 ) ) ;
#860 = CARTESIAN_POINT ( 'NONE',  ( 0.6423175407853872800, 1.000000000000000000, -0.8703774555932122200 ) ) ;
#861 = CARTESIAN_POINT ( 'NONE',  ( 0.6827705427387713600, 0.9999606299212595600, -0.8503887164131017600 ) ) ;
#862 = PLANE ( 'NONE',  #2853 ) ;
#863 = CARTESIAN_POINT ( 'NONE',  ( 0.7614476464686851200, 0.9999606299212597800, -0.8874077669464911500 ) ) ;
#864 = CARTESIAN_POINT ( 'NONE',  ( 0.8580965929443867800, 1.000000000000000200, -0.8945612981773059000 ) ) ;
#865 = ORIENTED_EDGE ( 'NONE', *, *, #2884, .T. ) ;
#866 = VERTEX_POINT ( 'NONE', #361 ) ;
#867 = CARTESIAN_POINT ( 'NONE',  ( 0.6122636566274711800, 0.9999606299212601100, -0.8127666005617721900 ) ) ;
#868 = LINE ( 'NONE', #5181, #5979 ) ;
#869 = CARTESIAN_POINT ( 'NONE',  ( 0.6744083925402404300, 0.9999606299212597800, -0.8061547151886786500 ) ) ;
#870 = CARTESIAN_POINT ( 'NONE',  ( 0.8788083428952134800, 1.000000000000000400, -0.8080286842144124300 ) ) ;
#871 = DIRECTION ( 'NONE',  ( 1.000000000000000000, 0.0000000000000000000, 2.453269466693455300E-014 ) ) ;
#872 = DIRECTION ( 'NONE',  ( -0.0000000000000000000, 1.000000000000000000, -0.0000000000000000000 ) ) ;
#873 = ORIENTED_EDGE ( 'NONE', *, *, #4145, .T. ) ;
#874 = LINE ( 'NONE', #3024, #3638 ) ;
#875 = PERSON_AND_ORGANIZATION_ROLE ( 'design_supplier' ) ;
#876 = CARTESIAN_POINT ( 'NONE',  ( 0.8713771775570899900, 1.000000000000000200, -0.8875523819003108300 ) ) ;
#877 = DIRECTION ( 'NONE',  ( -1.981140580226861900E-013, 1.000000000000000000, 1.513736117553753000E-012 ) ) ;
#878 = CARTESIAN_POINT ( 'NONE',  ( 0.7417606572979164000, 0.9999606299212597800, -0.8980394702805862800 ) ) ;
#879 = ORIENTED_EDGE ( 'NONE', *, *, #1866, .F. ) ;
#880 = ORIENTED_EDGE ( 'NONE', *, *, #547, .F. ) ;
#881 = FACE_OUTER_BOUND ( 'NONE', #16, .T. ) ;
#882 = EDGE_CURVE ( 'NONE', #2075, #3262, #329, .T. ) ;
#883 = CARTESIAN_POINT ( 'NONE',  ( 0.7680606452598932600, 0.9999999999999998900, -0.8238985608199584900 ) ) ;
#884 = EDGE_CURVE ( 'NONE', #108, #6213, #4643, .T. ) ;
#885 = CARTESIAN_POINT ( 'NONE',  ( 0.8832173315651835600, 0.9999606299212602200, -0.8475413968131990700 ) ) ;
#886 = CARTESIAN_POINT ( 'NONE',  ( 0.6653129685593348600, 1.000000000000000200, -0.8976283961692269600 ) ) ;
#887 = CARTESIAN_POINT ( 'NONE',  ( 0.8883585105241297300, 0.9999606299212597800, -0.8429962351910224000 ) ) ;
#888 = CARTESIAN_POINT ( 'NONE',  ( 0.1001548727153806400, 0.9999606299212597800, -0.4935941171341137200 ) ) ;
#889 = ADVANCED_FACE ( 'NONE', ( #3458 ), #4830, .F. ) ;
#890 = CARTESIAN_POINT ( 'NONE',  ( 0.6160539280959932400, 1.000000000000000000, -0.8252573897307299300 ) ) ;
#891 = DIRECTION ( 'NONE',  ( -0.7071067811865536800, -2.775557561562891400E-017, -0.7071067811865413600 ) ) ;
#892 = CARTESIAN_POINT ( 'NONE',  ( 0.8889082418019000900, 1.000000000000000000, -0.8414669631874652800 ) ) ;
#893 = CARTESIAN_POINT ( 'NONE',  ( 0.7463444778239463100, 1.000000000000000200, -0.8053438087667225100 ) ) ;
#894 = CARTESIAN_POINT ( 'NONE',  ( 0.8614607148815626200, 0.9999606299212597800, -0.8824926620421138500 ) ) ;
#895 = ORIENTED_EDGE ( 'NONE', *, *, #2721, .T. ) ;
#896 = CARTESIAN_POINT ( 'NONE',  ( 0.8449755969495119600, 0.9999606299212601100, -0.8715074075050390800 ) ) ;
#897 = DIRECTION ( 'NONE',  ( -0.7071067811865130400, -0.0000000000000000000, -0.7071067811865821000 ) ) ;
#898 = CARTESIAN_POINT ( 'NONE',  ( 0.7569597955962638100, 0.9999606299212598900, -0.7994477559869012100 ) ) ;
#899 = ORIENTED_EDGE ( 'NONE', *, *, #1446, .T. ) ;
#900 = CARTESIAN_POINT ( 'NONE',  ( 0.8876315700130501500, 0.9999999999999998900, -0.8592524981677526200 ) ) ;
#901 = CARTESIAN_POINT ( 'NONE',  ( 0.6731524534166873900, 1.000000000000000000, -0.8980356636877576700 ) ) ;
#902 = CARTESIAN_POINT ( 'NONE',  ( 0.5648398833516751200, 0.9999606299212597800, -0.8967641789670877100 ) ) ;
#903 = CARTESIAN_POINT ( 'NONE',  ( 0.6046986637201606800, 0.9999606299212597800, -0.8960746992842451000 ) ) ;
#904 = CARTESIAN_POINT ( 'NONE',  ( 0.8449755969495119600, 1.000000000000000200, -0.8715074075050390800 ) ) ;
#905 = CARTESIAN_POINT ( 'NONE',  ( 0.6113103375535315900, 1.000000000000000000, -0.7980615815967033700 ) ) ;
#906 = ORIENTED_EDGE ( 'NONE', *, *, #18, .F. ) ;
#907 = CARTESIAN_POINT ( 'NONE',  ( 0.6489304697895809100, 0.9999606299212597800, -0.8037323415071634400 ) ) ;
#908 = CARTESIAN_POINT ( 'NONE',  ( 0.6194204802863024800, 1.000000000000000000, -0.8563328561339163000 ) ) ;
#909 = CARTESIAN_POINT ( 'NONE',  ( 0.7591358556977135800, 0.9999999999999996700, -0.8405216733138243200 ) ) ;
#910 = ORIENTED_EDGE ( 'NONE', *, *, #1821, .T. ) ;
#911 = CARTESIAN_POINT ( 'NONE',  ( 0.8557209369378804300, 0.9999999999999998900, -0.8709406397222022600 ) ) ;
#912 = CARTESIAN_POINT ( 'NONE',  ( 0.8677160910935857200, 0.9999606299212597800, -0.8980014902715772700 ) ) ;
#913 = CARTESIAN_POINT ( 'NONE',  ( 0.6126478658253377000, 1.000000000000000200, -0.8501462664434136200 ) ) ;
#914 = EDGE_CURVE ( 'NONE', #4856, #280, #855, .T. ) ;
#915 = CALENDAR_DATE ( 2018, 15, 3 ) ;
#916 = CARTESIAN_POINT ( 'NONE',  ( 0.7427143039800782100, 1.000000000000000000, -0.7943360894784513600 ) ) ;
#917 = CARTESIAN_POINT ( 'NONE',  ( 0.9921259842519686300, 1.000000000000000000, -0.9921259842519685200 ) ) ;
#918 = CARTESIAN_POINT ( 'NONE',  ( 0.6966021832335456100, 0.9999606299212597800, -0.8871971595059464600 ) ) ;
#919 = EDGE_CURVE ( 'NONE', #940, #4913, #1995, .T. ) ;
#920 = CARTESIAN_POINT ( 'NONE',  ( 0.5947147427858607800, 0.9999606299212597800, -0.8429237729538301400 ) ) ;
#921 = VERTEX_POINT ( 'NONE', #1370 ) ;
#922 = CARTESIAN_POINT ( 'NONE',  ( 0.6133420475150623800, 0.9999606299212596700, -0.8721963385797724100 ) ) ;
#923 = CARTESIAN_POINT ( 'NONE',  ( 0.6164251057133373100, 0.9999999999999996700, -0.8902218213481510900 ) ) ;
#924 = CARTESIAN_POINT ( 'NONE',  ( 0.8677160910935857200, 1.000000000000000000, -0.8980014902715772700 ) ) ;
#925 = FACE_BOUND ( 'NONE', #958, .T. ) ;
#926 = ORIENTED_EDGE ( 'NONE', *, *, #25, .T. ) ;
#927 = EDGE_CURVE ( 'NONE', #5108, #1547, #3144, .T. ) ;
#928 = VECTOR ( 'NONE', #4666, 39.37007874015748100 ) ;
#929 = CARTESIAN_POINT ( 'NONE',  ( 0.7910062914650114500, 0.9999606299212595600, -0.8743648667582570900 ) ) ;
#930 = VECTOR ( 'NONE', #4275, 39.37007874015748100 ) ;
#931 = CARTESIAN_POINT ( 'NONE',  ( 0.7308687178538354500, 0.9999606299212597800, -0.8790223098753259200 ) ) ;
#932 = ORIENTED_EDGE ( 'NONE', *, *, #4563, .F. ) ;
#933 = ORIENTED_EDGE ( 'NONE', *, *, #4857, .F. ) ;
#934 = DIRECTION ( 'NONE',  ( -0.0000000000000000000, 1.000000000000000000, -0.0000000000000000000 ) ) ;
#935 = FACE_OUTER_BOUND ( 'NONE', #2100, .T. ) ;
#936 = VECTOR ( 'NONE', #3335, 39.37007874015748100 ) ;
#937 = CARTESIAN_POINT ( 'NONE',  ( 0.8503389295132162100, 0.9999606299212597800, -0.5450458600068470700 ) ) ;
#938 = CARTESIAN_POINT ( 'NONE',  ( 0.6265211881268046800, 1.000000000000000000, -0.8268402999870347900 ) ) ;
#939 = CARTESIAN_POINT ( 'NONE',  ( 0.8878657548066345400, 1.000000000000000200, -0.8652210001013535000 ) ) ;
#940 = VERTEX_POINT ( 'NONE', #5853 ) ;
#941 = CARTESIAN_POINT ( 'NONE',  ( 0.7053502112399326900, 0.9999606299212597800, -0.8237800615169516000 ) ) ;
#942 = VECTOR ( 'NONE', #95, 39.37007874015748100 ) ;
#943 = CARTESIAN_POINT ( 'NONE',  ( 0.7027238499709933500, 1.000000000000000000, -0.8678742050087543400 ) ) ;
#944 = CARTESIAN_POINT ( 'NONE',  ( 0.5028429247599257600, 1.000000000000000000, -0.1002054203944308900 ) ) ;
#945 = CARTESIAN_POINT ( 'NONE',  ( 0.5967878168879028300, 0.9999606299212597800, -0.8848708274553867000 ) ) ;
#946 = CARTESIAN_POINT ( 'NONE',  ( 0.6239330119028114700, 0.9999606299212597800, -0.8713418226216509400 ) ) ;
#947 = CARTESIAN_POINT ( 'NONE',  ( 0.7375474601372531400, 0.9999606299212598900, -0.8864175344476557000 ) ) ;
#948 = LINE ( 'NONE', #4309, #2093 ) ;
#949 = CARTESIAN_POINT ( 'NONE',  ( 0.8099108295429469100, 0.9999999999999996700, -0.8945104409950827000 ) ) ;
#950 = DIRECTION ( 'NONE',  ( -0.0000000000000000000, 1.000000000000000000, -0.0000000000000000000 ) ) ;
#951 = ADVANCED_BREP_SHAPE_REPRESENTATION ( '23268-E0W', ( #3406, #3719, #3257 ), #1612 ) ;
#952 = CARTESIAN_POINT ( 'NONE',  ( 0.9921259842519686300, 1.000000000000000000, -0.9921259842519685200 ) ) ;
#953 = B_SPLINE_CURVE_WITH_KNOTS ( 'NONE', 3,
 ( #3190, #5701, #2215, #3705, #759, #4211, #1245, #4713, #1742, #5212, #2239 ),
 .UNSPECIFIED., .F., .F.,
 ( 4, 1, 1, 1, 1, 1, 1, 1, 4 ),
 ( 0.0000000000000000000, 0.09321839406069649900, 0.1938574851185520300, 0.3031616225397836300, 0.4216003745329097700, 0.5505359843336943300, 0.6892597431086399100, 0.8389726057502749900, 1.000000000000000000 ),
 .UNSPECIFIED. ) ;
#954 = CARTESIAN_POINT ( 'NONE',  ( 0.8792413525760162100, 1.000000000000000000, -0.8851511263877236400 ) ) ;
#955 = CARTESIAN_POINT ( 'NONE',  ( 0.6595427244644688200, 1.000000000000000200, -0.8458728169313497500 ) ) ;
#956 = EDGE_CURVE ( 'NONE', #3209, #5417, #3304, .T. ) ;
#957 = CARTESIAN_POINT ( 'NONE',  ( 0.8842057908183356100, 0.9999606299212602200, -0.8797595944375885500 ) ) ;
#958 = EDGE_LOOP ( 'NONE', ( #4651, #4052, #6291, #5349, #3356, #3790, #1482, #4394, #6050, #39 ) ) ;
#959 = EDGE_CURVE ( 'NONE', #656, #5524, #701, .T. ) ;
#960 = CARTESIAN_POINT ( 'NONE',  ( 0.8493201058281509800, 0.9999606299212596700, -0.8063691390766378800 ) ) ;
#961 = CARTESIAN_POINT ( 'NONE',  ( 0.6751955832177896100, 1.000000000000000000, -0.8061707122962493700 ) ) ;
#962 = CARTESIAN_POINT ( 'NONE',  ( 0.8830773159976556000, 0.9999606299212595600, -0.8813758192757522600 ) ) ;
#963 = DIRECTION ( 'NONE',  ( 0.7071067811865413600, -0.7071067811865536800, 0.0000000000000000000 ) ) ;
#964 = CARTESIAN_POINT ( 'NONE',  ( 0.7645765423540037400, 0.9999999999999998900, -0.8110799030655851900 ) ) ;
#965 = CARTESIAN_POINT ( 'NONE',  ( 0.7297922226564244100, 1.000000000000050000, -0.8765996521616501400 ) ) ;
#966 = CARTESIAN_POINT ( 'NONE',  ( 0.6733048395701986000, 1.000000000000000200, -0.8061894697341044400 ) ) ;
#967 = PLANE ( 'NONE',  #3515 ) ;
#968 = AXIS2_PLACEMENT_3D ( 'NONE', #4778, #4842, #1872 ) ;
#969 = CARTESIAN_POINT ( 'NONE',  ( 0.6134275668270540200, 1.000000000000000200, -0.8696798283811503200 ) ) ;
#970 = ADVANCED_FACE ( 'NONE', ( #1692 ), #1876, .T. ) ;
#971 = CARTESIAN_POINT ( 'NONE',  ( 0.7281080439041242000, 1.000000000000000200, -0.8703354124218006800 ) ) ;
#972 = CARTESIAN_POINT ( 'NONE',  ( 0.6695865573980470700, 0.9999606299212597800, -0.8425954777952127100 ) ) ;
#973 = ORIENTED_EDGE ( 'NONE', *, *, #5384, .F. ) ;
#974 = CARTESIAN_POINT ( 'NONE',  ( 0.6465284954103279700, 0.9999606299212598900, -0.8556173394898913800 ) ) ;
#975 = ORIENTED_EDGE ( 'NONE', *, *, #4311, .T. ) ;
#976 = CARTESIAN_POINT ( 'NONE',  ( 0.8764572739893171600, 0.9999999999999998900, -0.8867379963922861200 ) ) ;
#977 = CARTESIAN_POINT ( 'NONE',  ( 0.7044347811448323800, 0.9999606299212601100, -0.8157348784975093600 ) ) ;
#978 = CARTESIAN_POINT ( 'NONE',  ( 0.6880720064050892500, 0.9999606299212597800, -0.8097965328250483800 ) ) ;
#979 = ORIENTED_EDGE ( 'NONE', *, *, #4646, .F. ) ;
#980 = CARTESIAN_POINT ( 'NONE',  ( 0.6126478658253377000, 0.9999606299212598900, -0.8501462664434136200 ) ) ;
#981 = CARTESIAN_POINT ( 'NONE',  ( 0.7696351792608845400, 1.000000000000000000, -0.8528598462571084200 ) ) ;
#982 = DIRECTION ( 'NONE',  ( -9.291048965559560600E-017, 0.7071067811865413600, 0.7071067811865534600 ) ) ;
#983 = CARTESIAN_POINT ( 'NONE',  ( 0.7321819943424317000, 0.9999999999999998900, -0.8112728849199272200 ) ) ;
#984 = CARTESIAN_POINT ( 'NONE',  ( 0.6231258379535686800, 0.9999999999999998900, -0.8784327290133626700 ) ) ;
#985 = CARTESIAN_POINT ( 'NONE',  ( 0.6827705427387713600, 0.9999999999999996700, -0.8503887164131017600 ) ) ;
#986 = CARTESIAN_POINT ( 'NONE',  ( 0.6257288035126588000, 0.9999606299212592300, -0.8166496959849863800 ) ) ;
#987 = ORIENTED_EDGE ( 'NONE', *, *, #4184, .F. ) ;
#988 = CARTESIAN_POINT ( 'NONE',  ( 0.6523985774872104200, 0.9999606299212601100, -0.8495546272706556700 ) ) ;
#989 = VECTOR ( 'NONE', #3240, 39.37007874015748100 ) ;
#990 = B_SPLINE_CURVE_WITH_KNOTS ( 'NONE', 3,
 ( #6283, #2790, #3787, #839, #4294, #1322, #4797, #1823, #5290, #2322, #5808 ),
 .UNSPECIFIED., .F., .F.,
 ( 4, 1, 1, 1, 1, 1, 1, 1, 4 ),
 ( 0.0000000000000000000, 0.1637156727300513000, 0.3097030978011294800, 0.4399065311477651200, 0.5578115659498964500, 0.6677251599439778500, 0.7741494759536943200, 0.8834412521591856700, 1.000000000000000000 ),
 .UNSPECIFIED. ) ;
#991 = CARTESIAN_POINT ( 'NONE',  ( 0.6423175407853872800, 1.000000000000000000, -0.8703774555932122200 ) ) ;
#992 = EDGE_CURVE ( 'NONE', #656, #5450, #2989, .T. ) ;
#993 = ADVANCED_FACE ( 'NONE', ( #4170 ), #1696, .T. ) ;
#994 = ORIENTED_EDGE ( 'NONE', *, *, #3812, .F. ) ;
#995 = VECTOR ( 'NONE', #3178, 39.37007874015748900 ) ;
#996 = CARTESIAN_POINT ( 'NONE',  ( 0.5753453284274326900, 0.9999606299212597800, -0.8849455532568604200 ) ) ;
#997 = AXIS2_PLACEMENT_3D ( 'NONE', #6248, #3235, #315 ) ;
#998 = FACE_OUTER_BOUND ( 'NONE', #2128, .T. ) ;
#999 = CARTESIAN_POINT ( 'NONE',  ( 0.6902975939743634100, 0.9999999999999998900, -0.7978311640483537500 ) ) ;
#1000 = CARTESIAN_POINT ( 'NONE',  ( 0.6941138401241953000, 1.000000000000000200, -0.8181077542257113600 ) ) ;
#1001 = ADVANCED_FACE ( 'NONE', ( #5492 ), #2427, .T. ) ;
#1002 = EDGE_CURVE ( 'NONE', #3920, #5186, #131, .T. ) ;
#1003 = DIRECTION ( 'NONE',  ( -1.000000000000000000, 0.0000000000000000000, 0.0000000000000000000 ) ) ;
#1004 = CARTESIAN_POINT ( 'NONE',  ( 0.8563659842039478300, 1.000000000000000000, -0.8205997021678452800 ) ) ;
#1005 = VERTEX_POINT ( 'NONE', #5446 ) ;
#1006 = VECTOR ( 'NONE', #3793, 39.37007874015748100 ) ;
#1007 = AXIS2_PLACEMENT_3D ( 'NONE', #3424, #3957, #1003 ) ;
#1008 = DIRECTION ( 'NONE',  ( 0.9922778767136677400, 0.0000000000000000000, -0.1240347345892084700 ) ) ;
#1009 = FACE_OUTER_BOUND ( 'NONE', #192, .T. ) ;
#1010 = ORIENTED_EDGE ( 'NONE', *, *, #1790, .F. ) ;
#1011 = ORIENTED_EDGE ( 'NONE', *, *, #882, .F. ) ;
#1012 = CARTESIAN_POINT ( 'NONE',  ( 0.5985475852883267400, 0.9999606299212597800, -0.7956594493044308900 ) ) ;
#1013 = B_SPLINE_CURVE_WITH_KNOTS ( 'NONE', 3,
 ( #3282, #6294, #3306, #381, #3817, #870, #4325, #1347, #4831, #1856, #5317, #2352, #5838, #2834, #6338, #3331, #408, #3839, #892 ),
 .UNSPECIFIED., .F., .F.,
 ( 4, 1, 1, 1, 1, 1, 1, 1, 1, 1, 1, 1, 1, 1, 1, 1, 4 ),
 ( 0.0000000000000000000, 0.05448009246431962500, 0.1080121061230353000, 0.1624020805148271000, 0.2197410793770111800, 0.2504376624788846600, 0.2831020729768545800, 0.3181044825731667600, 0.3562531673846141000, 0.3964930766068895400, 0.4401955470911520500, 0.4867096880300288400, 0.5364659223455764400, 0.6422981565611767300, 0.7543117431870994800, 0.8733451463659710500, 1.000000000000000000 ),
 .UNSPECIFIED. ) ;
#1014 = VECTOR ( 'NONE', #3536, 39.37007874015748100 ) ;
#1015 = DIRECTION ( 'NONE',  ( -1.570092458683761100E-016, -0.7071067811865536800, 0.7071067811865413600 ) ) ;
#1016 = CARTESIAN_POINT ( 'NONE',  ( 0.8722273240599000000, 1.000000000000000200, -0.8980314455458231500 ) ) ;
#1017 = ORIENTED_EDGE ( 'NONE', *, *, #146, .T. ) ;
#1018 = FACE_OUTER_BOUND ( 'NONE', #3112, .T. ) ;
#1019 = CARTESIAN_POINT ( 'NONE',  ( 0.7922241659105739900, 0.9999606299212595600, -0.8628920443127412500 ) ) ;
#1020 = DIRECTION ( 'NONE',  ( -0.0000000000000000000, 1.000000000000000000, -0.0000000000000000000 ) ) ;
#1021 = CARTESIAN_POINT ( 'NONE',  ( 0.8550699689143695900, 0.9999606299212595600, -0.8625116112883928200 ) ) ;
#1022 = DIRECTION ( 'NONE',  ( 0.0000000000000000000, -1.000000000000000000, -0.0000000000000000000 ) ) ;
#1023 = CARTESIAN_POINT ( 'NONE',  ( 0.6711711597500239500, 1.000000000000000000, -0.8533939291966209400 ) ) ;
#1024 = CARTESIAN_POINT ( 'NONE',  ( 0.6987118612371930900, 0.9999606299212595600, -0.8839518334515769100 ) ) ;
#1025 = ADVANCED_FACE ( 'NONE', ( #2843 ), #967, .T. ) ;
#1026 = CARTESIAN_POINT ( 'NONE',  ( 0.8981695522712006600, 0.9999606299212598900, -0.8392950688349628500 ) ) ;
#1027 = CARTESIAN_POINT ( 'NONE',  ( 0.7479218537306283600, 0.9999606299212507900, -0.8059951647269946200 ) ) ;
#1028 = PLANE ( 'NONE',  #5657 ) ;
#1029 = CARTESIAN_POINT ( 'NONE',  ( 0.8928303098622687500, 1.000000000000000400, -0.8825091274219135600 ) ) ;
#1030 = ORIENTED_EDGE ( 'NONE', *, *, #2058, .T. ) ;
#1031 = CARTESIAN_POINT ( 'NONE',  ( 0.7053055848402031100, 0.9999606299212596700, -0.8224085913857439600 ) ) ;
#1032 = CARTESIAN_POINT ( 'NONE',  ( 0.6076213823679743600, 0.9999999999999998900, -0.8409465195321381700 ) ) ;
#1033 = EDGE_CURVE ( 'NONE', #4817, #4856, #406, .T. ) ;
#1034 = EDGE_CURVE ( 'NONE', #1761, #940, #248, .T. ) ;
#1035 = ORIENTED_EDGE ( 'NONE', *, *, #6022, .F. ) ;
#1036 = CARTESIAN_POINT ( 'NONE',  ( 0.6036040513317667600, 1.000000000000000200, -0.8421973157948771100 ) ) ;
#1037 = CARTESIAN_POINT ( 'NONE',  ( 0.8653348880283547900, 0.9999606299212596700, -0.8430675442826745000 ) ) ;
#1038 = CARTESIAN_POINT ( 'NONE',  ( 0.3331548727153805800, 0.9999606299212597800, -0.5027976604412003300 ) ) ;
#1039 = CARTESIAN_POINT ( 'NONE',  ( 0.8644885459951468000, 1.000000000000000200, -0.8316178884500595700 ) ) ;
#1040 = DIRECTION ( 'NONE',  ( 2.480795431559006800E-016, 0.0000000000000000000, -1.000000000000000000 ) ) ;
#1041 = VERTEX_POINT ( 'NONE', #5465 ) ;
#1042 = CARTESIAN_POINT ( 'NONE',  ( 0.8855818378282767100, 0.9999606299212597800, -0.8011006089434225000 ) ) ;
#1043 = CARTESIAN_POINT ( 'NONE',  ( 0.7557374565303817100, 0.9999999999999996700, -0.8157973330503504000 ) ) ;
#1044 = CARTESIAN_POINT ( 'NONE',  ( 0.6160539280959932400, 0.9999606299212597800, -0.8252573897307299300 ) ) ;
#1045 = CARTESIAN_POINT ( 'NONE',  ( 0.5064393814528370700, 1.000000000000000000, -0.3332054203944309100 ) ) ;
#1046 = ORIENTED_EDGE ( 'NONE', *, *, #3003, .F. ) ;
#1047 = CARTESIAN_POINT ( 'NONE',  ( 0.007874015748031721500, 1.000000000000000000, -2.049995136288982800E-019 ) ) ;
#1048 = CARTESIAN_POINT ( 'NONE',  ( 0.6134275668270540200, 0.9999606299212598900, -0.8696798283811503200 ) ) ;
#1049 = CARTESIAN_POINT ( 'NONE',  ( 0.6735055808540425500, 0.9999606299212597800, -0.7943360894784513600 ) ) ;
#1050 = EDGE_LOOP ( 'NONE', ( #571, #1468, #6176, #6120 ) ) ;
#1051 = CARTESIAN_POINT ( 'NONE',  ( 0.5967407024562303400, 0.9999606299212596700, -0.8429251310100865900 ) ) ;
#1052 = ADVANCED_FACE ( 'NONE', ( #2690 ), #3850, .T. ) ;
#1053 = CARTESIAN_POINT ( 'NONE',  ( 0.6042353023857660600, 1.000000000000000000, -0.8557067656924960400 ) ) ;
#1054 = ORIENTED_EDGE ( 'NONE', *, *, #3683, .F. ) ;
#1055 = DIRECTION ( 'NONE',  ( -0.8754645270000110900, -0.0000000000000000000, 0.4832823832550144900 ) ) ;
#1056 = CARTESIAN_POINT ( 'NONE',  ( 0.6919910553322807800, 1.000000000000000000, -0.8689464346182165200 ) ) ;
#1057 = CARTESIAN_POINT ( 'NONE',  ( 0.6880720064050892500, 0.9999606299212597800, -0.8097965328250483800 ) ) ;
#1058 = CARTESIAN_POINT ( 'NONE',  ( 0.8501120674231729100, 0.9999606299212595600, -0.8422125120655347100 ) ) ;
#1059 = PERSON_AND_ORGANIZATION ( #1546, #2977 ) ;
#1060 = CARTESIAN_POINT ( 'NONE',  ( 0.9921259842519686300, 1.000000000000000000, -1.000000000000000200 ) ) ;
#1061 = CARTESIAN_POINT ( 'NONE',  ( 0.7263799172117476600, 0.9999606299212598900, -0.8481560743057173800 ) ) ;
#1062 = B_SPLINE_SURFACE_WITH_KNOTS ( 'NONE', 3, 1, ( 
 ( #639, #4081 ),
 ( #1118, #4588 ),
 ( #1610, #5080 ),
 ( #2110, #5596 ),
 ( #2598, #6096 ),
 ( #3093, #166 ),
 ( #3597, #659 ),
 ( #4110, #1135 ),
 ( #4611, #1638 ),
 ( #5104, #2130 ),
 ( #5618, #2621 ) ),
 .UNSPECIFIED., .F., .F., .F.,
 ( 4, 1, 1, 1, 1, 1, 1, 1, 4 ),
 ( 2, 2 ),
 ( 0.0000000000000000000, 0.1280448550143839500, 0.2514507875593860500, 0.3715733394035941100, 0.4904118675290027900, 0.6102007835889325900, 0.7338092424176978500, 0.8631756517415550800, 1.000000000000000000 ),
 ( 0.0000000000000000000, 1.000000000000000000 ),
 .UNSPECIFIED. ) ;
#1063 = CARTESIAN_POINT ( 'NONE',  ( 0.6716589205868196400, 1.000000000000000000, -0.8980773596015574300 ) ) ;
#1064 = CARTESIAN_POINT ( 'NONE',  ( 0.7591718399602583900, 0.9999606299212506800, -0.8442573666140431600 ) ) ;
#1065 = ORIENTED_EDGE ( 'NONE', *, *, #3925, .T. ) ;
#1066 = FACE_OUTER_BOUND ( 'NONE', #1910, .T. ) ;
#1067 = CARTESIAN_POINT ( 'NONE',  ( 0.8861009861553501600, 0.9999606299212598900, -0.8527001551913598900 ) ) ;
#1068 = CARTESIAN_POINT ( 'NONE',  ( 0.6450742702746324900, 0.9999606299212593400, -0.8085076707360322500 ) ) ;
#1069 = CARTESIAN_POINT ( 'NONE',  ( 0.7427143039800782100, 1.000000000000000000, -0.7943360894784513600 ) ) ;
#1070 = CARTESIAN_POINT ( 'NONE',  ( 0.6101471786089021100, 0.9999606299212598900, -0.8802960271098861900 ) ) ;
#1071 = EDGE_CURVE ( 'NONE', #5456, #6161, #1380, .T. ) ;
#1072 = LINE ( 'NONE', #668, #2387 ) ;
#1073 = LINE ( 'NONE', #331, #2071 ) ;
#1074 = EDGE_CURVE ( 'NONE', #3416, #4345, #5188, .T. ) ;
#1075 = DIRECTION ( 'NONE',  ( -0.0000000000000000000, 1.000000000000000000, -0.0000000000000000000 ) ) ;
#1076 = CARTESIAN_POINT ( 'NONE',  ( 1.000000000000000200, 1.000000000000000000, -0.9921259842519685200 ) ) ;
#1077 = VERTEX_POINT ( 'NONE', #3541 ) ;
#1078 = FACE_OUTER_BOUND ( 'NONE', #3741, .T. ) ;
#1079 = CARTESIAN_POINT ( 'NONE',  ( 0.6992730331659090500, 0.9999606299212598900, -0.8413515315978441500 ) ) ;
#1080 = FACE_OUTER_BOUND ( 'NONE', #4790, .T. ) ;
#1081 = CARTESIAN_POINT ( 'NONE',  ( 0.6863186519714894500, 0.9999606299212592300, -0.8814364871989337500 ) ) ;
#1082 = CARTESIAN_POINT ( 'NONE',  ( 0.6910450940087514700, 0.9999606299212595600, -0.8733296929540944600 ) ) ;
#1083 = DIRECTION ( 'NONE',  ( 0.7071067811865413600, -1.225145004162355500E-014, 0.7071067811865536800 ) ) ;
#1084 = CARTESIAN_POINT ( 'NONE',  ( 0.8446244737959156500, 1.000000000000000400, -0.8604059152896350600 ) ) ;
#1085 = CARTESIAN_POINT ( 'NONE',  ( 0.8707743544535386800, 0.9999606299212598900, -0.8048852938995791900 ) ) ;
#1086 = DIRECTION ( 'NONE',  ( 0.0000000000000000000, 0.0000000000000000000, 1.000000000000000000 ) ) ;
#1087 = LINE ( 'NONE', #3498, #4893 ) ;
#1088 = ADVANCED_FACE ( 'NONE', ( #1226 ), #4049, .T. ) ;
#1089 = PLANE ( 'NONE',  #5198 ) ;
#1090 = CARTESIAN_POINT ( 'NONE',  ( 0.7370582341039939600, 0.9999999999999998900, -0.7949861067070274100 ) ) ;
#1091 = VERTEX_POINT ( 'NONE', #2548 ) ;
#1092 = ORIENTED_EDGE ( 'NONE', *, *, #2966, .F. ) ;
#1093 = CARTESIAN_POINT ( 'NONE',  ( 0.7417476059429057900, 0.9999999999999998900, -0.7943723732604834900 ) ) ;
#1094 = LINE ( 'NONE', #6215, #6229 ) ;
#1095 = CARTESIAN_POINT ( 'NONE',  ( 0.6019104203389116200, 1.000000000000000200, -0.8844398548227142600 ) ) ;
#1096 = CARTESIAN_POINT ( 'NONE',  ( 0.8749756640671623200, 0.9999606299212598900, -0.8319084553414580800 ) ) ;
#1097 = CARTESIAN_POINT ( 'NONE',  ( 0.8877076292224092000, 0.9999606299212595600, -0.8900863982673716800 ) ) ;
#1098 = B_SPLINE_SURFACE_WITH_KNOTS ( 'NONE', 3, 1, ( 
 ( #1198, #2178 ),
 ( #4675, #1705 ),
 ( #5171, #2200 ),
 ( #5681, #2688 ),
 ( #6183, #3174 ),
 ( #258, #3687 ),
 ( #742, #4193 ),
 ( #1222, #4698 ),
 ( #1724, #5197 ),
 ( #2218, #5706 ),
 ( #2710, #6204 ) ),
 .UNSPECIFIED., .F., .F., .F.,
 ( 4, 1, 1, 1, 1, 1, 1, 1, 4 ),
 ( 2, 2 ),
 ( 0.0000000000000000000, 0.09321839406069649900, 0.1938574851185520300, 0.3031616225397836300, 0.4216003745329097700, 0.5505359843336943300, 0.6892597431086399100, 0.8389726057502749900, 1.000000000000000000 ),
 ( 0.0000000000000000000, 1.000000000000000000 ),
 .UNSPECIFIED. ) ;
#1099 = DIRECTION ( 'NONE',  ( 0.0000000000000000000, 0.0000000000000000000, 1.000000000000000000 ) ) ;
#1100 = ORIENTED_EDGE ( 'NONE', *, *, #4973, .F. ) ;
#1101 = CARTESIAN_POINT ( 'NONE',  ( 0.7427143039800782100, 0.9999606299212597800, -0.7943360894784513600 ) ) ;
#1102 = CARTESIAN_POINT ( 'NONE',  ( 0.6763210100156866700, 0.9999999999999996700, -0.8859808554584880400 ) ) ;
#1103 = CARTESIAN_POINT ( 'NONE',  ( 0.6727538656261655700, 0.9999606299212598900, -0.8862423786640982700 ) ) ;
#1104 = CARTESIAN_POINT ( 'NONE',  ( 0.7591906172531902600, 0.9999606299212597800, -0.8462067245400044500 ) ) ;
#1105 = CARTESIAN_POINT ( 'NONE',  ( 0.6595427244644688200, 1.000000000000000200, -0.8458728169313497500 ) ) ;
#1106 = EDGE_LOOP ( 'NONE', ( #5536, #2587, #1242, #2658 ) ) ;
#1107 = CARTESIAN_POINT ( 'NONE',  ( 0.8811185106536795200, 1.000000000000000400, -0.8104087605311156600 ) ) ;
#1108 = CARTESIAN_POINT ( 'NONE',  ( 0.6604631913879953600, 0.9999606299212596700, -0.8837654848756966200 ) ) ;
#1109 = CARTESIAN_POINT ( 'NONE',  ( 0.8550699689143695900, 0.9999999999999996700, -0.8625116112883928200 ) ) ;
#1110 = CARTESIAN_POINT ( 'NONE',  ( 0.8719189673434483100, 0.9999606299212597800, -0.8875719145257998700 ) ) ;
#1111 = CARTESIAN_POINT ( 'NONE',  ( 0.6210479753884726700, 0.9999606299212593400, -0.8589558562050145800 ) ) ;
#1112 = CARTESIAN_POINT ( 'NONE',  ( 0.7159220089900183400, 1.000000000000000000, -0.8394653487315413300 ) ) ;
#1113 = EDGE_CURVE ( 'NONE', #4194, #430, #84, .T. ) ;
#1114 = CARTESIAN_POINT ( 'NONE',  ( 0.7252289338745079300, 0.9999606299212598900, -0.8032575925363884000 ) ) ;
#1115 = CARTESIAN_POINT ( 'NONE',  ( 0.8983486403996776600, 0.9999606299212597800, -0.8535467278154541500 ) ) ;
#1116 = ADVANCED_FACE ( 'NONE', ( #6364 ), #1089, .T. ) ;
#1117 = EDGE_CURVE ( 'NONE', #3631, #2046, #5770, .T. ) ;
#1118 = CARTESIAN_POINT ( 'NONE',  ( 0.7437969774646642200, 0.9999606299212598900, -0.8980465774448662700 ) ) ;
#1119 = EDGE_CURVE ( 'NONE', #5745, #3015, #5026, .T. ) ;
#1120 = CARTESIAN_POINT ( 'NONE',  ( 0.7214782494243092700, 0.9999606299212602200, -0.8092239719537421800 ) ) ;
#1121 = CARTESIAN_POINT ( 'NONE',  ( 0.6126478658253377000, 0.9999606299212598900, -0.8501462664434136200 ) ) ;
#1122 = CARTESIAN_POINT ( 'NONE',  ( 0.6423401860545313600, 0.9999606299212597800, -0.8713704213580693000 ) ) ;
#1123 = CARTESIAN_POINT ( 'NONE',  ( 0.7574296045326695000, 0.9999606299212596700, -0.8705228439787582300 ) ) ;
#1124 = CARTESIAN_POINT ( 'NONE',  ( 0.6423175407853872800, 1.000000000000000000, -0.8703774555932122200 ) ) ;
#1125 = CARTESIAN_POINT ( 'NONE',  ( 0.8874010683583207800, 0.9999606299212601100, -0.8254156991859015200 ) ) ;
#1126 = CARTESIAN_POINT ( 'NONE',  ( 0.6540275795892509500, 1.000000000000000400, -0.8766182118226622000 ) ) ;
#1127 = VERTEX_POINT ( 'NONE', #136 ) ;
#1128 = CARTESIAN_POINT ( 'NONE',  ( 0.8587787382505613900, 0.9999606299212597800, -0.8490276863130815600 ) ) ;
#1129 = CARTESIAN_POINT ( 'NONE',  ( 0.8570254738273426200, 0.9999606299212593400, -0.8753577283437352600 ) ) ;
#1130 = CARTESIAN_POINT ( 'NONE',  ( 0.8563659842039478300, 1.000000000000000000, -0.8205997021678452800 ) ) ;
#1131 = CARTESIAN_POINT ( 'NONE',  ( 0.7168170073572303100, 0.9999999999999998900, -0.8272870143160308000 ) ) ;
#1132 = CARTESIAN_POINT ( 'NONE',  ( 0.8717137828693124500, 1.000000000000000000, -0.8416105923193604200 ) ) ;
#1133 = CARTESIAN_POINT ( 'NONE',  ( 0.6194204802863024800, 0.9999606299212597800, -0.8563328561339163000 ) ) ;
#1134 = ORIENTED_EDGE ( 'NONE', *, *, #5653, .T. ) ;
#1135 = CARTESIAN_POINT ( 'NONE',  ( 0.7578076304937556600, 1.000000000000000000, -0.8920995783567230400 ) ) ;
#1136 = B_SPLINE_CURVE_WITH_KNOTS ( 'NONE', 3,
 ( #730, #3672, #1209, #4683, #1713, #5183, #2205, #5692, #2699, #6190, #3183, #265, #3696, #749, #4203, #1235, #4706, #1731, #5205 ),
 .UNSPECIFIED., .F., .F.,
 ( 4, 1, 1, 1, 1, 1, 1, 1, 1, 1, 1, 1, 1, 1, 1, 1, 4 ),
 ( 0.0000000000000000000, 0.05448009246431962500, 0.1080121061230353000, 0.1624020805148271000, 0.2197410793770111800, 0.2504376624788846600, 0.2831020729768545800, 0.3181044825731667600, 0.3562531673846141000, 0.3964930766068895400, 0.4401955470911520500, 0.4867096880300288400, 0.5364659223455764400, 0.6422981565611767300, 0.7543117431870994800, 0.8733451463659710500, 1.000000000000000000 ),
 .UNSPECIFIED. ) ;
#1137 = FACE_OUTER_BOUND ( 'NONE', #539, .T. ) ;
#1138 = CARTESIAN_POINT ( 'NONE',  ( 0.7591360832213890400, 1.000000000000000200, -0.8519533531749766700 ) ) ;
#1139 = CARTESIAN_POINT ( 'NONE',  ( 0.8969143988468566400, 0.9999606299212593400, -0.8266588453928458400 ) ) ;
#1140 = CARTESIAN_POINT ( 'NONE',  ( 0.6623650708183044200, 0.9999606299212598900, -0.8970428915089245800 ) ) ;
#1141 = CARTESIAN_POINT ( 'NONE',  ( 0.7506721473712292300, 1.000000000000000200, -0.8843070020037028200 ) ) ;
#1142 = CARTESIAN_POINT ( 'NONE',  ( 0.6164251057133373100, 0.9999606299212595600, -0.8902218213481510900 ) ) ;
#1143 = LINE ( 'NONE', #3467, #5099 ) ;
#1144 = FACE_OUTER_BOUND ( 'NONE', #1594, .T. ) ;
#1145 = EDGE_LOOP ( 'NONE', ( #3340, #1219, #3273, #4550 ) ) ;
#1146 = ORIENTED_EDGE ( 'NONE', *, *, #6374, .T. ) ;
#1147 = CARTESIAN_POINT ( 'NONE',  ( 0.8668333470952482900, 1.000000000000000000, -0.8423933535639953600 ) ) ;
#1148 = DIRECTION ( 'NONE',  ( 0.0000000000000000000, 1.000000000000000000, 0.0000000000000000000 ) ) ;
#1149 = VERTEX_POINT ( 'NONE', #3609 ) ;
#1150 = VECTOR ( 'NONE', #673, 39.37007874015748100 ) ;
#1151 = CARTESIAN_POINT ( 'NONE',  ( 0.7225894243310396800, 0.9999606299212598900, -0.8848542636675346100 ) ) ;
#1152 = CARTESIAN_POINT ( 'NONE',  ( 0.6618676250120716400, 0.9999606299212596700, -0.8563195202878488600 ) ) ;
#1153 = FACE_OUTER_BOUND ( 'NONE', #2375, .T. ) ;
#1154 = CARTESIAN_POINT ( 'NONE',  ( 0.8702984618577465100, 0.9999999999999996700, -0.8875134920018761300 ) ) ;
#1155 = EDGE_CURVE ( 'NONE', #4410, #3045, #491, .T. ) ;
#1156 = ORIENTED_EDGE ( 'NONE', *, *, #2482, .T. ) ;
#1157 = CARTESIAN_POINT ( 'NONE',  ( 0.6411235382975615200, 1.000000000000000400, -0.8176161403066490900 ) ) ;
#1158 = EDGE_CURVE ( 'NONE', #5840, #5523, #1072, .T. ) ;
#1159 = ORIENTED_EDGE ( 'NONE', *, *, #1280, .F. ) ;
#1160 = VECTOR ( 'NONE', #3516, 39.37007874015748100 ) ;
#1161 = CARTESIAN_POINT ( 'NONE',  ( 0.7659382348719238100, 0.9999606299212596700, -0.8149800103696637200 ) ) ;
#1162 = CARTESIAN_POINT ( 'NONE',  ( 0.6160539280959932400, 0.9999606299212597800, -0.8252573897307299300 ) ) ;
#1163 = CC_DESIGN_PERSON_AND_ORGANIZATION_ASSIGNMENT ( #4867, #1351, ( #845 ) ) ;
#1164 = CARTESIAN_POINT ( 'NONE',  ( 0.7459646485804020100, 1.000000000000000000, -0.8871048118778363000 ) ) ;
#1165 = CARTESIAN_POINT ( 'NONE',  ( 0.8912304158936590300, 1.000000000000000000, -0.8087999735381648000 ) ) ;
#1166 = CARTESIAN_POINT ( 'NONE',  ( 0.5999372609053050800, 0.9999606299210464000, -0.8549611465760207400 ) ) ;
#1167 = VECTOR ( 'NONE', #1099, 39.37007874015748100 ) ;
#1168 = CARTESIAN_POINT ( 'NONE',  ( 0.6698279155730696400, 0.9999999999999996700, -0.7944132063476665500 ) ) ;
#1169 = CARTESIAN_POINT ( 'NONE',  ( 0.6903876711850096500, 0.9999606299212595600, -0.8344412118724970900 ) ) ;
#1170 = ORIENTED_EDGE ( 'NONE', *, *, #5359, .T. ) ;
#1171 = CARTESIAN_POINT ( 'NONE',  ( 0.005567769930602607300, 0.002306245817428977500, -0.9944322300693974000 ) ) ;
#1172 = CARTESIAN_POINT ( 'NONE',  ( 0.6804707669678787800, 1.000000000000000200, -0.8393956422531565500 ) ) ;
#1173 = CARTESIAN_POINT ( 'NONE',  ( 0.8565760701241574800, 0.9999999999999998900, -0.8193620227190064900 ) ) ;
#1174 = ORIENTED_EDGE ( 'NONE', *, *, #2359, .T. ) ;
#1175 = CARTESIAN_POINT ( 'NONE',  ( 0.8553575789097765900, 0.9999999999999996700, -0.8685192550663595200 ) ) ;
#1176 = CARTESIAN_POINT ( 'NONE',  ( 0.7225894243310396800, 1.000000000000000200, -0.8848542636675346100 ) ) ;
#1177 = CARTESIAN_POINT ( 'NONE',  ( 0.8034748033498078100, 0.9999999999999995600, -0.8712825944231982200 ) ) ;
#1178 = ORIENTED_EDGE ( 'NONE', *, *, #2229, .T. ) ;
#1179 = CARTESIAN_POINT ( 'NONE',  ( 0.6124382621514523600, 0.9999606299212601100, -0.8370386143283004000 ) ) ;
#1180 = ORIENTED_EDGE ( 'NONE', *, *, #474, .F. ) ;
#1181 = CARTESIAN_POINT ( 'NONE',  ( 1.000000000000000200, 1.000000000000000000, -1.000000000000000200 ) ) ;
#1182 = CARTESIAN_POINT ( 'NONE',  ( 0.8805281437401661900, 0.9999606299212595600, -0.7973109012671345500 ) ) ;
#1183 = CARTESIAN_POINT ( 'NONE',  ( 0.6265205498011334800, 1.000000000000000200, -0.8238318833538843500 ) ) ;
#1184 = CARTESIAN_POINT ( 'NONE',  ( 0.6490867819990350200, 0.9999606299212596700, -0.8034941382132904100 ) ) ;
#1185 = CARTESIAN_POINT ( 'NONE',  ( 0.6804707669678787800, 1.000000000000000200, -0.8393956422531565500 ) ) ;
#1186 = CARTESIAN_POINT ( 'NONE',  ( 0.8518455628517129800, 1.000000000000000200, -0.8399186533237976700 ) ) ;
#1187 = CARTESIAN_POINT ( 'NONE',  ( 0.6540275795892509500, 1.000000000000000400, -0.8766182118226622000 ) ) ;
#1188 = CARTESIAN_POINT ( 'NONE',  ( 0.6897561912056050500, 1.000000000000000000, -0.8479302741227458000 ) ) ;
#1189 = EDGE_CURVE ( 'NONE', #5840, #921, #6206, .T. ) ;
#1190 = CARTESIAN_POINT ( 'NONE',  ( 0.8673210394922951100, 0.9999606299212597800, -0.8049695657575235400 ) ) ;
#1191 = DIRECTION ( 'NONE',  ( 2.220446049250312600E-016, 0.0000000000000000000, 1.000000000000000000 ) ) ;
#1192 = EDGE_CURVE ( 'NONE', #3015, #1127, #3699, .T. ) ;
#1193 = CARTESIAN_POINT ( 'NONE',  ( 0.6937653827631111700, 0.9999606299212598900, -0.8295829699309971200 ) ) ;
#1194 = CARTESIAN_POINT ( 'NONE',  ( 0.7053055848402031100, 0.9999999999999998900, -0.8224085913857439600 ) ) ;
#1195 = CARTESIAN_POINT ( 'NONE',  ( 0.6110963891441606500, 1.000000000000000000, -0.8604736810596550500 ) ) ;
#1196 = CARTESIAN_POINT ( 'NONE',  ( 0.6081430149964995900, 0.9999606299212595600, -0.8575622992191936900 ) ) ;
#1197 = ORIENTED_EDGE ( 'NONE', *, *, #1793, .T. ) ;
#1198 = CARTESIAN_POINT ( 'NONE',  ( 0.7614476464686852400, 0.9999606299212597800, -0.8874077669464912600 ) ) ;
#1199 = B_SPLINE_SURFACE_WITH_KNOTS ( 'NONE', 3, 1, ( 
 ( #1621, #4594 ),
 ( #3627, #684 ),
 ( #4135, #1168 ),
 ( #4635, #1664 ),
 ( #5134, #2164 ),
 ( #5644, #2649 ),
 ( #6151, #3137 ),
 ( #218, #3648 ),
 ( #705, #4153 ),
 ( #1184, #4661 ),
 ( #1683, #5156 ),
 ( #2183, #5666 ),
 ( #2670, #6169 ),
 ( #3158, #239 ),
 ( #3670, #727 ),
 ( #4176, #1206 ),
 ( #4682, #1712 ),
 ( #5178, #2204 ),
 ( #5690, #2695 ) ),
 .UNSPECIFIED., .F., .F., .F.,
 ( 4, 1, 1, 1, 1, 1, 1, 1, 1, 1, 1, 1, 1, 1, 1, 1, 4 ),
 ( 2, 2 ),
 ( 0.0000000000000000000, 0.06906221142851942700, 0.1347658792836471400, 0.1976107057024327200, 0.2585282108425819300, 0.3181274252810146800, 0.3770582660618969600, 0.4356857915191240100, 0.4947336263914093300, 0.5540911070636499500, 0.6133334186580056100, 0.6729241889746483400, 0.7340655047106250400, 0.7962987887860595300, 0.8612408916846018300, 0.9289703310657797500, 1.000000000000000000 ),
 ( 0.0000000000000000000, 1.000000000000000000 ),
 .UNSPECIFIED. ) ;
#1200 = AXIS2_PLACEMENT_3D ( 'NONE', #5316, #5837, #2833 ) ;
#1201 = CARTESIAN_POINT ( 'NONE',  ( 0.6004567160295150000, 0.9999606299212601100, -0.8426749160338190500 ) ) ;
#1202 = CARTESIAN_POINT ( 'NONE',  ( 0.6185036700999804200, 0.9999606299212596700, -0.8466188899592979000 ) ) ;
#1203 = CARTESIAN_POINT ( 'NONE',  ( 0.8697035869981756300, 1.000000000000000200, -0.7943522404540284100 ) ) ;
#1204 = ORIENTED_EDGE ( 'NONE', *, *, #4511, .T. ) ;
#1205 = CARTESIAN_POINT ( 'NONE',  ( 0.6159609203236812200, 0.9999606299212596700, -0.8005960616393371600 ) ) ;
#1206 = CARTESIAN_POINT ( 'NONE',  ( 0.6403492017648372300, 1.000000000000000000, -0.8210502167279285500 ) ) ;
#1207 = ORIENTED_EDGE ( 'NONE', *, *, #4109, .F. ) ;
#1208 = CARTESIAN_POINT ( 'NONE',  ( 0.0000000000000000000, 1.000000000000000000, 0.0000000000000000000 ) ) ;
#1209 = CARTESIAN_POINT ( 'NONE',  ( 0.8724103109306170500, 0.9999606299212596700, -0.8049720510771495300 ) ) ;
#1210 = CARTESIAN_POINT ( 'NONE',  ( 0.6620560389368688200, 0.9999606299212598900, -0.8845346177098286600 ) ) ;
#1211 = CARTESIAN_POINT ( 'NONE',  ( 0.7053502112399326900, 1.000000000000000000, -0.8237800615169516000 ) ) ;
#1212 = COORDINATED_UNIVERSAL_TIME_OFFSET ( 5, 0, .BEHIND. ) ;
#1213 = CARTESIAN_POINT ( 'NONE',  ( 0.8722273240599000000, 0.9999606299212598900, -0.8980314455458231500 ) ) ;
#1214 = ORIENTED_EDGE ( 'NONE', *, *, #5947, .T. ) ;
#1215 = CARTESIAN_POINT ( 'NONE',  ( 0.6706475430244964700, 0.9999606299212598900, -0.8423044501946997900 ) ) ;
#1216 = CARTESIAN_POINT ( 'NONE',  ( 0.6781463488561152400, 0.9999999999999996700, -0.7944506803611857100 ) ) ;
#1217 = B_SPLINE_CURVE_WITH_KNOTS ( 'NONE', 3,
 ( #3647, #283, #1257, #4726, #1752, #5220, #2253, #5729, #2736, #6233, #3218, #303, #3739, #794, #4242, #1271, #4749, #1772, #5241 ),
 .UNSPECIFIED., .F., .F.,
 ( 4, 1, 1, 1, 1, 1, 1, 1, 1, 1, 1, 1, 1, 1, 1, 1, 4 ),
 ( 0.0000000000000000000, 0.1206795854909992900, 0.2305338289379839600, 0.3309550632170785700, 0.4208116729085218900, 0.5011270243297466500, 0.5713493660207031900, 0.6332246655567621600, 0.6858987127109722500, 0.7331104517484676700, 0.7764365142131903800, 0.8173386407957007300, 0.8554870737933423200, 0.8921333757432481400, 0.9276904481916801200, 0.9634616402638041000, 1.000000000000000000 ),
 .UNSPECIFIED. ) ;
#1218 = VECTOR ( 'NONE', #158, 39.37007874015748100 ) ;
#1219 = ORIENTED_EDGE ( 'NONE', *, *, #4854, .F. ) ;
#1220 = LINE ( 'NONE', #3161, #3695 ) ;
#1221 = PLANE ( 'NONE',  #6116 ) ;
#1222 = CARTESIAN_POINT ( 'NONE',  ( 0.7692498610837432700, 0.9999606299212597800, -0.8592292050176660900 ) ) ;
#1223 = EDGE_LOOP ( 'NONE', ( #1431, #3449, #5150, #1992, #3079 ) ) ;
#1224 = B_SPLINE_SURFACE_WITH_KNOTS ( 'NONE', 3, 1, ( 
 ( #5260, #2224 ),
 ( #5780, #2782 ),
 ( #6275, #3268 ),
 ( #346, #3778 ),
 ( #833, #4287 ),
 ( #1315, #4789 ),
 ( #1814, #5285 ),
 ( #2313, #5801 ),
 ( #2801, #6302 ),
 ( #3287, #369 ),
 ( #3802, #853 ),
 ( #4307, #1335 ),
 ( #4815, #1838 ),
 ( #5304, #2338 ),
 ( #5821, #2823 ),
 ( #6322, #3316 ),
 ( #390, #3825 ),
 ( #878, #4334 ),
 ( #1355, #4836 ) ),
 .UNSPECIFIED., .F., .F., .F.,
 ( 4, 1, 1, 1, 1, 1, 1, 1, 1, 1, 1, 1, 1, 1, 1, 1, 4 ),
 ( 2, 2 ),
 ( 0.0000000000000000000, 0.09514348807164432800, 0.1847457720530764300, 0.2683084903083860500, 0.3466242220093580500, 0.4193377299534537500, 0.4872737010492224600, 0.5502487944465251900, 0.6091667059941581200, 0.6639479924279664300, 0.7154822751577646400, 0.7640415713753496700, 0.8109810218191539900, 0.8569367060899872900, 0.9028761937633806900, 0.9504445482262293700, 1.000000000000000000 ),
 ( 0.0000000000000000000, 1.000000000000000000 ),
 .UNSPECIFIED. ) ;
#1225 = ORIENTED_EDGE ( 'NONE', *, *, #311, .F. ) ;
#1226 = FACE_OUTER_BOUND ( 'NONE', #3485, .T. ) ;
#1227 = PLANE ( 'NONE',  #1953 ) ;
#1228 = CARTESIAN_POINT ( 'NONE',  ( 0.6265211881268046800, 1.000000000000000200, -0.8268402999870347900 ) ) ;
#1229 = LINE ( 'NONE', #4507, #3702 ) ;
#1230 = CARTESIAN_POINT ( 'NONE',  ( 0.7263794196620745300, 1.000000000000050000, -0.8442368126428543300 ) ) ;
#1231 = CARTESIAN_POINT ( 'NONE',  ( 0.6033807706443280500, 1.000000000000000000, -0.7960765287777948900 ) ) ;
#1232 = CARTESIAN_POINT ( 'NONE',  ( 0.5961920709996391100, 0.9999606299207709500, -0.8074678958231482600 ) ) ;
#1233 = DIRECTION ( 'NONE',  ( 0.0000000000000000000, 0.0000000000000000000, -1.000000000000000000 ) ) ;
#1234 = LINE ( 'NONE', #2543, #5033 ) ;
#1235 = CARTESIAN_POINT ( 'NONE',  ( 0.8882651919465388600, 0.9999606299212593400, -0.8304427248350855200 ) ) ;
#1236 = FACE_OUTER_BOUND ( 'NONE', #4236, .T. ) ;
#1237 = EDGE_CURVE ( 'NONE', #4343, #3831, #4992, .T. ) ;
#1238 = DIRECTION ( 'NONE',  ( 0.0000000000000000000, 0.0000000000000000000, 1.000000000000000000 ) ) ;
#1239 = CARTESIAN_POINT ( 'NONE',  ( 0.7580819270917587000, 0.9999606299212598900, -0.8666448187293492900 ) ) ;
#1240 = CARTESIAN_POINT ( 'NONE',  ( 0.8604140238354764900, 0.9999606299212593400, -0.7959034908227862200 ) ) ;
#1241 = CARTESIAN_POINT ( 'NONE',  ( 0.8829339715361261800, 1.000000000000000200, -0.8941740398001999400 ) ) ;
#1242 = ORIENTED_EDGE ( 'NONE', *, *, #224, .T. ) ;
#1243 = CARTESIAN_POINT ( 'NONE',  ( 0.8749759528794299700, 0.9999999999999998900, -0.8419369130840691500 ) ) ;
#1244 = LINE ( 'NONE', #3478, #1397 ) ;
#1245 = CARTESIAN_POINT ( 'NONE',  ( 0.7685840856359693600, 0.9999606299212596700, -0.8651149810869822600 ) ) ;
#1246 = EDGE_CURVE ( 'NONE', #430, #5851, #2232, .T. ) ;
#1247 = CARTESIAN_POINT ( 'NONE',  ( 0.7574536563208244000, 0.9999606299212596700, -0.8220605308019312000 ) ) ;
#1248 = CARTESIAN_POINT ( 'NONE',  ( 0.8569233365942267000, 1.000000000000000200, -0.8524886235762768600 ) ) ;
#1249 = EDGE_CURVE ( 'NONE', #1564, #1499, #6044, .T. ) ;
#1250 = CARTESIAN_POINT ( 'NONE',  ( 0.7881844153559058900, 0.9999999999999996700, -0.8726665543179125100 ) ) ;
#1251 = B_SPLINE_SURFACE_WITH_KNOTS ( 'NONE', 3, 1, ( 
 ( #4037, #3022 ),
 ( #4533, #1563 ),
 ( #5039, #2057 ),
 ( #5539, #2556 ),
 ( #6047, #3043 ),
 ( #122, #3551 ),
 ( #606, #4056 ),
 ( #1096, #4557 ),
 ( #1584, #5059 ),
 ( #2084, #5564 ),
 ( #2575, #6070 ) ),
 .UNSPECIFIED., .F., .F., .F.,
 ( 4, 1, 1, 1, 1, 1, 1, 1, 4 ),
 ( 2, 2 ),
 ( 0.0000000000000000000, 0.1346179213543785600, 0.2657048455909549700, 0.3948557066713094300, 0.5241965953957002900, 0.6505543932893896900, 0.7704873276626046400, 0.8857022806946893700, 1.000000000000000000 ),
 ( 0.0000000000000000000, 1.000000000000000000 ),
 .UNSPECIFIED. ) ;
#1252 = ORIENTED_EDGE ( 'NONE', *, *, #4551, .T. ) ;
#1253 = VECTOR ( 'NONE', #2630, 39.37007874015748100 ) ;
#1254 = CARTESIAN_POINT ( 'NONE',  ( 0.6032544985233542200, 0.9999999999999996700, -0.8841803457328255600 ) ) ;
#1255 = CARTESIAN_POINT ( 'NONE',  ( 0.8621434454271006400, 0.9999606299212602200, -0.8322834253861367500 ) ) ;
#1256 = CARTESIAN_POINT ( 'NONE',  ( 0.7298464031266743700, 0.9999606299212509000, -0.8156724819112085600 ) ) ;
#1257 = CARTESIAN_POINT ( 'NONE',  ( 0.7264144129962814000, 0.9999606299212595600, -0.8404736962013050800 ) ) ;
#1258 = CARTESIAN_POINT ( 'NONE',  ( 0.6506396900781962200, 0.9999606299212595600, -0.8259180957931777600 ) ) ;
#1259 = CARTESIAN_POINT ( 'NONE',  ( 0.7986952297189544600, 0.9999606299212597800, -0.8804823252543078100 ) ) ;
#1260 = CARTESIAN_POINT ( 'NONE',  ( 0.7424065272688745700, 0.9999606299212597800, -0.8875719145257998700 ) ) ;
#1261 = CARTESIAN_POINT ( 'NONE',  ( 0.8504926039192169900, 1.000000000000000200, -0.8043050585586798400 ) ) ;
#1262 = CARTESIAN_POINT ( 'NONE',  ( 0.8928303098622687500, 0.9999606299212601100, -0.8825091274219135600 ) ) ;
#1263 = ORIENTED_EDGE ( 'NONE', *, *, #1478, .F. ) ;
#1264 = ORIENTED_EDGE ( 'NONE', *, *, #2966, .T. ) ;
#1265 = CARTESIAN_POINT ( 'NONE',  ( 0.8878272834777626300, 0.9999999999999998900, -0.8617495339248922900 ) ) ;
#1266 = CARTESIAN_POINT ( 'NONE',  ( 0.6423847020904434000, 0.9999606299212601100, -0.8733223919602446400 ) ) ;
#1267 = CARTESIAN_POINT ( 'NONE',  ( 0.1001548727153806400, 0.9999606299212597800, -0.4935941171341137200 ) ) ;
#1268 = CARTESIAN_POINT ( 'NONE',  ( 0.7027238499709933500, 1.000000000000000000, -0.8678742050087543400 ) ) ;
#1269 = CARTESIAN_POINT ( 'NONE',  ( 0.8445735115109028700, 0.9999606299212602200, -0.8628328359571440000 ) ) ;
#1270 = CARTESIAN_POINT ( 'NONE',  ( 0.7378720822121361800, 1.000000000000050400, -0.8059670042682042200 ) ) ;
#1271 = CARTESIAN_POINT ( 'NONE',  ( 0.7395274723931895000, 0.9999606299212596700, -0.8053454694345980600 ) ) ;
#1272 = CARTESIAN_POINT ( 'NONE',  ( 0.6596776508429654800, 1.000000000000000200, -0.8104958504606369900 ) ) ;
#1273 = CARTESIAN_POINT ( 'NONE',  ( 0.2838299188446097300, 0.9999606299212597800, -0.4548579749740585000 ) ) ;
#1274 = CARTESIAN_POINT ( 'NONE',  ( 0.8924258269857348000, 0.9999999999999996700, -0.8112121902482256600 ) ) ;
#1275 = DIRECTION ( 'NONE',  ( 1.000000000000000000, 0.0000000000000000000, 0.0000000000000000000 ) ) ;
#1276 = EDGE_CURVE ( 'NONE', #2779, #3310, #3549, .T. ) ;
#1277 = CARTESIAN_POINT ( 'NONE',  ( 0.8458605391281903700, 0.9999606299212597800, -0.8192865215333757800 ) ) ;
#1278 = CARTESIAN_POINT ( 'NONE',  ( 0.6695865573980470700, 0.9999606299212597800, -0.8425954777952127100 ) ) ;
#1279 = CARTESIAN_POINT ( 'NONE',  ( 0.8975256712784213100, 0.9999999999999998900, -0.8655727273130706700 ) ) ;
#1280 = EDGE_CURVE ( 'NONE', #2271, #1041, #3377, .T. ) ;
#1281 = CARTESIAN_POINT ( 'NONE',  ( 0.8883585105241297300, 1.000000000000000000, -0.8429962351910224000 ) ) ;
#1282 = ORIENTED_EDGE ( 'NONE', *, *, #1033, .T. ) ;
#1283 = AXIS2_PLACEMENT_3D ( 'NONE', #1181, #3689, #744 ) ;
#1284 = CARTESIAN_POINT ( 'NONE',  ( 0.6483686894187442600, 1.000000000000000400, -0.8883624408605741400 ) ) ;
#1285 = CARTESIAN_POINT ( 'NONE',  ( 0.8699491963917437300, 0.9999606299212597800, -0.8048415345542089300 ) ) ;
#1286 = ORIENTED_EDGE ( 'NONE', *, *, #4019, .F. ) ;
#1287 = DIRECTION ( 'NONE',  ( 0.0000000000000000000, 0.0000000000000000000, 1.000000000000000000 ) ) ;
#1288 = CARTESIAN_POINT ( 'NONE',  ( 0.8518373970045481900, 1.000000000000000200, -0.8024245094069700800 ) ) ;
#1289 = CARTESIAN_POINT ( 'NONE',  ( 0.8693746798641631700, 0.9999606299212597800, -0.8311051472436028500 ) ) ;
#1290 = CARTESIAN_POINT ( 'NONE',  ( 0.6875283958218472200, 1.000000000000000400, -0.8801402336221183500 ) ) ;
#1291 = VECTOR ( 'NONE', #214, 39.37007874015748100 ) ;
#1292 = ADVANCED_FACE ( 'NONE', ( #778 ), #5735, .T. ) ;
#1293 = CARTESIAN_POINT ( 'NONE',  ( 0.8710498536998400000, 0.9999999999999998900, -0.7943843237581593700 ) ) ;
#1294 = CARTESIAN_POINT ( 'NONE',  ( 0.8690258662581323800, 0.9999606299212598900, -0.7943360894784514700 ) ) ;
#1295 = CARTESIAN_POINT ( 'NONE',  ( 0.6992730331659090500, 1.000000000000000200, -0.8413515315978441500 ) ) ;
#1296 = LINE ( 'NONE', #2358, #2605 ) ;
#1297 = CARTESIAN_POINT ( 'NONE',  ( 0.8458605391281902600, 1.000000000000000000, -0.8192865215333755600 ) ) ;
#1298 = CARTESIAN_POINT ( 'NONE',  ( 0.8445473584937205300, 0.9999606299212597800, -0.8640782922372404200 ) ) ;
#1299 = VECTOR ( 'NONE', #1526, 39.37007874015748100 ) ;
#1300 = ORIENTED_EDGE ( 'NONE', *, *, #5559, .T. ) ;
#1301 = CARTESIAN_POINT ( 'NONE',  ( 0.8872734672935782600, 0.9999999999999998900, -0.8411143239640732600 ) ) ;
#1302 = VERTEX_POINT ( 'NONE', #4733 ) ;
#1303 = VERTEX_POINT ( 'NONE', #3744 ) ;
#1304 = LINE ( 'NONE', #3613, #2467 ) ;
#1305 = CARTESIAN_POINT ( 'NONE',  ( 0.6653129685593348600, 0.9999606299212598900, -0.8976283961692269600 ) ) ;
#1306 = PLANE ( 'NONE',  #1653 ) ;
#1307 = FACE_BOUND ( 'NONE', #4453, .T. ) ;
#1308 = CARTESIAN_POINT ( 'NONE',  ( 0.7951062483221902300, 1.000000000000000400, -0.8647372066435508000 ) ) ;
#1309 = B_SPLINE_SURFACE_WITH_KNOTS ( 'NONE', 3, 1, ( 
 ( #4686, #1717 ),
 ( #5696, #2704 ),
 ( #6195, #3186 ),
 ( #270, #3700 ),
 ( #754, #4206 ),
 ( #1240, #4710 ),
 ( #1737, #5209 ),
 ( #2233, #5716 ),
 ( #2722, #6221 ),
 ( #3203, #290 ),
 ( #3725, #779 ),
 ( #4228, #1261 ),
 ( #4736, #1756 ),
 ( #5227, #2259 ),
 ( #5740, #2742 ),
 ( #6240, #3228 ),
 ( #308, #3746 ),
 ( #801, #4250 ),
 ( #1277, #4755 ) ),
 .UNSPECIFIED., .F., .F., .F.,
 ( 4, 1, 1, 1, 1, 1, 1, 1, 1, 1, 1, 1, 1, 1, 1, 1, 4 ),
 ( 2, 2 ),
 ( 0.0000000000000000000, 0.06088887227493784700, 0.1195698595390045600, 0.1770086864547040500, 0.2328328620422930300, 0.2887098514312701500, 0.3452480678761835600, 0.4018410378465908700, 0.4602600551093372100, 0.5202927207486571800, 0.5810288037061101000, 0.6435430669886551500, 0.7084486539598076100, 0.7759626742227476700, 0.8469855610621828100, 0.9216527770129201400, 1.000000000000000000 ),
 ( 0.0000000000000000000, 1.000000000000000000 ),
 .UNSPECIFIED. ) ;
#1310 = CARTESIAN_POINT ( 'NONE',  ( 0.6789530496082839500, 1.000000000000000000, -0.8064356355539106200 ) ) ;
#1311 = ORIENTED_EDGE ( 'NONE', *, *, #6069, .T. ) ;
#1312 = CARTESIAN_POINT ( 'NONE',  ( 0.6265205498011334800, 0.9999606299212601100, -0.8238318833538843500 ) ) ;
#1313 = FACE_OUTER_BOUND ( 'NONE', #4671, .T. ) ;
#1314 = DIRECTION ( 'NONE',  ( -0.0000000000000000000, 1.000000000000000000, -0.0000000000000000000 ) ) ;
#1315 = CARTESIAN_POINT ( 'NONE',  ( 0.7174856067285695400, 0.9999606299212596700, -0.8685432678406864700 ) ) ;
#1316 = CARTESIAN_POINT ( 'NONE',  ( 0.6545727748150317300, 1.000000000000000000, -0.8618603789187334600 ) ) ;
#1317 = B_SPLINE_SURFACE_WITH_KNOTS ( 'NONE', 3, 1, ( 
 ( #1104, #4567 ),
 ( #5066, #2094 ),
 ( #5575, #2583 ),
 ( #6080, #3076 ),
 ( #149, #3581 ),
 ( #645, #4087 ),
 ( #1123, #4593 ),
 ( #1620, #5084 ),
 ( #2117, #5601 ),
 ( #2603, #6100 ),
 ( #3097, #175 ),
 ( #3602, #663 ),
 ( #4116, #1141 ),
 ( #4616, #1643 ),
 ( #5113, #2134 ),
 ( #5624, #2627 ),
 ( #6126, #3116 ),
 ( #200, #3626 ),
 ( #683, #4134 ) ),
 .UNSPECIFIED., .F., .F., .F.,
 ( 4, 1, 1, 1, 1, 1, 1, 1, 1, 1, 1, 1, 1, 1, 1, 1, 4 ),
 ( 2, 2 ),
 ( 0.0000000000000000000, 0.1203858358472038900, 0.2308080084307338700, 0.3305680237435678600, 0.4206210405981459800, 0.5003288236263591100, 0.5707867949311863400, 0.6321153927949231300, 0.6846612245386669600, 0.7314024648940558000, 0.7749552507012208400, 0.8157449697615287700, 0.8538005445631563500, 0.8907166739697773800, 0.9267297321267945500, 0.9631335924975827900, 1.000000000000000000 ),
 ( 0.0000000000000000000, 1.000000000000000000 ),
 .UNSPECIFIED. ) ;
#1318 = EDGE_CURVE ( 'NONE', #5206, #5456, #4554, .T. ) ;
#1319 = VECTOR ( 'NONE', #2560, 39.37007874015748100 ) ;
#1320 = DIRECTION ( 'NONE',  ( -0.7588454441657035400, -0.0000000000000000000, -0.6512707515841286200 ) ) ;
#1321 = CARTESIAN_POINT ( 'NONE',  ( 0.8872734672935782600, 0.9999606299212596700, -0.8411143239640732600 ) ) ;
#1322 = CARTESIAN_POINT ( 'NONE',  ( 0.8608106243658145700, 0.9999606299212597800, -0.8087681238050392600 ) ) ;
#1323 = CARTESIAN_POINT ( 'NONE',  ( 0.7428374146645597700, 0.9999606299212597800, -0.8980773596015574300 ) ) ;
#1324 = CARTESIAN_POINT ( 'NONE',  ( 0.8487220882825834400, 0.9999606299212602200, -0.8839999331874315300 ) ) ;
#1325 = CARTESIAN_POINT ( 'NONE',  ( 0.6666638833839867400, 0.9999606299212597800, -0.4935097178467924300 ) ) ;
#1326 = EDGE_LOOP ( 'NONE', ( #625, #2879, #2821, #3039 ) ) ;
#1327 = EDGE_CURVE ( 'NONE', #1356, #5327, #3214, .T. ) ;
#1328 = CARTESIAN_POINT ( 'NONE',  ( 0.6514342255214308200, 0.9999606299212598900, -0.8223660264594923100 ) ) ;
#1329 = CARTESIAN_POINT ( 'NONE',  ( 0.6640146431405655700, 0.9999606299212601100, -0.8554662595488659000 ) ) ;
#1330 = ADVANCED_FACE ( 'NONE', ( #1921 ), #1781, .F. ) ;
#1331 = DIRECTION ( 'NONE',  ( -1.000000000000000000, 0.0000000000000000000, 2.603493823086944100E-017 ) ) ;
#1332 = MECHANICAL_CONTEXT ( 'NONE', #3799, 'mechanical' ) ;
#1333 = CARTESIAN_POINT ( 'NONE',  ( 0.6947990179039854600, 0.9999999999999998900, -0.8216116548735122900 ) ) ;
#1334 = CARTESIAN_POINT ( 'NONE',  ( 0.3052134181456793700, 0.9999606299212597800, -0.4935941171341137200 ) ) ;
#1335 = CARTESIAN_POINT ( 'NONE',  ( 0.7264037846691836500, 1.000000000000000200, -0.8906711521563194200 ) ) ;
#1336 = ORIENTED_EDGE ( 'NONE', *, *, #5901, .T. ) ;
#1337 = B_SPLINE_CURVE_WITH_KNOTS ( 'NONE', 3,
 ( #4592, #1122, #3579, #1619, #5083, #2116, #5599, #2602, #6099, #3096, #174, #3601, #662, #4114, #1140, #4615, #1642, #5112, #2133 ),
 .UNSPECIFIED., .F., .F.,
 ( 4, 1, 1, 1, 1, 1, 1, 1, 1, 1, 1, 1, 1, 1, 1, 1, 4 ),
 ( 0.0000000000000000000, 0.06553421244304726000, 0.1288270559297149400, 0.1899548512024741600, 0.2496480368191126800, 0.3082483091336515900, 0.3667963607881978800, 0.4255009350642017800, 0.4858920521208359700, 0.5466819835686090900, 0.6066869295489960600, 0.6675221296550205600, 0.7294256136805839000, 0.7931375186351540300, 0.8590270504025672200, 0.9276974320877976500, 1.000000000000000000 ),
 .UNSPECIFIED. ) ;
#1338 = CARTESIAN_POINT ( 'NONE',  ( 0.7696960623289480500, 0.9999606299212597800, -0.8461656876451774100 ) ) ;
#1339 = ORIENTED_EDGE ( 'NONE', *, *, #959, .T. ) ;
#1340 = CARTESIAN_POINT ( 'NONE',  ( 0.8749759528794299700, 0.9999999999999998900, -0.8419369130840691500 ) ) ;
#1341 = EDGE_LOOP ( 'NONE', ( #933, #4978, #1282, #324 ) ) ;
#1342 = CARTESIAN_POINT ( 'NONE',  ( 0.6433670921774113900, 1.000000000000000400, -0.8789071725510412300 ) ) ;
#1343 = CARTESIAN_POINT ( 'NONE',  ( 0.6848432612246923000, 0.9999606299212598900, -0.8497223485393293800 ) ) ;
#1344 = DIRECTION ( 'NONE',  ( -1.570092458683761100E-016, -0.7071067811865536800, 0.7071067811865413600 ) ) ;
#1345 = CARTESIAN_POINT ( 'NONE',  ( 0.8603605893049506300, 0.9999999999999995600, -0.8958332239456484600 ) ) ;
#1346 = CARTESIAN_POINT ( 'NONE',  ( 0.6136447479683073700, 0.9999606299212596700, -0.8147492342084479100 ) ) ;
#1347 = CARTESIAN_POINT ( 'NONE',  ( 0.8811185106536795200, 1.000000000000000400, -0.8104087605311156600 ) ) ;
#1348 = CARTESIAN_POINT ( 'NONE',  ( 0.9960629921259843700, 0.003937007874015861600, -0.9921259842519685200 ) ) ;
#1349 = CARTESIAN_POINT ( 'NONE',  ( 0.7424065272688745700, 1.000000000000000000, -0.8875719145257998700 ) ) ;
#1350 = B_SPLINE_SURFACE_WITH_KNOTS ( 'NONE', 3, 1, ( 
 ( #6150, #217 ),
 ( #4152, #1183 ),
 ( #4660, #1682 ),
 ( #5155, #2182 ),
 ( #5665, #2669 ),
 ( #6168, #3157 ),
 ( #238, #3669 ),
 ( #726, #4175 ),
 ( #1205, #4681 ),
 ( #1711, #5177 ),
 ( #2203, #5689 ),
 ( #2694, #6188 ),
 ( #3179, #263 ),
 ( #3691, #747 ),
 ( #4198, #1231 ),
 ( #4703, #1728 ),
 ( #5203, #2223 ),
 ( #5710, #2715 ),
 ( #6211, #3198 ) ),
 .UNSPECIFIED., .F., .F., .F.,
 ( 4, 1, 1, 1, 1, 1, 1, 1, 1, 1, 1, 1, 1, 1, 1, 1, 4 ),
 ( 2, 2 ),
 ( 0.0000000000000000000, 0.09271675908828240500, 0.1801828503269492200, 0.2644844746646986500, 0.3464547069403139400, 0.4250710312591291000, 0.4992283855822995400, 0.5714123754260515000, 0.6423085886576509500, 0.6788506151926689800, 0.7174739186893375200, 0.7581199166695004000, 0.8008069053587524300, 0.8468253388439294100, 0.8950746429128073600, 0.9461164316244252700, 1.000000000000000000 ),
 ( 0.0000000000000000000, 1.000000000000000000 ),
 .UNSPECIFIED. ) ;
#1351 = PERSON_AND_ORGANIZATION_ROLE ( 'classification_officer' ) ;
#1352 = CARTESIAN_POINT ( 'NONE',  ( 0.8702984618577465100, 0.9999999999999996700, -0.8875134920018761300 ) ) ;
#1353 = ORIENTED_EDGE ( 'NONE', *, *, #5566, .T. ) ;
#1354 = CARTESIAN_POINT ( 'NONE',  ( 1.000000000000000000, 0.9921259842519683000, -2.603493823086943800E-017 ) ) ;
#1355 = CARTESIAN_POINT ( 'NONE',  ( 0.7428374146645597700, 0.9999606299212597800, -0.8980773596015574300 ) ) ;
#1356 = VERTEX_POINT ( 'NONE', #5763 ) ;
#1357 = CARTESIAN_POINT ( 'NONE',  ( 0.7670978461694164500, 1.000000000000000200, -0.8192535270554144300 ) ) ;
#1358 = ORIENTED_EDGE ( 'NONE', *, *, #2721, .F. ) ;
#1359 = B_SPLINE_SURFACE_WITH_KNOTS ( 'NONE', 3, 1, ( 
 ( #4286, #832 ),
 ( #4788, #1813 ),
 ( #5284, #2312 ),
 ( #5800, #2800 ),
 ( #6301, #3286 ),
 ( #368, #3801 ),
 ( #852, #4306 ) ),
 .UNSPECIFIED., .F., .F., .F.,
 ( 4, 1, 1, 1, 4 ),
 ( 2, 2 ),
 ( 0.0000000000000000000, 0.3127941251982918100, 0.5827301107661253500, 0.8109483712724634400, 1.000000000000000000 ),
 ( 0.0000000000000000000, 1.000000000000000000 ),
 .UNSPECIFIED. ) ;
#1360 = CARTESIAN_POINT ( 'NONE',  ( 0.8843385305009136000, 0.9999606299212598900, -0.8490911260577274100 ) ) ;
#1361 = CARTESIAN_POINT ( 'NONE',  ( 0.6705634188677653800, 1.000000000000000200, -0.8980555919808617100 ) ) ;
#1362 = EDGE_LOOP ( 'NONE', ( #21, #1263, #2231, #4354 ) ) ;
#1363 = EDGE_CURVE ( 'NONE', #3027, #4925, #4402, .T. ) ;
#1364 = CARTESIAN_POINT ( 'NONE',  ( 0.8889082418019000900, 0.9999606299212597800, -0.8439496953245095900 ) ) ;
#1365 = CARTESIAN_POINT ( 'NONE',  ( 0.9960629921259841500, 1.000000000000000000, -0.003937007874016134000 ) ) ;
#1366 = CARTESIAN_POINT ( 'NONE',  ( 0.7424065272688745700, 1.000000000000050200, -0.8875719145257998700 ) ) ;
#1367 = EDGE_CURVE ( 'NONE', #1562, #4589, #5739, .T. ) ;
#1368 = VERTEX_POINT ( 'NONE', #4774 ) ;
#1369 = LOCAL_TIME ( 13, 25, 22.00000000000000000, #2675 ) ;
#1370 = CARTESIAN_POINT ( 'NONE',  ( 0.0000000000000000000, 0.007874015748031721500, -0.9944322300693975200 ) ) ;
#1371 = PLANE ( 'NONE',  #2324 ) ;
#1372 = CARTESIAN_POINT ( 'NONE',  ( 0.7494138916855571700, 1.000000000000000000, -0.8069378428933818800 ) ) ;
#1373 = LINE ( 'NONE', #603, #4329 ) ;
#1374 = ORIENTED_EDGE ( 'NONE', *, *, #350, .F. ) ;
#1375 = CARTESIAN_POINT ( 'NONE',  ( 0.8601669674949685700, 0.9999606299212596700, -0.8809435322334019400 ) ) ;
#1376 = VECTOR ( 'NONE', #4707, 39.37007874015748100 ) ;
#1377 = CARTESIAN_POINT ( 'NONE',  ( 0.8463920547458694300, 0.9999606299212601100, -0.8781671911042026000 ) ) ;
#1378 = DIRECTION ( 'NONE',  ( -0.8754645270000110900, -0.0000000000000000000, 0.4832823832550144900 ) ) ;
#1379 = ORIENTED_EDGE ( 'NONE', *, *, #1034, .T. ) ;
#1380 = LINE ( 'NONE', #1491, #5337 ) ;
#1381 = CARTESIAN_POINT ( 'NONE',  ( 0.7544996343443635100, 0.9999606299212597800, -0.7975905221162195000 ) ) ;
#1382 = LINE ( 'NONE', #2508, #5190 ) ;
#1383 = B_SPLINE_SURFACE_WITH_KNOTS ( 'NONE', 3, 1, ( 
 ( #2319, #2803 ),
 ( #3292, #371 ),
 ( #3806, #859 ),
 ( #4312, #1340 ),
 ( #4818, #1841 ),
 ( #5308, #2342 ),
 ( #5826, #2825 ),
 ( #6329, #3320 ),
 ( #396, #3829 ),
 ( #885, #4338 ),
 ( #1360, #4838 ),
 ( #1867, #5328 ),
 ( #2357, #5846 ),
 ( #2848, #6346 ),
 ( #3339, #418 ),
 ( #3851, #900 ),
 ( #4357, #1384 ),
 ( #4858, #1885 ),
 ( #5350, #2378 ) ),
 .UNSPECIFIED., .F., .F., .F.,
 ( 4, 1, 1, 1, 1, 1, 1, 1, 1, 1, 1, 1, 1, 1, 1, 1, 4 ),
 ( 2, 2 ),
 ( 0.0000000000000000000, 0.05343513490584850300, 0.1055018598988582800, 0.1565256309121778000, 0.2081407567631196100, 0.2604235271861906100, 0.3144196021146532000, 0.3703210988382157900, 0.4295989642794054700, 0.4909858930407010000, 0.5540450368840156300, 0.6194960685752022300, 0.6873760664201034000, 0.7590855673415848300, 0.8350776171647551500, 0.9150204474840063500, 0.9999999999999998900 ),
 ( 0.0000000000000000000, 1.000000000000000000 ),
 .UNSPECIFIED. ) ;
#1384 = CARTESIAN_POINT ( 'NONE',  ( 0.8878272834777626300, 0.9999999999999998900, -0.8617495339248922900 ) ) ;
#1385 = CARTESIAN_POINT ( 'NONE',  ( 0.6760667284009762600, 1.000000000000000000, -0.8979543040041245700 ) ) ;
#1386 = PLANE ( 'NONE',  #5443 ) ;
#1387 = DIRECTION ( 'NONE',  ( 0.0000000000000000000, -1.000000000000000000, 0.0000000000000000000 ) ) ;
#1388 = CARTESIAN_POINT ( 'NONE',  ( 0.6065198837600153100, 0.9999606299212598900, -0.8956623908563675600 ) ) ;
#1389 = CARTESIAN_POINT ( 'NONE',  ( 0.8463920547458694300, 1.000000000000000200, -0.8781671911042026000 ) ) ;
#1390 = LINE ( 'NONE', #5968, #2698 ) ;
#1391 = ORIENTED_EDGE ( 'NONE', *, *, #6249, .F. ) ;
#1392 = CARTESIAN_POINT ( 'NONE',  ( 0.6076325183217783400, 0.9999999999999998900, -0.7968804411740664200 ) ) ;
#1393 = FACE_OUTER_BOUND ( 'NONE', #2301, .T. ) ;
#1394 = CARTESIAN_POINT ( 'NONE',  ( 0.0000000000000000000, 0.0000000000000000000, 0.0000000000000000000 ) ) ;
#1395 = CARTESIAN_POINT ( 'NONE',  ( 0.6152247764056093500, 1.000000000000000000, -0.8518704391174831700 ) ) ;
#1396 = CARTESIAN_POINT ( 'NONE',  ( 0.7591906172531902600, 1.000000000000000000, -0.8462067245400044500 ) ) ;
#1397 = VECTOR ( 'NONE', #541, 39.37007874015748100 ) ;
#1398 = CARTESIAN_POINT ( 'NONE',  ( 0.8553575789097765900, 0.9999999999999996700, -0.8685192550663595200 ) ) ;
#1399 = CARTESIAN_POINT ( 'NONE',  ( 0.8703390468926018900, 0.9999606299212597800, -0.8980773596015574300 ) ) ;
#1400 = ORIENTED_EDGE ( 'NONE', *, *, #5235, .T. ) ;
#1401 = LINE ( 'NONE', #666, #4195 ) ;
#1402 = EDGE_CURVE ( 'NONE', #3511, #5816, #5577, .T. ) ;
#1403 = EDGE_CURVE ( 'NONE', #866, #1368, #3065, .T. ) ;
#1404 = CARTESIAN_POINT ( 'NONE',  ( 0.6063692209167793600, 1.000000000000000000, -0.8087400395627908400 ) ) ;
#1405 = CARTESIAN_POINT ( 'NONE',  ( 0.6987118612371930900, 0.9999606299212595600, -0.8839518334515769100 ) ) ;
#1406 = PLANE ( 'NONE',  #363 ) ;
#1407 = CARTESIAN_POINT ( 'NONE',  ( 0.6122624111698963300, 0.9999606299212598900, -0.8767169941165179300 ) ) ;
#1408 = CARTESIAN_POINT ( 'NONE',  ( 0.6185606063734115900, 1.000000000000000200, -0.8877065582312834200 ) ) ;
#1410 = CARTESIAN_POINT ( 'NONE',  ( 0.8703390468926018900, 1.000000000000000000, -0.8980773596015574300 ) ) ;
#1409 = AXIS2_PLACEMENT_3D ( 'NONE', #3315, #877, #4333 ) ;
#1411 = DIRECTION ( 'NONE',  ( 0.0000000000000000000, 1.000000000000000000, 0.0000000000000000000 ) ) ;
#1412 = CARTESIAN_POINT ( 'NONE',  ( 0.7949601091990808900, 0.9999606299212602200, -0.8773068923311887500 ) ) ;
#1413 = AXIS2_PLACEMENT_3D ( 'NONE', #5329, #5847, #2849 ) ;
#1414 = ORIENTED_EDGE ( 'NONE', *, *, #4103, .F. ) ;
#1415 = CARTESIAN_POINT ( 'NONE',  ( 0.7288587916201233500, 0.9999606299212598900, -0.8737197803284731900 ) ) ;
#1416 = B_SPLINE_CURVE_WITH_KNOTS ( 'NONE', 3,
 ( #1101, #3050, #5571, #2580, #6078, #3073, #147, #3577, #641, #4084, #1120, #4590, #1616, #5081, #2114, #5597, #2600, #6097, #3094 ),
 .UNSPECIFIED., .F., .F.,
 ( 4, 1, 1, 1, 1, 1, 1, 1, 1, 1, 1, 1, 1, 1, 1, 1, 4 ),
 ( 0.0000000000000000000, 0.04461140070214060500, 0.08771103364401446100, 0.1305519678448846000, 0.1734812435493580700, 0.2172750310008206800, 0.2633226479506828300, 0.3118589299127195200, 0.3634664861580806900, 0.4194362964783537300, 0.4808868625215602100, 0.5492072408141092100, 0.6242104105436904200, 0.7063843999137394700, 0.7964922683424533500, 0.8942066700976112300, 1.000000000000000000 ),
 .UNSPECIFIED. ) ;
#1417 = ORIENTED_EDGE ( 'NONE', *, *, #1911, .F. ) ;
#1418 = CARTESIAN_POINT ( 'NONE',  ( 0.8114716212630150900, 1.000000000000000000, -0.8980773596015574300 ) ) ;
#1419 = CARTESIAN_POINT ( 'NONE',  ( 0.6695865573980471800, 1.000000000000000200, -0.8425954777952128200 ) ) ;
#1420 = CARTESIAN_POINT ( 'NONE',  ( 0.8878333457136184900, 1.000000000000000200, -0.8669348530046002700 ) ) ;
#1421 = VERTEX_POINT ( 'NONE', #3785 ) ;
#1422 = CARTESIAN_POINT ( 'NONE',  ( 0.6744083925402404300, 1.000000000000000000, -0.8061547151886786500 ) ) ;
#1423 = CARTESIAN_POINT ( 'NONE',  ( 0.8878333457136184900, 0.9999606299212598900, -0.8669348530046002700 ) ) ;
#1424 = CARTESIAN_POINT ( 'NONE',  ( 0.5932853628322980500, 0.9999606299212595600, -0.8849421752731047000 ) ) ;
#1425 = CARTESIAN_POINT ( 'NONE',  ( 0.8503389295132159900, 0.9999606299212597800, -0.4547735756867370400 ) ) ;
#1426 = CARTESIAN_POINT ( 'NONE',  ( 0.7360663521016060900, 0.9999606299212597800, -0.8854706630791743200 ) ) ;
#1427 = CARTESIAN_POINT ( 'NONE',  ( 0.6506396900781962200, 0.9999999999999996700, -0.8259180957931777600 ) ) ;
#1428 = CARTESIAN_POINT ( 'NONE',  ( 0.8109632759089460100, 1.000000000000000200, -0.8969156245163240100 ) ) ;
#1429 = DIRECTION ( 'NONE',  ( -0.0000000000000000000, 1.000000000000000000, -0.0000000000000000000 ) ) ;
#1430 = DIRECTION ( 'NONE',  ( -0.0000000000000000000, 1.000000000000000000, -0.0000000000000000000 ) ) ;
#1431 = ORIENTED_EDGE ( 'NONE', *, *, #2766, .F. ) ;
#1432 = CARTESIAN_POINT ( 'NONE',  ( 0.8764572739893171600, 0.9999999999999996700, -0.8867379963922861200 ) ) ;
#1433 = CARTESIAN_POINT ( 'NONE',  ( 0.6575360906113553200, 1.000000000000000000, -0.8466877476235965500 ) ) ;
#1434 = EDGE_CURVE ( 'NONE', #4319, #1127, #4090, .T. ) ;
#1435 = CARTESIAN_POINT ( 'NONE',  ( 0.8830773159976556000, 0.9999606299212595600, -0.8813758192757522600 ) ) ;
#1436 = AXIS2_PLACEMENT_3D ( 'NONE', #5711, #2716, #6212 ) ;
#1437 = CARTESIAN_POINT ( 'NONE',  ( 0.8474593876903391300, 0.9999606299212595600, -0.8110297154408281400 ) ) ;
#1438 = CARTESIAN_POINT ( 'NONE',  ( 0.6767254241646703000, 1.000000000000000200, -0.8062018013714773400 ) ) ;
#1439 = ADVANCED_FACE ( 'NONE', ( #5408 ), #3248, .F. ) ;
#1440 = EDGE_CURVE ( 'NONE', #1761, #1368, #161, .T. ) ;
#1441 = CARTESIAN_POINT ( 'NONE',  ( 0.8805773402918264400, 0.9999606299212596700, -0.8840912087177774700 ) ) ;
#1442 = CARTESIAN_POINT ( 'NONE',  ( 0.7621158852973652900, 1.000000000000000200, -0.8862649710550782900 ) ) ;
#1443 = CARTESIAN_POINT ( 'NONE',  ( 0.7611850694413494500, 1.000000000000000200, -0.8044586174809665900 ) ) ;
#1444 = CARTESIAN_POINT ( 'NONE',  ( 0.7288587916201233500, 1.000000000000050200, -0.8737197803284731900 ) ) ;
#1445 = LINE ( 'NONE', #4112, #3923 ) ;
#1446 = EDGE_CURVE ( 'NONE', #4268, #5698, #1528, .T. ) ;
#1447 = VECTOR ( 'NONE', #372, 39.37007874015748100 ) ;
#1448 = CARTESIAN_POINT ( 'NONE',  ( 0.6027434938811868600, 1.000000000000000200, -0.8963736130301895900 ) ) ;
#1449 = FACE_BOUND ( 'NONE', #6077, .T. ) ;
#1450 = EDGE_LOOP ( 'NONE', ( #1880, #2008, #2424, #3130 ) ) ;
#1451 = CARTESIAN_POINT ( 'NONE',  ( 0.7269806898910006200, 0.9999999999999998900, -0.8621086984919109600 ) ) ;
#1452 = ORIENTED_EDGE ( 'NONE', *, *, #5231, .T. ) ;
#1453 = CARTESIAN_POINT ( 'NONE',  ( 0.8703390468926018900, 1.000000000000000000, -0.8980773596015574300 ) ) ;
#1454 = FACE_OUTER_BOUND ( 'NONE', #4714, .T. ) ;
#1455 = B_SPLINE_CURVE_WITH_KNOTS ( 'NONE', 3,
 ( #1629, #4602, #2614, #6110, #3105, #183, #3611, #669, #4122, #1151, #4623, #1648, #5121, #2142, #5631, #2635, #6136, #3122, #206 ),
 .UNSPECIFIED., .F., .F.,
 ( 4, 1, 1, 1, 1, 1, 1, 1, 1, 1, 1, 1, 1, 1, 1, 1, 4 ),
 ( 0.0000000000000000000, 0.09514348807164432800, 0.1847457720530764300, 0.2683084903083860500, 0.3466242220093580500, 0.4193377299534537500, 0.4872737010492224600, 0.5502487944465251900, 0.6091667059941581200, 0.6639479924279664300, 0.7154822751577646400, 0.7640415713753496700, 0.8109810218191539900, 0.8569367060899872900, 0.9028761937633806900, 0.9504445482262293700, 1.000000000000000000 ),
 .UNSPECIFIED. ) ;
#1456 = ORIENTED_EDGE ( 'NONE', *, *, #6280, .T. ) ;
#1457 = FACE_OUTER_BOUND ( 'NONE', #4415, .T. ) ;
#1458 = CARTESIAN_POINT ( 'NONE',  ( 0.6450097940506412900, 0.9999606299212593400, -0.8581957784438827300 ) ) ;
#1459 = CARTESIAN_POINT ( 'NONE',  ( 0.8749797046774119300, 1.000000000000000200, -0.8872126413494475500 ) ) ;
#1460 = ORIENTED_EDGE ( 'NONE', *, *, #4781, .T. ) ;
#1461 = CARTESIAN_POINT ( 'NONE',  ( 0.7031560504275762300, 0.9999606299212597800, -0.8119574852364183100 ) ) ;
#1462 = FACE_OUTER_BOUND ( 'NONE', #1829, .T. ) ;
#1463 = CARTESIAN_POINT ( 'NONE',  ( 0.6894833945840218600, 0.9999606299212598900, -0.8109206522782754800 ) ) ;
#1464 = CARTESIAN_POINT ( 'NONE',  ( 0.6209066193069477900, 0.9999606299212601100, -0.8440877231125265600 ) ) ;
#1465 = CARTESIAN_POINT ( 'NONE',  ( 0.7696960623289479400, 1.000000000000000000, -0.8461656876451773000 ) ) ;
#1466 = CARTESIAN_POINT ( 'NONE',  ( 0.7424065272688745700, 1.000000000000000000, -0.8875719145257998700 ) ) ;
#1467 = CARTESIAN_POINT ( 'NONE',  ( 0.7348501238160573000, 1.000000000000000200, -0.8080975995124571900 ) ) ;
#1468 = ORIENTED_EDGE ( 'NONE', *, *, #720, .F. ) ;
#1469 = FACE_OUTER_BOUND ( 'NONE', #3445, .T. ) ;
#1470 = ADVANCED_FACE ( 'NONE', ( #3926 ), #2788, .T. ) ;
#1471 = CARTESIAN_POINT ( 'NONE',  ( 0.6238899254552918700, 1.000000000000000000, -0.8725554945349725000 ) ) ;
#1472 = CARTESIAN_POINT ( 'NONE',  ( 0.6866889124200469300, 0.9999999999999995600, -0.8491045496883568000 ) ) ;
#1473 = CARTESIAN_POINT ( 'NONE',  ( 0.6229501914099792000, 0.9999606299212601100, -0.8090333535814627800 ) ) ;
#1474 = ADVANCED_FACE ( 'NONE', ( #1605 ), #6020, .T. ) ;
#1475 = VERTEX_POINT ( 'NONE', #420 ) ;
#1476 = PLANE ( 'NONE',  #2677 ) ;
#1477 = CARTESIAN_POINT ( 'NONE',  ( 0.6483487803491907500, 0.9999606299212597800, -0.8532664956565071400 ) ) ;
#1478 = EDGE_CURVE ( 'NONE', #2925, #4343, #1296, .T. ) ;
#1479 = DIRECTION ( 'NONE',  ( 0.0000000000000000000, 0.0000000000000000000, 1.000000000000000000 ) ) ;
#1480 = EDGE_CURVE ( 'NONE', #2206, #4976, #5255, .T. ) ;
#1481 = CARTESIAN_POINT ( 'NONE',  ( 0.6866097168424030200, 1.000000000000000400, -0.7962291178442932900 ) ) ;
#1482 = ORIENTED_EDGE ( 'NONE', *, *, #2152, .T. ) ;
#1483 = CARTESIAN_POINT ( 'NONE',  ( 0.6945537624879150100, 1.000000000000000000, -0.8198071007445723000 ) ) ;
#1484 = CARTESIAN_POINT ( 'NONE',  ( 0.0000000000000000000, 0.0000000000000000000, -1.000000000000000000 ) ) ;
#1485 = CARTESIAN_POINT ( 'NONE',  ( 0.8569734924308209900, 1.000000000000000200, -0.8170206881784692900 ) ) ;
#1486 = DIRECTION ( 'NONE',  ( -0.0000000000000000000, 1.000000000000000000, -0.0000000000000000000 ) ) ;
#1487 = CC_DESIGN_DATE_AND_TIME_ASSIGNMENT ( #6030, #4833, ( #845 ) ) ;
#1488 = ORIENTED_EDGE ( 'NONE', *, *, #6022, .T. ) ;
#1489 = VERTEX_POINT ( 'NONE', #3404 ) ;
#1490 = CARTESIAN_POINT ( 'NONE',  ( 0.6922184048952357800, 0.9999606299212597800, -0.8665610243742847300 ) ) ;
#1491 = CARTESIAN_POINT ( 'NONE',  ( 0.8182837458043267200, 0.9999606299212597800, -0.8980773596015574300 ) ) ;
#1492 = DIRECTION ( 'NONE',  ( 0.6512707515841301700, 0.0000000000000000000, 0.7588454441657024300 ) ) ;
#1493 = CARTESIAN_POINT ( 'NONE',  ( 0.5959663680780896700, 0.9999606299212597800, -0.7956492701129210800 ) ) ;
#1494 = CARTESIAN_POINT ( 'NONE',  ( 0.8759276649923110100, 1.000000000000000200, -0.8973875939917354000 ) ) ;
#1495 = CARTESIAN_POINT ( 'NONE',  ( 0.7430220806912820600, 0.9999606299212597800, -0.8048415345542089300 ) ) ;
#1496 = ADVANCED_FACE ( 'NONE', ( #3773 ), #3888, .T. ) ;
#1497 = CARTESIAN_POINT ( 'NONE',  ( 0.7876491365589504100, 0.9999606299212598900, -0.8604139883651464900 ) ) ;
#1498 = CARTESIAN_POINT ( 'NONE',  ( 0.7437969774646642200, 1.000000000000000200, -0.8980465774448662700 ) ) ;
#1499 = VERTEX_POINT ( 'NONE', #1925 ) ;
#1500 = CARTESIAN_POINT ( 'NONE',  ( 0.8551034957828951300, 0.9999606299212593400, -0.8609344281511247500 ) ) ;
#1501 = CARTESIAN_POINT ( 'NONE',  ( 0.6666638833839867400, 1.000000000000000000, -0.5063097178467925700 ) ) ;
#1502 = CARTESIAN_POINT ( 'NONE',  ( 0.8693746798641631700, 1.000000000000000200, -0.8311051472436028500 ) ) ;
#1503 = ORIENTED_EDGE ( 'NONE', *, *, #4906, .T. ) ;
#1504 = CARTESIAN_POINT ( 'NONE',  ( 0.7016696801619936000, 0.9999606299212597800, -0.8764732753926625100 ) ) ;
#1505 = ORIENTED_EDGE ( 'NONE', *, *, #3042, .T. ) ;
#1506 = CARTESIAN_POINT ( 'NONE',  ( 0.8974654523130595200, 0.9999606299212597800, -0.8305748885066996900 ) ) ;
#1507 = CARTESIAN_POINT ( 'NONE',  ( 0.7494138916855571700, 0.9999606299212507900, -0.8069378428933818800 ) ) ;
#1508 = DIRECTION ( 'NONE',  ( 1.000000000000000000, 0.0000000000000000000, -0.0000000000000000000 ) ) ;
#1509 = CARTESIAN_POINT ( 'NONE',  ( 0.6561264558947328400, 0.9999606299212598900, -0.8598720105174547700 ) ) ;
#1510 = CLOSED_SHELL ( 'NONE', ( #2840, #2451, #3574, #5322, #970, #1962, #2505, #3012, #3970, #2480, #5014, #5264, #521, #4598, #1637, #4843, #5413, #5944, #3047, #5581, #2121, #3444, #4462, #3260, #10, #4494, #2930, #1439, #4816, #1330, #2980, #4457 ) ) ;
#1511 = CARTESIAN_POINT ( 'NONE',  ( 0.1001548727153806400, 0.9999606299212597800, -0.4935941171341137200 ) ) ;
#1512 = CARTESIAN_POINT ( 'NONE',  ( 0.8948213934438620200, 1.000000000000000200, -0.8777854009231596000 ) ) ;
#1513 = EDGE_CURVE ( 'NONE', #5265, #5106, #1143, .T. ) ;
#1514 = CALENDAR_DATE ( 2018, 15, 3 ) ;
#1515 = CARTESIAN_POINT ( 'NONE',  ( 0.7044347811448323800, 0.9999606299212601100, -0.8157348784975093600 ) ) ;
#1516 = EDGE_CURVE ( 'NONE', #2768, #1754, #2090, .T. ) ;
#1517 = CARTESIAN_POINT ( 'NONE',  ( 0.6061916420981863200, 1.000000000000000000, -0.8415119791263441200 ) ) ;
#1518 = FACE_OUTER_BOUND ( 'NONE', #3678, .T. ) ;
#1519 = CARTESIAN_POINT ( 'NONE',  ( 0.007874015748031721500, 1.000000000000000000, -0.007874015748031584400 ) ) ;
#1520 = ORIENTED_EDGE ( 'NONE', *, *, #2551, .T. ) ;
#1521 = AXIS2_PLACEMENT_3D ( 'NONE', #1782, #2759, #6263 ) ;
#1522 = VECTOR ( 'NONE', #3540, 39.37007874015748100 ) ;
#1523 = CARTESIAN_POINT ( 'NONE',  ( 0.5753453284274326900, 0.9999999999997824000, -0.8547423986640573200 ) ) ;
#1524 = CARTESIAN_POINT ( 'NONE',  ( 0.6004567160295150000, 1.000000000000000200, -0.8426749160338190500 ) ) ;
#1525 = CARTESIAN_POINT ( 'NONE',  ( 0.8684124243103299400, 0.9999606299212596700, -0.8419570844271963000 ) ) ;
#1526 = DIRECTION ( 'NONE',  ( -0.0000000000000000000, -0.0000000000000000000, -1.000000000000000000 ) ) ;
#1527 = CARTESIAN_POINT ( 'NONE',  ( 0.8621434454271006400, 1.000000000000000400, -0.8322834253861367500 ) ) ;
#1528 = B_SPLINE_CURVE_WITH_KNOTS ( 'NONE', 3,
 ( #860, #6307, #2805, #4313, #1342, #4820, #1842, #5309, #2343, #5827, #2826, #6331, #3322, #397, #3830, #886, #4339, #1361, #4839 ),
 .UNSPECIFIED., .F., .F.,
 ( 4, 1, 1, 1, 1, 1, 1, 1, 1, 1, 1, 1, 1, 1, 1, 1, 4 ),
 ( 0.0000000000000000000, 0.06553421244304726000, 0.1288270559297149400, 0.1899548512024741600, 0.2496480368191126800, 0.3082483091336515900, 0.3667963607881978800, 0.4255009350642017800, 0.4858920521208359700, 0.5466819835686090900, 0.6066869295489960600, 0.6675221296550205600, 0.7294256136805839000, 0.7931375186351540300, 0.8590270504025672200, 0.9276974320877976500, 1.000000000000000000 ),
 .UNSPECIFIED. ) ;
#1529 = VECTOR ( 'NONE', #6062, 39.37007874015748100 ) ;
#1530 = LINE ( 'NONE', #1991, #2845 ) ;
#1531 = ADVANCED_FACE ( 'NONE', ( #6 ), #1759, .T. ) ;
#1532 = CARTESIAN_POINT ( 'NONE',  ( 0.8822662341179784400, 0.9999606299212598900, -0.7984055067584698900 ) ) ;
#1533 = CARTESIAN_POINT ( 'NONE',  ( 0.7566694416745823900, 1.000000000000000200, -0.8186822233612424100 ) ) ;
#1534 = FACE_OUTER_BOUND ( 'NONE', #3188, .T. ) ;
#1535 = CARTESIAN_POINT ( 'NONE',  ( 0.005567769930602744400, 1.000000000000000000, -1.000000000000000000 ) ) ;
#1536 = ORIENTED_EDGE ( 'NONE', *, *, #481, .F. ) ;
#1537 = VECTOR ( 'NONE', #982, 39.37007874015748900 ) ;
#1538 = DIRECTION ( 'NONE',  ( 0.7071067811865413600, 0.0000000000000000000, -0.7071067811865536800 ) ) ;
#1539 = CARTESIAN_POINT ( 'NONE',  ( 0.6134275668270540200, 1.000000000000000200, -0.8696798283811503200 ) ) ;
#1540 = CARTESIAN_POINT ( 'NONE',  ( 0.7158556563156902600, 1.000000000000000000, -0.8461656876451773000 ) ) ;
#1541 = LINE ( 'NONE', #4449, #2707 ) ;
#1542 = CARTESIAN_POINT ( 'NONE',  ( 0.5954057336387677000, 0.9999606299212597800, -0.8429242361439246400 ) ) ;
#1543 = DIRECTION ( 'NONE',  ( -1.840948137082083400E-017, -0.7071067811865413600, -0.7071067811865536800 ) ) ;
#1544 = CARTESIAN_POINT ( 'NONE',  ( 0.8182837458043267200, 1.000000000000000000, -0.8980773596015574300 ) ) ;
#1545 = CARTESIAN_POINT ( 'NONE',  ( 0.6915758187421191500, 0.9999999999999998900, -0.8712147669180533300 ) ) ;
#1546 = PERSON ( 'UNSPECIFIED', 'UNSPECIFIED', 'UNSPECIFIED', ('UNSPECIFIED'), ('UNSPECIFIED'), ('UNSPECIFIED') ) ;
#1547 = VERTEX_POINT ( 'NONE', #3075 ) ;
#1548 = LINE ( 'NONE', #2045, #2867 ) ;
#1549 = CARTESIAN_POINT ( 'NONE',  ( 0.6907279292393070400, 0.9999606299212597800, -0.8121841257378786800 ) ) ;
#1550 = CARTESIAN_POINT ( 'NONE',  ( 0.8486195660649202800, 0.9999606299212601100, -0.8447413050377417000 ) ) ;
#1551 = DIRECTION ( 'NONE',  ( -0.7071067811865536800, -0.7071067811865413600, 1.385997644975580100E-016 ) ) ;
#1552 = CARTESIAN_POINT ( 'NONE',  ( 0.7263611013914480500, 0.9999606299212598900, -0.8462067245400045600 ) ) ;
#1553 = CARTESIAN_POINT ( 'NONE',  ( 0.6716589205868196400, 0.9999606299212597800, -0.8980773596015574300 ) ) ;
#1554 = CARTESIAN_POINT ( 'NONE',  ( 0.7591906172531902600, 0.9999606299212507900, -0.8462067245400044500 ) ) ;
#1555 = ORIENTED_EDGE ( 'NONE', *, *, #1976, .T. ) ;
#1556 = CARTESIAN_POINT ( 'NONE',  ( 0.8872616773849944000, 0.9999606299212596700, -0.8569145064332350800 ) ) ;
#1557 = CARTESIAN_POINT ( 'NONE',  ( 0.6421824666348899800, 0.9999606299212593400, -0.8143837600194534500 ) ) ;
#1558 = EDGE_CURVE ( 'NONE', #3545, #4194, #2456, .T. ) ;
#1559 = CARTESIAN_POINT ( 'NONE',  ( 0.0000000000000000000, 0.9921259842519684100, -0.007874015748031584400 ) ) ;
#1560 = CARTESIAN_POINT ( 'NONE',  ( 0.6087783734728206000, 0.9999606299212598900, -0.8816971728274015700 ) ) ;
#1561 = AXIS2_PLACEMENT_3D ( 'NONE', #1325, #1411, #4889 ) ;
#1562 = VERTEX_POINT ( 'NONE', #3578 ) ;
#1563 = CARTESIAN_POINT ( 'NONE',  ( 0.8883585105241297300, 1.000000000000000000, -0.8429962351910224000 ) ) ;
#1564 = VERTEX_POINT ( 'NONE', #1121 ) ;
#1565 = ADVANCED_FACE ( 'NONE', ( #2307 ), #6072, .T. ) ;
#1566 = EDGE_CURVE ( 'NONE', #4693, #4828, #4796, .T. ) ;
#1567 = ORIENTED_EDGE ( 'NONE', *, *, #842, .T. ) ;
#1568 = EDGE_CURVE ( 'NONE', #6065, #921, #3614, .T. ) ;
#1569 = ORIENTED_EDGE ( 'NONE', *, *, #3898, .F. ) ;
#1570 = CARTESIAN_POINT ( 'NONE',  ( 0.7032373149086510500, 0.9999606299212601100, -0.8351824492224735300 ) ) ;
#1571 = CARTESIAN_POINT ( 'NONE',  ( 0.6849701813840529700, 0.9999606299212604500, -0.8825716328183858000 ) ) ;
#1572 = CARTESIAN_POINT ( 'NONE',  ( 0.6895435936065677000, 0.9999606299212593400, -0.8770574140901102900 ) ) ;
#1573 = CARTESIAN_POINT ( 'NONE',  ( 0.8889082418019000900, 1.000000000000000000, -0.8414669631874652800 ) ) ;
#1574 = CARTESIAN_POINT ( 'NONE',  ( 0.8445735115109028700, 1.000000000000000400, -0.8628328359571440000 ) ) ;
#1575 = CARTESIAN_POINT ( 'NONE',  ( 0.8724103109306170500, 0.9999606299212596700, -0.8049720510771495300 ) ) ;
#1576 = CARTESIAN_POINT ( 'NONE',  ( 0.6712477458224480600, 1.000000000000000200, -0.8862522244772048600 ) ) ;
#1577 = CARTESIAN_POINT ( 'NONE',  ( 0.9921259842519686300, 0.0000000000000000000, -1.000000000000000200 ) ) ;
#1578 = DIRECTION ( 'NONE',  ( -1.000000000000000000, 0.0000000000000000000, 0.0000000000000000000 ) ) ;
#1579 = CARTESIAN_POINT ( 'NONE',  ( 0.4936393814528367600, 0.9999606299212597800, -0.1281468749641331000 ) ) ;
#1580 = CARTESIAN_POINT ( 'NONE',  ( 0.7319148708444368500, 1.000000000000000200, -0.7972061024261101200 ) ) ;
#1581 = ORIENTED_EDGE ( 'NONE', *, *, #4739, .F. ) ;
#1582 = CARTESIAN_POINT ( 'NONE',  ( 0.7398469688248704400, 1.000000000000000000, -0.7944437112587636700 ) ) ;
#1583 = CARTESIAN_POINT ( 'NONE',  ( 0.6003791194558252300, 1.000000000000000000, -0.8846034937432725200 ) ) ;
#1584 = CARTESIAN_POINT ( 'NONE',  ( 0.8721825944729531000, 0.9999606299212602200, -0.8312469556619613800 ) ) ;
#1585 = ORIENTED_EDGE ( 'NONE', *, *, #2926, .F. ) ;
#1586 = CARTESIAN_POINT ( 'NONE',  ( 0.8904722772806256100, 0.9999606299212602200, -0.8866110433312556200 ) ) ;
#1587 = CARTESIAN_POINT ( 'NONE',  ( 0.6160539280959932400, 0.9999606299212597800, -0.8252573897307299300 ) ) ;
#1588 = CARTESIAN_POINT ( 'NONE',  ( 0.6742085894214486800, 1.000000000000000200, -0.8862104910673974700 ) ) ;
#1589 = CARTESIAN_POINT ( 'NONE',  ( 0.9921259842519686300, 0.9921259842519684100, -1.000000000000000200 ) ) ;
#1590 = CARTESIAN_POINT ( 'NONE',  ( 0.8182837458043267200, 0.9999606299212597800, -0.8980773596015574300 ) ) ;
#1591 = CARTESIAN_POINT ( 'NONE',  ( 0.6557637605418399400, 1.000000000000000400, -0.8475622904568324000 ) ) ;
#1592 = CARTESIAN_POINT ( 'NONE',  ( 0.8820323359455147800, 1.000000000000000000, -0.8117266702710795900 ) ) ;
#1593 = CARTESIAN_POINT ( 'NONE',  ( 0.6590173265444062600, 0.9999606299212595600, -0.8828500764721840500 ) ) ;
#1594 = EDGE_LOOP ( 'NONE', ( #6395, #4851, #6134, #1743 ) ) ;
#1595 = ADVANCED_FACE ( 'NONE', ( #2149 ), #3907, .T. ) ;
#1596 = CARTESIAN_POINT ( 'NONE',  ( 0.8551034957828951300, 0.9999999999999995600, -0.8609344281511247500 ) ) ;
#1597 = ORIENTED_EDGE ( 'NONE', *, *, #1402, .T. ) ;
#1598 = LINE ( 'NONE', #3006, #5405 ) ;
#1599 = CARTESIAN_POINT ( 'NONE',  ( 0.6194204802863024800, 0.9999606299212597800, -0.8563328561339163000 ) ) ;
#1600 = CARTESIAN_POINT ( 'NONE',  ( 0.7158556563156902600, 1.000000000000000000, -0.8461656876451773000 ) ) ;
#1601 = B_SPLINE_SURFACE_WITH_KNOTS ( 'NONE', 3, 1, ( 
 ( #4795, #2275 ),
 ( #5289, #2321 ),
 ( #5807, #2807 ),
 ( #6308, #3295 ),
 ( #373, #3809 ),
 ( #861, #4314 ),
 ( #1343, #4822 ),
 ( #1843, #5310 ),
 ( #2344, #5829 ),
 ( #2828, #6332 ),
 ( #3323, #399 ) ),
 .UNSPECIFIED., .F., .F., .F.,
 ( 4, 1, 1, 1, 1, 1, 1, 1, 4 ),
 ( 2, 2 ),
 ( 0.0000000000000000000, 0.1693237986142559800, 0.3253554330119017300, 0.4689155231524376700, 0.6003115468851079100, 0.7188463901177630800, 0.8249851745593384000, 0.9187577878191786100, 1.000000000000000000 ),
 ( 0.0000000000000000000, 1.000000000000000000 ),
 .UNSPECIFIED. ) ;
#1602 = CARTESIAN_POINT ( 'NONE',  ( 0.7232586766456732300, 0.9999606299212595600, -0.8060140532822603900 ) ) ;
#1603 = CARTESIAN_POINT ( 'NONE',  ( 0.3333333333333294800, -0.3254593175853035500, -0.6666666666666706300 ) ) ;
#1604 = EDGE_CURVE ( 'NONE', #4604, #609, #5964, .T. ) ;
#1605 = FACE_OUTER_BOUND ( 'NONE', #2881, .T. ) ;
#1606 = VECTOR ( 'NONE', #4938, 39.37007874015748100 ) ;
#1607 = PLANE ( 'NONE',  #4777 ) ;
#1608 = EDGE_CURVE ( 'NONE', #391, #2767, #4637, .T. ) ;
#1609 = CARTESIAN_POINT ( 'NONE',  ( 0.8983877645069781000, 0.9999606299212597800, -0.8490793071779068100 ) ) ;
#1610 = CARTESIAN_POINT ( 'NONE',  ( 0.7456813391734713500, 0.9999606299212597800, -0.8979861283347322400 ) ) ;
#1611 = ORIENTED_EDGE ( 'NONE', *, *, #6024, .F. ) ;
#1612 =( GEOMETRIC_REPRESENTATION_CONTEXT ( 3 ) GLOBAL_UNCERTAINTY_ASSIGNED_CONTEXT ( ( #2089 ) ) GLOBAL_UNIT_ASSIGNED_CONTEXT ( ( #2308, #5797, #2798 ) ) REPRESENTATION_CONTEXT ( 'NONE', 'WORKASPACE' ) );
#1613 = ORIENTED_EDGE ( 'NONE', *, *, #717, .F. ) ;
#1614 = VECTOR ( 'NONE', #4912, 39.37007874015748100 ) ;
#1615 = ORIENTED_EDGE ( 'NONE', *, *, #97, .T. ) ;
#1616 = CARTESIAN_POINT ( 'NONE',  ( 0.7186909749983064800, 0.9999606299212595600, -0.8172155239577227900 ) ) ;
#1617 = LINE ( 'NONE', #35, #327 ) ;
#1618 = CARTESIAN_POINT ( 'NONE',  ( 0.8983877645069781000, 1.000000000000000000, -0.8490793071779068100 ) ) ;
#1619 = CARTESIAN_POINT ( 'NONE',  ( 0.6427647263853990500, 0.9999606299212596700, -0.8761793525829777400 ) ) ;
#1620 = CARTESIAN_POINT ( 'NONE',  ( 0.7566552764864003000, 0.9999606299212603400, -0.8738998763178732500 ) ) ;
#1621 = CARTESIAN_POINT ( 'NONE',  ( 0.6735055808540425500, 0.9999606299212597800, -0.7943360894784513600 ) ) ;
#1622 = CARTESIAN_POINT ( 'NONE',  ( 0.8882651919465388600, 0.9999606299212593400, -0.8304427248350855200 ) ) ;
#1623 = ORIENTED_EDGE ( 'NONE', *, *, #956, .T. ) ;
#1624 = CARTESIAN_POINT ( 'NONE',  ( 0.6534916946766909900, 0.9999999999999998900, -0.8751130812335870000 ) ) ;
#1625 = ORIENTED_EDGE ( 'NONE', *, *, #3092, .T. ) ;
#1626 = FACE_OUTER_BOUND ( 'NONE', #2098, .T. ) ;
#1627 = CARTESIAN_POINT ( 'NONE',  ( 0.8599183846304743200, 0.9999606299212597800, -0.8474938979335641100 ) ) ;
#1628 = CARTESIAN_POINT ( 'NONE',  ( 0.8557209369378804300, 0.9999606299212596700, -0.8709406397222022600 ) ) ;
#1629 = CARTESIAN_POINT ( 'NONE',  ( 0.7158556563156902600, 0.9999606299212597800, -0.8461656876451773000 ) ) ;
#1630 = CARTESIAN_POINT ( 'NONE',  ( 0.9960629921259841500, 1.000000000000000000, -0.003937007874015860700 ) ) ;
#1631 = EDGE_LOOP ( 'NONE', ( #62, #611, #5771, #2578, #5421, #4463, #2173, #4697 ) ) ;
#1632 = CARTESIAN_POINT ( 'NONE',  ( 0.7162787634600004100, 1.000000000000000200, -0.8331137254755923700 ) ) ;
#1633 = VECTOR ( 'NONE', #5016, 39.37007874015748100 ) ;
#1634 = CARTESIAN_POINT ( 'NONE',  ( 0.6396911795164478300, 0.9999606299212597800, -0.8284787859746635100 ) ) ;
#1635 = CARTESIAN_POINT ( 'NONE',  ( 0.6662842395588242100, 1.000000000000000200, -0.7948522497522140200 ) ) ;
#1636 = CARTESIAN_POINT ( 'NONE',  ( 0.6152247764056093500, 0.9999606299212597800, -0.8518704391174831700 ) ) ;
#1637 = ADVANCED_FACE ( 'NONE', ( #1988 ), #3756, .F. ) ;
#1638 = CARTESIAN_POINT ( 'NONE',  ( 0.7597472196908875400, 1.000000000000000200, -0.8899044519722574300 ) ) ;
#1639 = CARTESIAN_POINT ( 'NONE',  ( 0.7585778352028377200, 1.000000000000000200, -0.8622607403998493500 ) ) ;
#1640 = CARTESIAN_POINT ( 'NONE',  ( 0.8962286454143275600, 0.9999606299212603400, -0.8230337414079320600 ) ) ;
#1641 = B_SPLINE_SURFACE_WITH_KNOTS ( 'NONE', 3, 1, ( 
 ( #6165, #3153 ),
 ( #236, #3666 ),
 ( #724, #4172 ),
 ( #1202, #4678 ),
 ( #1707, #5175 ),
 ( #2202, #5687 ),
 ( #2691, #6185 ),
 ( #3177, #260 ),
 ( #3690, #745 ),
 ( #4196, #1228 ),
 ( #4700, #1726 ) ),
 .UNSPECIFIED., .F., .F., .F.,
 ( 4, 1, 1, 1, 1, 1, 1, 1, 4 ),
 ( 2, 2 ),
 ( 0.0000000000000000000, 0.1134955418346444300, 0.2259989297760186500, 0.3392690985223862400, 0.4584033987388569400, 0.5828288938708738900, 0.7128865688815805300, 0.8512114562531183400, 0.9999999999999998900 ),
 ( 0.0000000000000000000, 1.000000000000000000 ),
 .UNSPECIFIED. ) ;
#1642 = CARTESIAN_POINT ( 'NONE',  ( 0.6684274489695495300, 0.9999606299212597800, -0.8980131502559849400 ) ) ;
#1643 = CARTESIAN_POINT ( 'NONE',  ( 0.7491983948820778400, 1.000000000000000200, -0.8855046618114305000 ) ) ;
#1644 = CARTESIAN_POINT ( 'NONE',  ( 0.6204596767819262600, 0.9999606299212602200, -0.8848805104196830800 ) ) ;
#1645 = CARTESIAN_POINT ( 'NONE',  ( 0.6948221819749034200, 0.9999999999999996700, -0.8241988150387114000 ) ) ;
#1646 = CARTESIAN_POINT ( 'NONE',  ( 0.8684124243103299400, 0.9999999999999998900, -0.8419570844271963000 ) ) ;
#1647 = CARTESIAN_POINT ( 'NONE',  ( 0.6947781934609214000, 1.000000000000000000, -0.8256139194255447400 ) ) ;
#1648 = CARTESIAN_POINT ( 'NONE',  ( 0.7264037846691836500, 0.9999606299212598900, -0.8906711521563194200 ) ) ;
#1649 = CARTESIAN_POINT ( 'NONE',  ( 0.6640146431405655700, 0.9999606299212601100, -0.8554662595488659000 ) ) ;
#1650 = EDGE_CURVE ( 'NONE', #3826, #4076, #5817, .T. ) ;
#1651 = CARTESIAN_POINT ( 'NONE',  ( 0.8671639997347014800, 0.9999999999999998900, -0.8866757914934329000 ) ) ;
#1652 = CARTESIAN_POINT ( 'NONE',  ( 0.7158723386097338700, 1.000000000000000200, -0.8482316814833481500 ) ) ;
#1653 = AXIS2_PLACEMENT_3D ( 'NONE', #3752, #1809, #5279 ) ;
#1654 = CARTESIAN_POINT ( 'NONE',  ( 0.6398542252840826400, 0.9999999999999996700, -0.8246967270760403600 ) ) ;
#1655 = ORIENTED_EDGE ( 'NONE', *, *, #4934, .F. ) ;
#1656 = CARTESIAN_POINT ( 'NONE',  ( 0.7629726011277132600, 0.9999606299212593400, -0.8075789773412570500 ) ) ;
#1657 = EDGE_CURVE ( 'NONE', #5971, #3868, #6129, .T. ) ;
#1658 = CARTESIAN_POINT ( 'NONE',  ( 0.6239330119028114700, 0.9999606299212597800, -0.8713418226216509400 ) ) ;
#1659 = AXIS2_PLACEMENT_3D ( 'NONE', #2042, #2582, #6079 ) ;
#1660 = CARTESIAN_POINT ( 'NONE',  ( 0.7430104568230788700, 1.000000000000000000, -0.8875498890071277200 ) ) ;
#1661 = CARTESIAN_POINT ( 'NONE',  ( 0.8899387566675087700, 1.000000000000000400, -0.8065921964576566700 ) ) ;
#1662 = CARTESIAN_POINT ( 'NONE',  ( 0.6022829081945659800, 0.9999606299210464000, -0.8551919975959366700 ) ) ;
#1663 = PLANE ( 'NONE',  #105 ) ;
#1664 = CARTESIAN_POINT ( 'NONE',  ( 0.6662842395588242100, 1.000000000000000200, -0.7948522497522140200 ) ) ;
#1665 = CARTESIAN_POINT ( 'NONE',  ( 0.6887405234796995000, 0.9999606299212601100, -0.8357348872261489700 ) ) ;
#1666 = CARTESIAN_POINT ( 'NONE',  ( 0.8685452612300059700, 1.000000000000000000, -0.8311332804071255300 ) ) ;
#1667 = ORIENTED_EDGE ( 'NONE', *, *, #5431, .F. ) ;
#1668 = CARTESIAN_POINT ( 'NONE',  ( 0.6697787916787173400, 1.000000000000000200, -0.8862396426651335500 ) ) ;
#1669 = CARTESIAN_POINT ( 'NONE',  ( 0.6755611090386211000, 0.9999999999999998900, -0.8409048235608033200 ) ) ;
#1670 = CARTESIAN_POINT ( 'NONE',  ( 0.8569734924308209900, 1.000000000000000200, -0.8170206881784692900 ) ) ;
#1671 = CARTESIAN_POINT ( 'NONE',  ( 1.000000000000000000, 0.007874015748031721500, -2.603493823086943800E-017 ) ) ;
#1672 = CARTESIAN_POINT ( 'NONE',  ( 0.8550668360381341600, 0.9999999999999998900, -0.8642158285513901200 ) ) ;
#1673 = ORIENTED_EDGE ( 'NONE', *, *, #5019, .F. ) ;
#1674 = CARTESIAN_POINT ( 'NONE',  ( 0.7264037846691836500, 1.000000000000000200, -0.8906711521563194200 ) ) ;
#1675 = CARTESIAN_POINT ( 'NONE',  ( 0.7980242636533477800, 0.9999999999999998900, -0.8668351325861571900 ) ) ;
#1676 = CARTESIAN_POINT ( 'NONE',  ( 0.8693746798641631700, 1.000000000000000000, -0.8311051472436028500 ) ) ;
#1677 = ORIENTED_EDGE ( 'NONE', *, *, #4821, .F. ) ;
#1678 = PERSON_AND_ORGANIZATION ( #1546, #2977 ) ;
#1679 = CARTESIAN_POINT ( 'NONE',  ( 0.6155193952282233000, 0.9999606299212596700, -0.8306163324430646500 ) ) ;
#1680 = CARTESIAN_POINT ( 'NONE',  ( 0.8787255636175354000, 0.9999606299212598900, -0.7964150733112818100 ) ) ;
#1681 = ORIENTED_EDGE ( 'NONE', *, *, #360, .T. ) ;
#1682 = CARTESIAN_POINT ( 'NONE',  ( 0.6264451016766959800, 1.000000000000000400, -0.8209020992008628800 ) ) ;
#1683 = CARTESIAN_POINT ( 'NONE',  ( 0.6469537816275136000, 0.9999606299212602200, -0.8058925502633530500 ) ) ;
#1684 = ORIENTED_EDGE ( 'NONE', *, *, #3502, .T. ) ;
#1685 = VECTOR ( 'NONE', #507, 39.37007874015748100 ) ;
#1686 = CARTESIAN_POINT ( 'NONE',  ( 0.6781620353680974900, 1.000000000000000000, -0.8401241990275581900 ) ) ;
#1687 = LINE ( 'NONE', #1577, #2683 ) ;
#1688 = CARTESIAN_POINT ( 'NONE',  ( 0.8486195660649202800, 1.000000000000000200, -0.8447413050377417000 ) ) ;
#1689 = CARTESIAN_POINT ( 'NONE',  ( 0.6530978526151027800, 1.000000000000000400, -0.8735267419030114900 ) ) ;
#1690 = CARTESIAN_POINT ( 'NONE',  ( 0.5648398833516751200, 1.000000000000000000, -0.7956492701129210800 ) ) ;
#1691 = VERTEX_POINT ( 'NONE', #344 ) ;
#1692 = FACE_OUTER_BOUND ( 'NONE', #6243, .T. ) ;
#1693 = CARTESIAN_POINT ( 'NONE',  ( 0.8690545515836736200, 0.9999606299212601100, -0.8048851173598399200 ) ) ;
#1694 = CARTESIAN_POINT ( 'NONE',  ( 0.5947147427858607800, 0.9999606299212597800, -0.8429237729538301400 ) ) ;
#1695 = LINE ( 'NONE', #4924, #251 ) ;
#1696 = B_SPLINE_SURFACE_WITH_KNOTS ( 'NONE', 3, 1, ( 
 ( #5363, #3368 ),
 ( #445, #3882 ),
 ( #929, #4383 ),
 ( #1412, #4891 ),
 ( #1913, #5378 ),
 ( #2411, #5892 ),
 ( #2897, #6392 ),
 ( #3391, #461 ),
 ( #3901, #949 ),
 ( #4403, #1428 ),
 ( #4908, #1934 ) ),
 .UNSPECIFIED., .F., .F., .F.,
 ( 4, 1, 1, 1, 1, 1, 1, 1, 4 ),
 ( 2, 2 ),
 ( 0.0000000000000000000, 0.1352840289639596600, 0.2694096554749907400, 0.4028008870521623300, 0.5361909441160782600, 0.6652106699871648300, 0.7853428009871230600, 0.8963177665284705100, 1.000000000000000000 ),
 ( 0.0000000000000000000, 1.000000000000000000 ),
 .UNSPECIFIED. ) ;
#1697 = CARTESIAN_POINT ( 'NONE',  ( 0.6917738535430196800, 0.9999606299212597800, -0.8329776941244587700 ) ) ;
#1698 = EDGE_CURVE ( 'NONE', #1691, #221, #535, .T. ) ;
#1699 = LINE ( 'NONE', #4902, #5343 ) ;
#1700 = CARTESIAN_POINT ( 'NONE',  ( 0.6121567954317552700, 1.000000000000000000, -0.8623564446860873000 ) ) ;
#1701 = CARTESIAN_POINT ( 'NONE',  ( 0.6110963891441606500, 0.9999606299212597800, -0.8604736810596550500 ) ) ;
#1702 = EDGE_CURVE ( 'NONE', #675, #3826, #4469, .T. ) ;
#1703 = ORIENTED_EDGE ( 'NONE', *, *, #4696, .T. ) ;
#1704 = VECTOR ( 'NONE', #6334, 39.37007874015748100 ) ;
#1705 = CARTESIAN_POINT ( 'NONE',  ( 0.7621158852973652900, 1.000000000000000200, -0.8862649710550782900 ) ) ;
#1706 = CARTESIAN_POINT ( 'NONE',  ( 0.5967407024562303400, 0.9999606299212596700, -0.8429251310100865900 ) ) ;
#1707 = CARTESIAN_POINT ( 'NONE',  ( 0.6209066193069477900, 0.9999606299212601100, -0.8440877231125265600 ) ) ;
#1708 = CARTESIAN_POINT ( 'NONE',  ( 0.8690258662581323800, 1.000000000000000200, -0.7943360894784514700 ) ) ;
#1709 = ORIENTED_EDGE ( 'NONE', *, *, #1318, .F. ) ;
#1710 = LINE ( 'NONE', #384, #4189 ) ;
#1711 = CARTESIAN_POINT ( 'NONE',  ( 0.6134782186329420500, 0.9999606299212597800, -0.7990323723130885500 ) ) ;
#1712 = CARTESIAN_POINT ( 'NONE',  ( 0.6398542252840826400, 0.9999999999999996700, -0.8246967270760403600 ) ) ;
#1713 = CARTESIAN_POINT ( 'NONE',  ( 0.8770370108623307700, 0.9999606299212593400, -0.8067776437432414600 ) ) ;
#1714 = EDGE_LOOP ( 'NONE', ( #524, #1807, #5088, #4244 ) ) ;
#1715 = CARTESIAN_POINT ( 'NONE',  ( 0.6590173265444062600, 0.9999606299212595600, -0.8828500764721840500 ) ) ;
#1716 = FACE_OUTER_BOUND ( 'NONE', #4794, .T. ) ;
#1717 = CARTESIAN_POINT ( 'NONE',  ( 0.8690258662581321600, 1.000000000000000000, -0.7943360894784513600 ) ) ;
#1718 = CARTESIAN_POINT ( 'NONE',  ( 0.8740925454601735600, 0.9999606299212597800, -0.8977704844281928500 ) ) ;
#1719 = CARTESIAN_POINT ( 'NONE',  ( 0.6239330119028114700, 0.9999606299212597800, -0.8713418226216509400 ) ) ;
#1720 = CARTESIAN_POINT ( 'NONE',  ( 0.6735055808540425500, 1.000000000000000000, -0.7943360894784513600 ) ) ;
#1721 = ORIENTED_EDGE ( 'NONE', *, *, #5235, .F. ) ;
#1722 = CARTESIAN_POINT ( 'NONE',  ( 0.7435858063650256900, 0.9999606299212596700, -0.8048610036088192900 ) ) ;
#1723 = CARTESIAN_POINT ( 'NONE',  ( 0.005567769930602744400, 1.000000000000000000, -1.000000000000000000 ) ) ;
#1724 = CARTESIAN_POINT ( 'NONE',  ( 0.7696351792608845400, 0.9999606299212596700, -0.8528598462571084200 ) ) ;
#1725 = CARTESIAN_POINT ( 'NONE',  ( 0.6133982375041472400, 1.000000000000000200, -0.8705428795270832000 ) ) ;
#1726 = CARTESIAN_POINT ( 'NONE',  ( 0.6265593731717509200, 1.000000000000000200, -0.8253394635203844500 ) ) ;
#1727 = CARTESIAN_POINT ( 'NONE',  ( 0.7264144129962814000, 1.000000000000049700, -0.8404736962013050800 ) ) ;
#1728 = CARTESIAN_POINT ( 'NONE',  ( 0.6010314402847351000, 1.000000000000000000, -0.7958390710345040200 ) ) ;
#1729 = PLANE ( 'NONE',  #1436 ) ;
#1730 = CARTESIAN_POINT ( 'NONE',  ( 0.6042353023857660600, 0.9999606299212597800, -0.8557067656924960400 ) ) ;
#1731 = CARTESIAN_POINT ( 'NONE',  ( 0.8888736969906452200, 0.9999606299212597800, -0.8395505741047274400 ) ) ;
#1732 = CARTESIAN_POINT ( 'NONE',  ( 0.6134275668270540200, 0.9999606299212598900, -0.8696798283811503200 ) ) ;
#1733 = VERTEX_POINT ( 'NONE', #5283 ) ;
#1734 = CARTESIAN_POINT ( 'NONE',  ( 0.7566552764864003000, 0.9999606299212603400, -0.8738998763178732500 ) ) ;
#1735 = EDGE_CURVE ( 'NONE', #2285, #3545, #4322, .T. ) ;
#1736 = B_SPLINE_CURVE_WITH_KNOTS ( 'NONE', 3,
 ( #5595, #3525, #164, #3596, #658, #4107, #1133, #4609, #1636, #5102, #2129 ),
 .UNSPECIFIED., .F., .F.,
 ( 4, 1, 1, 1, 1, 1, 1, 1, 4 ),
 ( 0.0000000000000000000, 0.1333786706066389100, 0.2619252341554830800, 0.3867490650401661000, 0.5114364515435126900, 0.6336363288425956900, 0.7543578055143851400, 0.8757685104033916500, 1.000000000000000000 ),
 .UNSPECIFIED. ) ;
#1737 = CARTESIAN_POINT ( 'NONE',  ( 0.8584959870609326600, 0.9999606299212596700, -0.7968111645895826800 ) ) ;
#1738 = CARTESIAN_POINT ( 'NONE',  ( 0.8845822555727795900, 1.000000000000000000, -0.8929561104597199000 ) ) ;
#1739 = EDGE_CURVE ( 'NONE', #5524, #2965, #2981, .T. ) ;
#1740 = ORIENTED_EDGE ( 'NONE', *, *, #6328, .T. ) ;
#1741 = CARTESIAN_POINT ( 'NONE',  ( 0.8779971081264639200, 1.000000000000000200, -0.8430530991514039200 ) ) ;
#1742 = CARTESIAN_POINT ( 'NONE',  ( 0.7696351792608845400, 0.9999606299212597800, -0.8528598462571084200 ) ) ;
#1743 = ORIENTED_EDGE ( 'NONE', *, *, #3423, .T. ) ;
#1744 = CARTESIAN_POINT ( 'NONE',  ( 0.7585722949738160600, 0.9999606299212596700, -0.8303044823976795100 ) ) ;
#1745 = CARTESIAN_POINT ( 'NONE',  ( 0.8587787382505613900, 1.000000000000000000, -0.8490276863130815600 ) ) ;
#1746 = ORIENTED_EDGE ( 'NONE', *, *, #1363, .F. ) ;
#1747 = CARTESIAN_POINT ( 'NONE',  ( 0.6802940787144646800, 1.000000000000000200, -0.8972738603876556600 ) ) ;
#1748 = CARTESIAN_POINT ( 'NONE',  ( 0.6003791194558252300, 1.000000000000000000, -0.8846034937432725200 ) ) ;
#1749 = CARTESIAN_POINT ( 'NONE',  ( 0.8577491969635419000, 0.9999606299212596700, -0.8345251062815071100 ) ) ;
#1750 = CARTESIAN_POINT ( 'NONE',  ( 0.7309538796430028500, 0.9999606299212506800, -0.8132684993912462400 ) ) ;
#1751 = ORIENTED_EDGE ( 'NONE', *, *, #2926, .T. ) ;
#1752 = CARTESIAN_POINT ( 'NONE',  ( 0.7269702041957883900, 0.9999606299212595600, -0.8301864426320130200 ) ) ;
#1753 = CARTESIAN_POINT ( 'NONE',  ( 0.6514342255214308200, 0.9999606299212598900, -0.8223660264594923100 ) ) ;
#1754 = VERTEX_POINT ( 'NONE', #9 ) ;
#1755 = CARTESIAN_POINT ( 'NONE',  ( 0.8051486190804831900, 0.9999606299212598900, -0.8874727388233130100 ) ) ;
#1756 = CARTESIAN_POINT ( 'NONE',  ( 0.8493201058281509800, 0.9999999999999998900, -0.8063691390766378800 ) ) ;
#1757 = CARTESIAN_POINT ( 'NONE',  ( 0.8938653285892127500, 0.9999606299212593400, -0.8802270320788387900 ) ) ;
#1758 = B_SPLINE_CURVE_WITH_KNOTS ( 'NONE', 3,
 ( #5795, #2746, #362, #3794, #846, #4301, #1329, #4806, #1832, #5296, #2331 ),
 .UNSPECIFIED., .F., .F.,
 ( 4, 1, 1, 1, 1, 1, 1, 1, 4 ),
 ( 0.0000000000000000000, 0.07501569460760616800, 0.1629301842777421400, 0.2646744147797554500, 0.3809699752964704800, 0.5123091530377074100, 0.6582210125869713000, 0.8208323791787965900, 1.000000000000000000 ),
 .UNSPECIFIED. ) ;
#1759 = B_SPLINE_SURFACE_WITH_KNOTS ( 'NONE', 3, 1, ( 
 ( #79, #4474 ),
 ( #3510, #576 ),
 ( #4022, #1056 ),
 ( #4517, #1545 ),
 ( #5021, #2040 ),
 ( #5525, #2542 ),
 ( #6025, #3028 ),
 ( #107, #3531 ),
 ( #594, #4042 ),
 ( #1081, #4537 ),
 ( #1571, #5044 ),
 ( #2065, #5545 ),
 ( #2564, #6055 ),
 ( #3051, #127 ),
 ( #3557, #614 ),
 ( #4063, #1102 ),
 ( #4565, #1588 ),
 ( #5064, #2091 ),
 ( #5572, #2581 ) ),
 .UNSPECIFIED., .F., .F., .F.,
 ( 4, 1, 1, 1, 1, 1, 1, 1, 1, 1, 1, 1, 1, 1, 1, 1, 4 ),
 ( 2, 2 ),
 ( 0.0000000000000000000, 0.07657281352907691100, 0.1493228985313962400, 0.2172186749416063200, 0.2820872493082846000, 0.3432655771108262800, 0.4022310899227234400, 0.4584773865507844600, 0.5141512058041767300, 0.5690726415643321300, 0.6243527363272800600, 0.6811913672928025000, 0.7394041584491256600, 0.7998297883091689500, 0.8628307336450742300, 0.9296455439554858200, 1.000000000000000000 ),
 ( 0.0000000000000000000, 1.000000000000000000 ),
 .UNSPECIFIED. ) ;
#1760 = CARTESIAN_POINT ( 'NONE',  ( 0.8878823194312205300, 1.000000000000000000, -0.8643450320536171200 ) ) ;
#1761 = VERTEX_POINT ( 'NONE', #2973 ) ;
#1762 = LINE ( 'NONE', #4516, #2908 ) ;
#1763 = CARTESIAN_POINT ( 'NONE',  ( 0.6427647263853990500, 0.9999606299212596700, -0.8761793525829777400 ) ) ;
#1764 = DIRECTION ( 'NONE',  ( 0.0000000000000000000, 1.000000000000000000, 0.0000000000000000000 ) ) ;
#1765 = CARTESIAN_POINT ( 'NONE',  ( 0.7867674105770539100, 1.000000000000000000, -0.8718137469121635100 ) ) ;
#1766 = VECTOR ( 'NONE', #1802, 39.37007874015748100 ) ;
#1767 = CARTESIAN_POINT ( 'NONE',  ( 0.5648398833516751200, 0.9999606299212597800, -0.8967641789670877100 ) ) ;
#1768 = CARTESIAN_POINT ( 'NONE',  ( 0.7867674105770539100, 0.9999606299212597800, -0.8718137469121635100 ) ) ;
#1769 = LINE ( 'NONE', #4340, #3066 ) ;
#1770 = CARTESIAN_POINT ( 'NONE',  ( 0.7395274723931895000, 1.000000000000050000, -0.8053454694345980600 ) ) ;
#1771 = EDGE_LOOP ( 'NONE', ( #3735, #5097, #1178, #2440 ) ) ;
#1772 = CARTESIAN_POINT ( 'NONE',  ( 0.7424240589316845100, 0.9999606299212597800, -0.8048601030320338100 ) ) ;
#1773 = CARTESIAN_POINT ( 'NONE',  ( 0.6622115323256674300, 0.9999999999999998900, -0.8089385798003032600 ) ) ;
#1774 = ORIENTED_EDGE ( 'NONE', *, *, #5570, .F. ) ;
#1775 = FACE_OUTER_BOUND ( 'NONE', #1050, .T. ) ;
#1776 = CARTESIAN_POINT ( 'NONE',  ( 0.6731986715816438100, 0.9999606299212601100, -0.8528991977963940000 ) ) ;
#1777 = ORIENTED_EDGE ( 'NONE', *, *, #992, .F. ) ;
#1778 = VECTOR ( 'NONE', #1997, 39.37007874015748100 ) ;
#1779 = EDGE_CURVE ( 'NONE', #121, #1815, #694, .T. ) ;
#1780 = CARTESIAN_POINT ( 'NONE',  ( 0.8899387566675087700, 1.000000000000000400, -0.8065921964576566700 ) ) ;
#1781 = PLANE ( 'NONE',  #113 ) ;
#1782 = CARTESIAN_POINT ( 'NONE',  ( 0.0000000000000000000, 0.007874015748031721500, -0.007874015748031584400 ) ) ;
#1783 = CARTESIAN_POINT ( 'NONE',  ( 0.5961920709996391100, 1.000000000000000000, -0.8074678958231482600 ) ) ;
#1784 = CARTESIAN_POINT ( 'NONE',  ( 0.8978995844637467400, 1.000000000000000200, -0.8618399896419549600 ) ) ;
#1785 = EDGE_LOOP ( 'NONE', ( #3270, #2214, #2394, #72 ) ) ;
#1786 = B_SPLINE_SURFACE_WITH_KNOTS ( 'NONE', 3, 1, ( 
 ( #653, #5094 ),
 ( #5610, #2615 ),
 ( #6112, #3106 ),
 ( #184, #3612 ),
 ( #670, #4123 ),
 ( #1152, #4624 ),
 ( #1649, #5122 ),
 ( #2144, #5632 ),
 ( #2636, #6137 ),
 ( #3123, #207 ),
 ( #3635, #690 ) ),
 .UNSPECIFIED., .F., .F., .F.,
 ( 4, 1, 1, 1, 1, 1, 1, 1, 4 ),
 ( 2, 2 ),
 ( 0.0000000000000000000, 0.07501569460760616800, 0.1629301842777421400, 0.2646744147797554500, 0.3809699752964704800, 0.5123091530377074100, 0.6582210125869713000, 0.8208323791787965900, 1.000000000000000000 ),
 ( 0.0000000000000000000, 1.000000000000000000 ),
 .UNSPECIFIED. ) ;
#1787 = VERTEX_POINT ( 'NONE', #5467 ) ;
#1788 = CARTESIAN_POINT ( 'NONE',  ( 0.6529239845504831700, 0.9999606299212597800, -0.8671042578919975200 ) ) ;
#1789 = VECTOR ( 'NONE', #5744, 39.37007874015748100 ) ;
#1790 = EDGE_CURVE ( 'NONE', #5851, #3920, #400, .T. ) ;
#1791 = CARTESIAN_POINT ( 'NONE',  ( 0.6502331429531351700, 0.9999999999999995600, -0.8903556441459900000 ) ) ;
#1792 = CARTESIAN_POINT ( 'NONE',  ( 0.6105683391283794900, 0.9999606299212597800, -0.8111114241851730100 ) ) ;
#1793 = EDGE_CURVE ( 'NONE', #3173, #5546, #4164, .T. ) ;
#1794 = CARTESIAN_POINT ( 'NONE',  ( 0.8071331229932925400, 0.9999606299212597800, -0.8750106339074103000 ) ) ;
#1795 = LINE ( 'NONE', #19, #4271 ) ;
#1796 = CARTESIAN_POINT ( 'NONE',  ( 0.8493201058281509800, 0.9999999999999998900, -0.8063691390766378800 ) ) ;
#1797 = DIRECTION ( 'NONE',  ( -0.0000000000000000000, 1.000000000000000000, -0.0000000000000000000 ) ) ;
#1798 = CARTESIAN_POINT ( 'NONE',  ( 0.6849701813840529700, 1.000000000000000900, -0.8825716328183858000 ) ) ;
#1799 = ORIENTED_EDGE ( 'NONE', *, *, #6121, .T. ) ;
#1800 = DIRECTION ( 'NONE',  ( -0.0000000000000000000, 1.000000000000000000, -0.0000000000000000000 ) ) ;
#1801 = CARTESIAN_POINT ( 'NONE',  ( 0.8690258662581323800, 1.000000000000000000, -0.7943360894784514700 ) ) ;
#1802 = DIRECTION ( 'NONE',  ( -0.0000000000000000000, 1.000000000000000000, -0.0000000000000000000 ) ) ;
#1803 = CARTESIAN_POINT ( 'NONE',  ( 0.7014886445759778200, 1.000000000000000200, -0.8384172223326734600 ) ) ;
#1804 = CARTESIAN_POINT ( 'NONE',  ( 0.7696960623289479400, 0.9999606299212597800, -0.8461656876451773000 ) ) ;
#1805 = CARTESIAN_POINT ( 'NONE',  ( 0.8445711133999717100, 1.000000000000000000, -0.8653581919838978500 ) ) ;
#1806 = CARTESIAN_POINT ( 'NONE',  ( 0.8829397323671637200, 0.9999999999999996700, -0.8363875787000946100 ) ) ;
#1807 = ORIENTED_EDGE ( 'NONE', *, *, #5613, .T. ) ;
#1808 = CARTESIAN_POINT ( 'NONE',  ( 0.6684274489695495300, 0.9999606299212597800, -0.8980131502559849400 ) ) ;
#1809 = DIRECTION ( 'NONE',  ( -0.8754645270000190900, 0.0000000000000000000, 0.4832823832550002300 ) ) ;
#1810 = ORIENTED_EDGE ( 'NONE', *, *, #3592, .T. ) ;
#1811 = CARTESIAN_POINT ( 'NONE',  ( 0.7922241659105739900, 0.9999999999999996700, -0.8628920443127412500 ) ) ;
#1812 = CARTESIAN_POINT ( 'NONE',  ( 0.6830002740524948600, 0.9999999999999996700, -0.8073358677678347300 ) ) ;
#1813 = CARTESIAN_POINT ( 'NONE',  ( 0.5972667681985258700, 0.9999999999999998900, -0.8074797705912386500 ) ) ;
#1814 = CARTESIAN_POINT ( 'NONE',  ( 0.7184574184661182100, 0.9999606299212597800, -0.8731997334145378300 ) ) ;
#1815 = VERTEX_POINT ( 'NONE', #4970 ) ;
#1816 = B_SPLINE_CURVE_WITH_KNOTS ( 'NONE', 3,
 ( #5634, #1652, #2639, #6140, #3125, #209, #3639, #693, #4142, #1176, #4648, #1674, #5146, #2176, #5654, #2660, #6156, #3148, #230 ),
 .UNSPECIFIED., .F., .F.,
 ( 4, 1, 1, 1, 1, 1, 1, 1, 1, 1, 1, 1, 1, 1, 1, 1, 4 ),
 ( 0.0000000000000000000, 0.09514348807164432800, 0.1847457720530764300, 0.2683084903083860500, 0.3466242220093580500, 0.4193377299534537500, 0.4872737010492224600, 0.5502487944465251900, 0.6091667059941581200, 0.6639479924279664300, 0.7154822751577646400, 0.7640415713753496700, 0.8109810218191539900, 0.8569367060899872900, 0.9028761937633806900, 0.9504445482262293700, 1.000000000000000000 ),
 .UNSPECIFIED. ) ;
#1817 = CARTESIAN_POINT ( 'NONE',  ( 0.6556174153995758500, 1.000000000000000000, -0.8605234698476643700 ) ) ;
#1818 = ADVANCED_FACE ( 'NONE', ( #1518 ), #5997, .F. ) ;
#1819 = CARTESIAN_POINT ( 'NONE',  ( 0.6666638833839867400, 1.000000000000000000, -0.5063097178467925700 ) ) ;
#1820 = CARTESIAN_POINT ( 'NONE',  ( 0.3331548727153805800, 0.9999606299212597800, -0.5027976604412003300 ) ) ;
#1821 = EDGE_CURVE ( 'NONE', #3266, #2874, #2681, .T. ) ;
#1822 = CARTESIAN_POINT ( 'NONE',  ( 0.005567769930602880500, 1.000000000000000000, -0.9944322300693974000 ) ) ;
#1823 = CARTESIAN_POINT ( 'NONE',  ( 0.8648620103373251300, 0.9999606299212595600, -0.8057316436477763900 ) ) ;
#1824 = CARTESIAN_POINT ( 'NONE',  ( 0.6721924002195728300, 0.9999606299212597800, -0.8531419597657975400 ) ) ;
#1825 = CARTESIAN_POINT ( 'NONE',  ( 0.8502381839076294000, 0.9999606299212596700, -0.8866087376697329200 ) ) ;
#1826 = EDGE_CURVE ( 'NONE', #6390, #675, #6162, .T. ) ;
#1827 = CARTESIAN_POINT ( 'NONE',  ( 0.6063692209167793600, 1.000000000000000000, -0.8087400395627908400 ) ) ;
#1828 = ORIENTED_EDGE ( 'NONE', *, *, #1826, .T. ) ;
#1829 = EDGE_LOOP ( 'NONE', ( #3366, #1777, #1339, #2326, #2408 ) ) ;
#1830 = APPROVAL ( #1858, 'UNSPECIFIED' ) ;
#1831 = CARTESIAN_POINT ( 'NONE',  ( 0.6538098077780515300, 0.9999606299212597800, -0.8165978710663375200 ) ) ;
#1832 = CARTESIAN_POINT ( 'NONE',  ( 0.6692230480767885600, 0.9999606299212602200, -0.8538745844429825900 ) ) ;
#1833 = CARTESIAN_POINT ( 'NONE',  ( 0.3331548727153805800, 1.000000000000000000, -0.4971905738270271400 ) ) ;
#1834 = ORIENTED_EDGE ( 'NONE', *, *, #3044, .T. ) ;
#1835 = APPLICATION_CONTEXT ( 'configuration controlled 3d designs of mechanical parts and assemblies' ) ;
#1836 = CARTESIAN_POINT ( 'NONE',  ( 0.6948447661641751200, 1.000000000000000000, -0.8234722848057477500 ) ) ;
#1837 = B_SPLINE_SURFACE_WITH_KNOTS ( 'NONE', 3, 1, ( 
 ( #4751, #2294 ),
 ( #2783, #6277 ),
 ( #3271, #348 ),
 ( #3781, #834 ),
 ( #4289, #1316 ),
 ( #4792, #1817 ),
 ( #5286, #2316 ) ),
 .UNSPECIFIED., .F., .F., .F.,
 ( 4, 1, 1, 1, 4 ),
 ( 2, 2 ),
 ( 0.0000000000000000000, 0.2837744943495250100, 0.5395840214497873400, 0.7756449623277160700, 1.000000000000000000 ),
 ( 0.0000000000000000000, 1.000000000000000000 ),
 .UNSPECIFIED. ) ;
#1838 = CARTESIAN_POINT ( 'NONE',  ( 0.7286491198649537300, 0.9999999999999998900, -0.8929540901942918400 ) ) ;
#1839 = VERTEX_POINT ( 'NONE', #118 ) ;
#1840 = CARTESIAN_POINT ( 'NONE',  ( 0.7696795822596136400, 0.9999606299212597800, -0.8441133465142808300 ) ) ;
#1841 = CARTESIAN_POINT ( 'NONE',  ( 0.8765077275525804400, 0.9999999999999998900, -0.8424338289925144000 ) ) ;
#1842 = CARTESIAN_POINT ( 'NONE',  ( 0.6453656425716581800, 1.000000000000000200, -0.8839245814934561000 ) ) ;
#1843 = CARTESIAN_POINT ( 'NONE',  ( 0.6866889124200469300, 0.9999606299212593400, -0.8491045496883568000 ) ) ;
#1844 = VECTOR ( 'NONE', #2939, 39.37007874015748100 ) ;
#1845 = CARTESIAN_POINT ( 'NONE',  ( 0.5959663680780896700, 0.9999606299212597800, -0.7956492701129210800 ) ) ;
#1846 = CARTESIAN_POINT ( 'NONE',  ( 0.007874015748031584400, 0.0000000000000000000, -1.000000000000000000 ) ) ;
#1847 = CARTESIAN_POINT ( 'NONE',  ( 0.8627043091504399400, 1.000000000000000400, -0.8968622224507723000 ) ) ;
#1848 = VECTOR ( 'NONE', #74, 39.37007874015748100 ) ;
#1849 = ORIENTED_EDGE ( 'NONE', *, *, #5783, .T. ) ;
#1850 = B_SPLINE_SURFACE_WITH_KNOTS ( 'NONE', 3, 1, ( 
 ( #1338, #856 ),
 ( #1840, #5306 ),
 ( #2340, #5823 ),
 ( #2824, #6325 ),
 ( #3318, #394 ),
 ( #3827, #883 ),
 ( #4336, #1357 ),
 ( #4837, #1865 ),
 ( #5326, #2356 ),
 ( #5845, #2844 ),
 ( #6345, #3337 ),
 ( #417, #3848 ),
 ( #898, #4356 ),
 ( #1381, #4855 ),
 ( #1883, #5347 ),
 ( #2377, #5862 ),
 ( #2868, #6365 ),
 ( #3359, #436 ),
 ( #3872, #916 ) ),
 .UNSPECIFIED., .F., .F., .F.,
 ( 4, 1, 1, 1, 1, 1, 1, 1, 1, 1, 1, 1, 1, 1, 1, 1, 4 ),
 ( 2, 2 ),
 ( 0.0000000000000000000, 0.09461717910809283600, 0.1836879983719783800, 0.2673423192650705200, 0.3451199086331392400, 0.4179131261566900200, 0.4859235696282120400, 0.5491582703543158600, 0.6081407685528287300, 0.6632543324827663300, 0.7145929467936138500, 0.7632116109258697500, 0.8100106062874741200, 0.8561688043370029300, 0.9024550121772492200, 0.9500755117454138300, 0.9999999999999998900 ),
 ( 0.0000000000000000000, 1.000000000000000000 ),
 .UNSPECIFIED. ) ;
#1851 = CARTESIAN_POINT ( 'NONE',  ( 0.6147307117921548800, 0.9999606299212601100, -0.8170013790600103600 ) ) ;
#1852 = ORIENTED_EDGE ( 'NONE', *, *, #2514, .T. ) ;
#1853 = ORIENTED_EDGE ( 'NONE', *, *, #2559, .F. ) ;
#1854 = VECTOR ( 'NONE', #2368, 39.37007874015748100 ) ;
#1855 = DIRECTION ( 'NONE',  ( -0.0000000000000000000, 1.000000000000000000, -0.0000000000000000000 ) ) ;
#1856 = CARTESIAN_POINT ( 'NONE',  ( 0.8829327805566532500, 0.9999999999999995600, -0.8131877575610747500 ) ) ;
#1857 = LINE ( 'NONE', #3393, #4337 ) ;
#1858 = APPROVAL_STATUS ( 'not_yet_approved' ) ;
#1859 = CARTESIAN_POINT ( 'NONE',  ( 0.8687112952881774800, 1.000000000000000200, -0.8871944944146260600 ) ) ;
#1860 = VECTOR ( 'NONE', #5246, 39.37007874015748100 ) ;
#1861 = LINE ( 'NONE', #1824, #555 ) ;
#1862 = CARTESIAN_POINT ( 'NONE',  ( 0.8703390468926018900, 0.9999606299212597800, -0.8980773596015574300 ) ) ;
#1863 = CARTESIAN_POINT ( 'NONE',  ( 0.9921259842519683000, 1.000000000000000000, -0.007874015748031721500 ) ) ;
#1864 = EDGE_CURVE ( 'NONE', #6213, #4263, #4719, .T. ) ;
#1865 = CARTESIAN_POINT ( 'NONE',  ( 0.7659382348719238100, 0.9999999999999998900, -0.8149800103696637200 ) ) ;
#1866 = EDGE_CURVE ( 'NONE', #2567, #3416, #1373, .T. ) ;
#1867 = CARTESIAN_POINT ( 'NONE',  ( 0.8852670343849381500, 0.9999606299212596700, -0.8508359394587483600 ) ) ;
#1868 = LINE ( 'NONE', #4809, #419 ) ;
#1869 = CARTESIAN_POINT ( 'NONE',  ( 0.8829397323671637200, 0.9999606299212595600, -0.8363875787000946100 ) ) ;
#1870 = DIRECTION ( 'NONE',  ( -0.0000000000000000000, 1.000000000000000000, -0.0000000000000000000 ) ) ;
#1871 = CARTESIAN_POINT ( 'NONE',  ( 0.5961920709996391100, 0.9999606299212597800, -0.8967641789670877100 ) ) ;
#1872 = DIRECTION ( 'NONE',  ( -1.000000000000000000, 0.0000000000000000000, 0.0000000000000000000 ) ) ;
#1873 = CARTESIAN_POINT ( 'NONE',  ( 0.8503389295132159900, 1.000000000000000000, -0.4547735756867370400 ) ) ;
#1874 = FACE_OUTER_BOUND ( 'NONE', #1145, .T. ) ;
#1875 = B_SPLINE_CURVE_WITH_KNOTS ( 'NONE', 3,
 ( #1323, #2791, #5291, #2323, #5809, #2809, #6310, #3298, #375, #3810, #863 ),
 .UNSPECIFIED., .F., .F.,
 ( 4, 1, 1, 1, 1, 1, 1, 1, 4 ),
 ( 0.0000000000000000000, 0.1280448550143839500, 0.2514507875593860500, 0.3715733394035941100, 0.4904118675290027900, 0.6102007835889325900, 0.7338092424176978500, 0.8631756517415550800, 1.000000000000000000 ),
 .UNSPECIFIED. ) ;
#1876 = PLANE ( 'NONE',  #1878 ) ;
#1877 = DIRECTION ( 'NONE',  ( 0.0000000000000000000, 0.0000000000000000000, -1.000000000000000000 ) ) ;
#1878 = AXIS2_PLACEMENT_3D ( 'NONE', #1394, #4868, #1893 ) ;
#1879 = CARTESIAN_POINT ( 'NONE',  ( 0.7521545621976378800, 1.000000000000000000, -0.8096223561691313600 ) ) ;
#1880 = ORIENTED_EDGE ( 'NONE', *, *, #1946, .F. ) ;
#1881 = CARTESIAN_POINT ( 'NONE',  ( 0.8589602023842906100, 0.9999606299212597800, -0.8792351485641676200 ) ) ;
#1882 = CARTESIAN_POINT ( 'NONE',  ( 0.8487220882825834400, 0.9999606299212602200, -0.8839999331874315300 ) ) ;
#1883 = CARTESIAN_POINT ( 'NONE',  ( 0.7518575336188239000, 0.9999606299212593400, -0.7961033752799653300 ) ) ;
#1884 = EDGE_LOOP ( 'NONE', ( #2777, #6007, #5725, #4945 ) ) ;
#1885 = CARTESIAN_POINT ( 'NONE',  ( 0.8878636043672871700, 0.9999999999999998900, -0.8634624287667511700 ) ) ;
#1886 = CARTESIAN_POINT ( 'NONE',  ( 0.6802940787144646800, 1.000000000000000200, -0.8972738603876556600 ) ) ;
#1887 = DIRECTION ( 'NONE',  ( 0.7071067811865475700, 0.0000000000000000000, -0.7071067811865475700 ) ) ;
#1888 = CARTESIAN_POINT ( 'NONE',  ( 0.7696960623289479400, 1.000000000000000000, -0.8461656876451773000 ) ) ;
#1889 = CARTESIAN_POINT ( 'NONE',  ( 0.6082231859610588400, 0.9999606299212596700, -0.8951721702432013900 ) ) ;
#1890 = CARTESIAN_POINT ( 'NONE',  ( 0.8487220882825834400, 1.000000000000000400, -0.8839999331874315300 ) ) ;
#1891 = ORIENTED_EDGE ( 'NONE', *, *, #1119, .T. ) ;
#1892 = CARTESIAN_POINT ( 'NONE',  ( 0.6033807706443280500, 1.000000000000000000, -0.7960765287777948900 ) ) ;
#1893 = DIRECTION ( 'NONE',  ( 0.0000000000000000000, 0.0000000000000000000, -1.000000000000000000 ) ) ;
#1894 = CARTESIAN_POINT ( 'NONE',  ( 0.6126478658253377000, 1.000000000000000200, -0.8501462664434136200 ) ) ;
#1895 = CARTESIAN_POINT ( 'NONE',  ( 0.8996638833839867300, 1.000000000000000000, -0.4971061745397057400 ) ) ;
#1896 = B_SPLINE_CURVE_WITH_KNOTS ( 'NONE', 3,
 ( #688, #4641, #1668, #5139, #2169, #5648, #2653, #6154, #3143, #222, #3653, #710, #4158, #1187, #4664, #1689, #5161, #2189, #5671 ),
 .UNSPECIFIED., .F., .F.,
 ( 4, 1, 1, 1, 1, 1, 1, 1, 1, 1, 1, 1, 1, 1, 1, 1, 4 ),
 ( 0.0000000000000000000, 0.08042359312847370500, 0.1554478660209168100, 0.2274865779056530500, 0.2949489652405909400, 0.3597986509905239900, 0.4210200219417497600, 0.4819019994985019300, 0.5406082872412787400, 0.5984821386513642400, 0.6551515363375460800, 0.7102010032718282200, 0.7655971895723571200, 0.8217224591483826000, 0.8791641554936628900, 0.9383687171181152000, 0.9999999999999998900 ),
 .UNSPECIFIED. ) ;
#1897 = CARTESIAN_POINT ( 'NONE',  ( 0.8550942069849334400, 1.000000000000000000, -0.8659649181124180500 ) ) ;
#1898 = B_SPLINE_CURVE_WITH_KNOTS ( 'NONE', 3,
 ( #5752, #2266, #5238, #2749, #6253, #3241, #319, #3755, #812, #4261, #1288, #4765, #1796, #5257, #2288, #5777, #2776, #6272, #3264 ),
 .UNSPECIFIED., .F., .F.,
 ( 4, 1, 1, 1, 1, 1, 1, 1, 1, 1, 1, 1, 1, 1, 1, 1, 4 ),
 ( 0.0000000000000000000, 0.06088887227493784700, 0.1195698595390045600, 0.1770086864547040500, 0.2328328620422930300, 0.2887098514312701500, 0.3452480678761835600, 0.4018410378465908700, 0.4602600551093372100, 0.5202927207486571800, 0.5810288037061101000, 0.6435430669886551500, 0.7084486539598076100, 0.7759626742227476700, 0.8469855610621828100, 0.9216527770129201400, 1.000000000000000000 ),
 .UNSPECIFIED. ) ;
#1899 = ORIENTED_EDGE ( 'NONE', *, *, #5945, .F. ) ;
#1900 = CARTESIAN_POINT ( 'NONE',  ( 0.6695865573980471800, 0.9999606299212597800, -0.8425954777952128200 ) ) ;
#1901 = EDGE_CURVE ( 'NONE', #11, #1489, #75, .T. ) ;
#1902 = CARTESIAN_POINT ( 'NONE',  ( 0.8889082418019000900, 0.9999606299212597800, -0.8439496953245095900 ) ) ;
#1903 = DIRECTION ( 'NONE',  ( -1.000000000000000000, 0.0000000000000000000, 0.0000000000000000000 ) ) ;
#1904 = CARTESIAN_POINT ( 'NONE',  ( 0.7004193562225714500, 0.9999606299212597800, -0.8803719249082165900 ) ) ;
#1905 = ORIENTED_EDGE ( 'NONE', *, *, #914, .F. ) ;
#1906 = EDGE_CURVE ( 'NONE', #3023, #3956, #5179, .T. ) ;
#1907 = DIRECTION ( 'NONE',  ( -1.000000000000000000, 0.0000000000000000000, 0.0000000000000000000 ) ) ;
#1908 = CARTESIAN_POINT ( 'NONE',  ( 0.6101471786089021100, 0.9999606299212598900, -0.8802960271098861900 ) ) ;
#1909 = CARTESIAN_POINT ( 'NONE',  ( 0.6204596767819262600, 1.000000000000000400, -0.8848805104196830800 ) ) ;
#1910 = EDGE_LOOP ( 'NONE', ( #4157, #5232, #1972, #1452 ) ) ;
#1911 = EDGE_CURVE ( 'NONE', #2353, #3649, #4829, .T. ) ;
#1912 = DIRECTION ( 'NONE',  ( -0.7588454441657042100, -0.0000000000000000000, -0.6512707515841280600 ) ) ;
#1913 = CARTESIAN_POINT ( 'NONE',  ( 0.7986952297189544600, 0.9999606299212597800, -0.8804823252543078100 ) ) ;
#1914 = CARTESIAN_POINT ( 'NONE',  ( 0.7274446371132600200, 0.9999606299212597800, -0.8664752834510141000 ) ) ;
#1915 = ORIENTED_EDGE ( 'NONE', *, *, #3461, .F. ) ;
#1916 = PLANE ( 'NONE',  #3307 ) ;
#1917 = LINE ( 'NONE', #4878, #4547 ) ;
#1918 = CARTESIAN_POINT ( 'NONE',  ( 0.8876049642504835200, 0.9999999999999996700, -0.8694295180947547700 ) ) ;
#1919 = CARTESIAN_POINT ( 'NONE',  ( 0.6686343943191821500, 0.9999606299212596700, -0.8428641307696548300 ) ) ;
#1920 = ORIENTED_EDGE ( 'NONE', *, *, #274, .T. ) ;
#1921 = FACE_OUTER_BOUND ( 'NONE', #4004, .T. ) ;
#1922 = CARTESIAN_POINT ( 'NONE',  ( 0.8876049642504835200, 0.9999999999999998900, -0.8694295180947547700 ) ) ;
#1923 = LINE ( 'NONE', #4823, #5893 ) ;
#1924 = CARTESIAN_POINT ( 'NONE',  ( 0.8645425216272938400, 0.9999606299212598900, -0.7947168736345842100 ) ) ;
#1925 = CARTESIAN_POINT ( 'NONE',  ( 0.6126478658253377000, 1.000000000000000200, -0.8501462664434136200 ) ) ;
#1926 = DIRECTION ( 'NONE',  ( -0.0000000000000000000, 1.000000000000000000, -0.0000000000000000000 ) ) ;
#1927 = CARTESIAN_POINT ( 'NONE',  ( 0.007874015748031721500, 1.000000000000000000, 0.0000000000000000000 ) ) ;
#1928 = CARTESIAN_POINT ( 'NONE',  ( 0.7696795822596136400, 1.000000000000000200, -0.8441133465142808300 ) ) ;
#1929 = ORIENTED_EDGE ( 'NONE', *, *, #5103, .F. ) ;
#1930 = CARTESIAN_POINT ( 'NONE',  ( 0.7346794697994044600, 0.9999606299212597800, -0.8842411082064810500 ) ) ;
#1931 = VECTOR ( 'NONE', #6320, 39.37007874015748100 ) ;
#1932 = CARTESIAN_POINT ( 'NONE',  ( 0.6524969191784063500, 1.000000000000000000, -0.8192800083138267500 ) ) ;
#1933 = LINE ( 'NONE', #2958, #3074 ) ;
#1934 = CARTESIAN_POINT ( 'NONE',  ( 0.8114716212630150900, 1.000000000000000000, -0.8980773596015574300 ) ) ;
#1935 = VERTEX_POINT ( 'NONE', #3086 ) ;
#1936 = CARTESIAN_POINT ( 'NONE',  ( 0.6049368624862077000, 1.000000000000000000, -0.8559566737070764000 ) ) ;
#1937 = ORIENTED_EDGE ( 'NONE', *, *, #3165, .F. ) ;
#1938 = LINE ( 'NONE', #3231, #5907 ) ;
#1939 = ADVANCED_FACE ( 'NONE', ( #881 ), #1786, .T. ) ;
#1940 = CARTESIAN_POINT ( 'NONE',  ( 0.7391041047238312600, 1.000000000000000200, -0.8870695306232837500 ) ) ;
#1941 = CARTESIAN_POINT ( 'NONE',  ( 0.8734626995727002900, 0.9999999999999998900, -0.8875078634679095500 ) ) ;
#1942 = CARTESIAN_POINT ( 'NONE',  ( 0.6557637605418399400, 1.000000000000000400, -0.8475622904568324000 ) ) ;
#1943 = LINE ( 'NONE', #5370, #4582 ) ;
#1944 = EDGE_CURVE ( 'NONE', #940, #1091, #2015, .T. ) ;
#1945 = CARTESIAN_POINT ( 'NONE',  ( 0.8818564079558396400, 0.9999606299212601100, -0.8828200384979703100 ) ) ;
#1946 = EDGE_CURVE ( 'NONE', #100, #6084, #3330, .T. ) ;
#1947 = CARTESIAN_POINT ( 'NONE',  ( 0.8462122872620203600, 0.9999606299212597800, -0.8163938992961421400 ) ) ;
#1948 = CARTESIAN_POINT ( 'NONE',  ( 0.6789530496082839500, 1.000000000000000000, -0.8064356355539106200 ) ) ;
#1949 = ORIENTED_EDGE ( 'NONE', *, *, #2279, .T. ) ;
#1950 = CARTESIAN_POINT ( 'NONE',  ( 0.8778815895697177400, 0.9999606299212597800, -0.8860581323314590300 ) ) ;
#1951 = CARTESIAN_POINT ( 'NONE',  ( 0.7614476464686851200, 1.000000000000000000, -0.8874077669464911500 ) ) ;
#1952 = CARTESIAN_POINT ( 'NONE',  ( 0.7569597955962638100, 1.000000000000000200, -0.7994477559869012100 ) ) ;
#1954 = CARTESIAN_POINT ( 'NONE',  ( 0.7281080439041242000, 1.000000000000050200, -0.8703354124218006800 ) ) ;
#1953 = AXIS2_PLACEMENT_3D ( 'NONE', #299, #3736, #789 ) ;
#1955 = PLANE ( 'NONE',  #2234 ) ;
#1956 = CARTESIAN_POINT ( 'NONE',  ( 0.6065198837600153100, 1.000000000000000200, -0.8956623908563675600 ) ) ;
#1957 = DIRECTION ( 'NONE',  ( -0.0000000000000000000, 1.000000000000000000, -0.0000000000000000000 ) ) ;
#1958 = CARTESIAN_POINT ( 'NONE',  ( 0.7264159753070290600, 1.000000000000000200, -0.8518917519678722600 ) ) ;
#1959 = ORIENTED_EDGE ( 'NONE', *, *, #2229, .F. ) ;
#1960 = CARTESIAN_POINT ( 'NONE',  ( 0.6437780563467289100, 0.9999606299212597800, -0.8609701526192689000 ) ) ;
#1961 = ORIENTED_EDGE ( 'NONE', *, *, #3128, .T. ) ;
#1962 = ADVANCED_FACE ( 'NONE', ( #5844 ), #2657, .F. ) ;
#1963 = CARTESIAN_POINT ( 'NONE',  ( 0.8734626995727002900, 1.000000000000000000, -0.8875078634679095500 ) ) ;
#1964 = CARTESIAN_POINT ( 'NONE',  ( 0.7013674529451978700, 0.9999606299212601100, -0.8084278319214405200 ) ) ;
#1965 = CARTESIAN_POINT ( 'NONE',  ( 0.6907279292393070400, 0.9999606299212597800, -0.8121841257378786800 ) ) ;
#1966 = ADVANCED_FACE ( 'NONE', ( #5991 ), #712, .F. ) ;
#1967 = CARTESIAN_POINT ( 'NONE',  ( 0.6245816421447770700, 0.9999606299212601100, -0.8376960267611269800 ) ) ;
#1968 = CARTESIAN_POINT ( 'NONE',  ( 0.7053502112399326900, 1.000000000000000000, -0.8237800615169516000 ) ) ;
#1969 = CARTESIAN_POINT ( 'NONE',  ( 0.7378720822121361800, 1.000000000000000200, -0.8059670042682042200 ) ) ;
#1970 = CARTESIAN_POINT ( 'NONE',  ( 0.6893002329944201100, 1.000000000000000200, -0.8481276536094620700 ) ) ;
#1971 = CARTESIAN_POINT ( 'NONE',  ( 0.6186336770397309300, 0.9999606299212601100, -0.8029257786886218100 ) ) ;
#1972 = ORIENTED_EDGE ( 'NONE', *, *, #4897, .T. ) ;
#1973 = DIRECTION ( 'NONE',  ( -0.0000000000000000000, 1.000000000000000000, -0.0000000000000000000 ) ) ;
#1974 = CARTESIAN_POINT ( 'NONE',  ( 0.6450097940506412900, 0.9999606299212595600, -0.8581957784438827300 ) ) ;
#1975 = CARTESIAN_POINT ( 'NONE',  ( 0.8996638833839867300, 1.000000000000000000, -0.4971061745397057400 ) ) ;
#1976 = EDGE_CURVE ( 'NONE', #3899, #1754, #4500, .T. ) ;
#1977 = B_SPLINE_CURVE_WITH_KNOTS ( 'NONE', 3,
 ( #6284, #4776, #2760, #3276, #354, #3788, #840 ),
 .UNSPECIFIED., .F., .F.,
 ( 4, 1, 1, 1, 4 ),
 ( 0.0000000000000000000, 0.3127941251982918100, 0.5827301107661253500, 0.8109483712724634400, 1.000000000000000000 ),
 .UNSPECIFIED. ) ;
#1978 = CARTESIAN_POINT ( 'NONE',  ( 0.8057959927978273200, 0.9999606299212597800, -0.8734714823709909300 ) ) ;
#1979 = CARTESIAN_POINT ( 'NONE',  ( 0.6825490510928411400, 1.000000000000000400, -0.7951495840248969900 ) ) ;
#1980 = CARTESIAN_POINT ( 'NONE',  ( 0.6947990179039854600, 0.9999999999999998900, -0.8216116548735122900 ) ) ;
#1981 = ORIENTED_EDGE ( 'NONE', *, *, #4560, .F. ) ;
#1982 = EDGE_CURVE ( 'NONE', #3984, #4828, #3163, .T. ) ;
#1983 = CARTESIAN_POINT ( 'NONE',  ( 0.9960629921259841500, 0.9960629921259841500, -0.003937007874015860700 ) ) ;
#1984 = ORIENTED_EDGE ( 'NONE', *, *, #1566, .F. ) ;
#1985 = CARTESIAN_POINT ( 'NONE',  ( 0.8592405835927318100, 1.000000000000000000, -0.8110383982222855200 ) ) ;
#1986 = ADVANCED_FACE ( 'NONE', ( #1874 ), #3930, .T. ) ;
#1987 = ORIENTED_EDGE ( 'NONE', *, *, #4821, .T. ) ;
#1988 = FACE_OUTER_BOUND ( 'NONE', #3779, .T. ) ;
#1989 = CARTESIAN_POINT ( 'NONE',  ( 0.7430220806912820600, 0.9999606299212507900, -0.8048415345542089300 ) ) ;
#1990 = FACE_OUTER_BOUND ( 'NONE', #64, .T. ) ;
#1991 = CARTESIAN_POINT ( 'NONE',  ( 0.1001548727153806400, 0.9999606299212597800, -0.4935941171341137200 ) ) ;
#1992 = ORIENTED_EDGE ( 'NONE', *, *, #5559, .F. ) ;
#1993 = ADVANCED_FACE ( 'NONE', ( #3008 ), #6118, .T. ) ;
#1994 = CARTESIAN_POINT ( 'NONE',  ( 0.8794872145634480300, 1.000000000000000200, -0.8960848091377628900 ) ) ;
#1995 = LINE ( 'NONE', #3838, #5822 ) ;
#1996 = VECTOR ( 'NONE', #2388, 39.37007874015748100 ) ;
#1997 = DIRECTION ( 'NONE',  ( -0.0000000000000000000, 1.000000000000000000, -0.0000000000000000000 ) ) ;
#1998 = CARTESIAN_POINT ( 'NONE',  ( 1.000000000000000000, 0.007874015748031721500, -2.731847993664263200E-016 ) ) ;
#1999 = LINE ( 'NONE', #2871, #5668 ) ;
#2000 = CARTESIAN_POINT ( 'NONE',  ( 0.7484310995662327700, 0.9999999999999996700, -0.8974876309881083500 ) ) ;
#2001 = FACE_OUTER_BOUND ( 'NONE', #728, .T. ) ;
#2002 = CARTESIAN_POINT ( 'NONE',  ( 0.6155193952282233000, 0.9999999999999998900, -0.8306163324430646500 ) ) ;
#2003 = CARTESIAN_POINT ( 'NONE',  ( 0.8557209551102361600, 0.9999606299212596700, -0.8564626415467999600 ) ) ;
#2004 = CARTESIAN_POINT ( 'NONE',  ( 0.5925397873600203300, 1.000000000000000000, -0.8849455532568604200 ) ) ;
#2005 = CARTESIAN_POINT ( 'NONE',  ( 0.5947147427858607800, 0.9999606299212597800, -0.8429237729538301400 ) ) ;
#2006 = B_SPLINE_CURVE_WITH_KNOTS ( 'NONE', 3,
 ( #5459, #1021, #1500, #4980, #2003, #5480, #2500, #5990, #2986, #58, #3490, #557, #3994, #1037, #4499, #1525, #5001, #2027, #5502 ),
 .UNSPECIFIED., .F., .F.,
 ( 4, 1, 1, 1, 1, 1, 1, 1, 1, 1, 1, 1, 1, 1, 1, 1, 4 ),
 ( 0.0000000000000000000, 0.07939944922843633600, 0.1550807695438881900, 0.2268389954008013000, 0.2963238871936985100, 0.3626861197443198600, 0.4273641774296289000, 0.4910273933098438000, 0.5539726404649533100, 0.6149063589148386900, 0.6734439365273177100, 0.7298089048505772600, 0.7840268159717077600, 0.8376281416210936700, 0.8908356925723256400, 0.9447902155913422400, 1.000000000000000000 ),
 .UNSPECIFIED. ) ;
#2007 = CARTESIAN_POINT ( 'NONE',  ( 0.7026426933553757700, 0.9999606299212598900, -0.8693689714239283300 ) ) ;
#2008 = ORIENTED_EDGE ( 'NONE', *, *, #842, .F. ) ;
#2009 = VECTOR ( 'NONE', #4147, 39.37007874015748100 ) ;
#2010 = CARTESIAN_POINT ( 'NONE',  ( 0.8962286454143275600, 0.9999606299212603400, -0.8230337414079320600 ) ) ;
#2011 = CARTESIAN_POINT ( 'NONE',  ( 0.7508184490866198800, 0.9999606299212506800, -0.8081503105965957000 ) ) ;
#2012 = DIRECTION ( 'NONE',  ( -0.0000000000000000000, 1.000000000000000000, -0.0000000000000000000 ) ) ;
#2013 = EDGE_LOOP ( 'NONE', ( #987, #4101, #6416, #791 ) ) ;
#2014 = DIRECTION ( 'NONE',  ( -0.0000000000000000000, 0.0000000000000000000, 1.000000000000000000 ) ) ;
#2015 = LINE ( 'NONE', #1671, #4665 ) ;
#2016 = CARTESIAN_POINT ( 'NONE',  ( 0.8964040856304526000, 1.000000000000000200, -0.8722162986731459800 ) ) ;
#2017 = AXIS2_PLACEMENT_3D ( 'NONE', #232, #4259, #1331 ) ;
#2018 = CARTESIAN_POINT ( 'NONE',  ( 0.7013674529451978700, 0.9999606299212601100, -0.8084278319214405200 ) ) ;
#2019 = CARTESIAN_POINT ( 'NONE',  ( 0.6049776619751309200, 1.000000000000000000, -0.8419145062737338800 ) ) ;
#2020 = ADVANCED_FACE ( 'NONE', ( #1716 ), #4342, .T. ) ;
#2021 = EDGE_CURVE ( 'NONE', #4817, #4910, #426, .T. ) ;
#2022 = DIRECTION ( 'NONE',  ( 0.0000000000000000000, -0.7071067811865536800, 0.7071067811865412400 ) ) ;
#2023 = EDGE_CURVE ( 'NONE', #2515, #595, #3916, .T. ) ;
#2024 = DIRECTION ( 'NONE',  ( -0.0000000000000000000, 0.0000000000000000000, 1.000000000000000000 ) ) ;
#2025 = ORIENTED_EDGE ( 'NONE', *, *, #2512, .T. ) ;
#2026 = CARTESIAN_POINT ( 'NONE',  ( 0.5967407024562303400, 0.9999999999999998900, -0.8429251310100865900 ) ) ;
#2027 = CARTESIAN_POINT ( 'NONE',  ( 0.8711513989639605400, 0.9999606299212597800, -0.8416219375197360200 ) ) ;
#2028 = CARTESIAN_POINT ( 'NONE',  ( 0.6751955832177896100, 0.9999606299212597800, -0.8061707122962493700 ) ) ;
#2029 = CARTESIAN_POINT ( 'NONE',  ( 0.8599122113262484000, 1.000000000000000000, -0.8332894872590538300 ) ) ;
#2030 = DIRECTION ( 'NONE',  ( -1.000000000000000000, 0.0000000000000000000, 0.0000000000000000000 ) ) ;
#2031 = CARTESIAN_POINT ( 'NONE',  ( 0.8787255636175354000, 0.9999606299212598900, -0.7964150733112818100 ) ) ;
#2032 = CARTESIAN_POINT ( 'NONE',  ( 0.7574536563208244000, 0.9999999999999998900, -0.8220605308019312000 ) ) ;
#2033 = CARTESIAN_POINT ( 'NONE',  ( 0.8749759528794299700, 0.9999606299212596700, -0.8419369130840691500 ) ) ;
#2034 = CARTESIAN_POINT ( 'NONE',  ( 0.6698279155730696400, 0.9999606299212595600, -0.7944132063476665500 ) ) ;
#2035 = VERTEX_POINT ( 'NONE', #4885 ) ;
#2036 = CARTESIAN_POINT ( 'NONE',  ( 0.6133982375041472400, 1.000000000000000200, -0.8705428795270832000 ) ) ;
#2037 = CARTESIAN_POINT ( 'NONE',  ( 0.5947147427858607800, 0.9999606299212597800, -0.8429237729538301400 ) ) ;
#2038 = CARTESIAN_POINT ( 'NONE',  ( -2.049995136288955100E-019, 1.000000000000000000, -0.007874015748031584400 ) ) ;
#2039 = DIRECTION ( 'NONE',  ( -0.0000000000000000000, 1.000000000000000000, -0.0000000000000000000 ) ) ;
#2040 = CARTESIAN_POINT ( 'NONE',  ( 0.6910450940087514700, 0.9999999999999996700, -0.8733296929540944600 ) ) ;
#2041 = ORIENTED_EDGE ( 'NONE', *, *, #1911, .T. ) ;
#2042 = CARTESIAN_POINT ( 'NONE',  ( 0.8503389295132162100, 0.9999606299212597800, -0.5450458600068470700 ) ) ;
#2043 = CARTESIAN_POINT ( 'NONE',  ( 0.6927732321419073400, 0.9999606299212598900, -0.8149617957725878700 ) ) ;
#2044 = CARTESIAN_POINT ( 'NONE',  ( 0.8473608304682381800, 0.9999606299212597800, -0.8474726407326079700 ) ) ;
#2045 = CARTESIAN_POINT ( 'NONE',  ( 0.0000000000000000000, 0.9921259842519684100, 0.0000000000000000000 ) ) ;
#2046 = VERTEX_POINT ( 'NONE', #5375 ) ;
#2047 = ADVANCED_FACE ( 'NONE', ( #567 ), #3953, .T. ) ;
#2048 = DIRECTION ( 'NONE',  ( -1.000000000000000000, 0.0000000000000000000, 0.0000000000000000000 ) ) ;
#2049 = DIRECTION ( 'NONE',  ( -0.0000000000000000000, 1.000000000000000000, -0.0000000000000000000 ) ) ;
#2050 = CARTESIAN_POINT ( 'NONE',  ( 0.8878272834777626300, 0.9999606299212596700, -0.8617495339248922900 ) ) ;
#2051 = CARTESIAN_POINT ( 'NONE',  ( 0.6403492017648372300, 0.9999606299212597800, -0.8210502167279285500 ) ) ;
#2052 = CARTESIAN_POINT ( 'NONE',  ( 0.5028429247599257600, 0.9999606299212597800, -0.1002054203944308900 ) ) ;
#2053 = ORIENTED_EDGE ( 'NONE', *, *, #3126, .F. ) ;
#2054 = CARTESIAN_POINT ( 'NONE',  ( 0.6072103529008398000, 0.9999606299212596700, -0.8828023926535604200 ) ) ;
#2055 = EDGE_CURVE ( 'NONE', #3048, #6065, #1548, .T. ) ;
#2056 = COORDINATED_UNIVERSAL_TIME_OFFSET ( 5, 0, .BEHIND. ) ;
#2057 = CARTESIAN_POINT ( 'NONE',  ( 0.8872734672935782600, 0.9999999999999998900, -0.8411143239640732600 ) ) ;
#2058 = EDGE_CURVE ( 'NONE', #5065, #2271, #268, .T. ) ;
#2059 = CARTESIAN_POINT ( 'NONE',  ( 0.8722273240599000000, 0.9999606299212601100, -0.8980314455458231500 ) ) ;
#2060 = CARTESIAN_POINT ( 'NONE',  ( 1.000000000000000000, 0.007874015748031721500, -2.731847993664263200E-016 ) ) ;
#2061 = ORIENTED_EDGE ( 'NONE', *, *, #404, .F. ) ;
#2062 = AXIS2_PLACEMENT_3D ( 'NONE', #5878, #6382, #3373 ) ;
#2063 = FACE_BOUND ( 'NONE', #4069, .T. ) ;
#2064 = CARTESIAN_POINT ( 'NONE',  ( 0.7052202280086852200, 0.9999606299212597800, -0.8277995703189258100 ) ) ;
#2065 = CARTESIAN_POINT ( 'NONE',  ( 0.6835010340121726600, 0.9999606299212595600, -0.8835665539754844500 ) ) ;
#2066 = CARTESIAN_POINT ( 'NONE',  ( 0.6875283958218472200, 0.9999606299212602200, -0.8801402336221183500 ) ) ;
#2067 = DIRECTION ( 'NONE',  ( -0.4832823832550145500, 0.0000000000000000000, -0.8754645270000112100 ) ) ;
#2068 = CARTESIAN_POINT ( 'NONE',  ( 0.8445473584937205300, 1.000000000000000200, -0.8640782922372404200 ) ) ;
#2069 = VECTOR ( 'NONE', #2703, 39.37007874015748100 ) ;
#2070 = CARTESIAN_POINT ( 'NONE',  ( 0.8747916908499588900, 0.9999606299212601100, -0.8056605474068441200 ) ) ;
#2071 = VECTOR ( 'NONE', #3251, 39.37007874015748900 ) ;
#2072 = CARTESIAN_POINT ( 'NONE',  ( 0.6697787916787173400, 1.000000000000000200, -0.8862396426651335500 ) ) ;
#2073 = CARTESIAN_POINT ( 'NONE',  ( 0.7591906172531902600, 0.9999606299212597800, -0.8462067245400044500 ) ) ;
#2074 = CARTESIAN_POINT ( 'NONE',  ( 0.5648398833516751200, 0.9999606299212597800, -0.7956492701129210800 ) ) ;
#2075 = VERTEX_POINT ( 'NONE', #114 ) ;
#2076 = LINE ( 'NONE', #343, #1931 ) ;
#2077 = CARTESIAN_POINT ( 'NONE',  ( 0.6239330119028114700, 1.000000000000000000, -0.8713418226216509400 ) ) ;
#2078 = CARTESIAN_POINT ( 'NONE',  ( 0.7273321305055704400, 1.000000000000000000, -0.8008837346828946400 ) ) ;
#2079 = ORIENTED_EDGE ( 'NONE', *, *, #3500, .F. ) ;
#2080 = VECTOR ( 'NONE', #5454, 39.37007874015748900 ) ;
#2081 = CARTESIAN_POINT ( 'NONE',  ( 0.7370582341039939600, 0.9999999999999998900, -0.7949861067070274100 ) ) ;
#2082 = CARTESIAN_POINT ( 'NONE',  ( 0.5986781317981181300, 1.000000000000000000, -0.8847830381176371400 ) ) ;
#2083 = ORIENTED_EDGE ( 'NONE', *, *, #2109, .T. ) ;
#2084 = CARTESIAN_POINT ( 'NONE',  ( 0.8703081543710137200, 0.9999606299212597800, -0.8311522906086397100 ) ) ;
#2085 = ORIENTED_EDGE ( 'NONE', *, *, #5058, .F. ) ;
#2086 = FACE_OUTER_BOUND ( 'NONE', #5403, .T. ) ;
#2087 = CARTESIAN_POINT ( 'NONE',  ( 0.8928303098622687500, 0.9999606299212602200, -0.8825091274219135600 ) ) ;
#2088 = ADVANCED_FACE ( 'NONE', ( #4035 ), #3964, .T. ) ;
#2089 = UNCERTAINTY_MEASURE_WITH_UNIT (LENGTH_MEASURE( 1.000000000000000100E-005 ), #2308, 'distance_accuracy_value', 'NONE');
#2090 = B_SPLINE_CURVE_WITH_KNOTS ( 'NONE', 3,
 ( #4979, #6405, #3972, #2002, #5479, #2499, #5988, #2985, #57, #3489, #556, #3992, #1036, #4497, #1524, #4998, #2026, #5500, #2519 ),
 .UNSPECIFIED., .F., .F.,
 ( 4, 1, 1, 1, 1, 1, 1, 1, 1, 1, 1, 1, 1, 1, 1, 1, 4 ),
 ( 0.0000000000000000000, 0.08817828793540175000, 0.1703962258015031500, 0.2478554589180562200, 0.3223119628233701000, 0.3939861698943346600, 0.4626934939826076700, 0.5304592248215037600, 0.5989497110176137400, 0.6349980497359260000, 0.6748411946041481500, 0.7189748316776005700, 0.7666373843242463300, 0.8184614652166470900, 0.8745656704273197000, 0.9350741581065669100, 1.000000000000000000 ),
 .UNSPECIFIED. ) ;
#2091 = CARTESIAN_POINT ( 'NONE',  ( 0.6727538656261655700, 1.000000000000000200, -0.8862423786640982700 ) ) ;
#2092 = ORIENTED_EDGE ( 'NONE', *, *, #4472, .F. ) ;
#2093 = VECTOR ( 'NONE', #2399, 39.37007874015748100 ) ;
#2094 = CARTESIAN_POINT ( 'NONE',  ( 0.7591719235172166300, 1.000000000000000200, -0.8481766129728355300 ) ) ;
#2095 = CARTESIAN_POINT ( 'NONE',  ( 0.6523985774872104200, 1.000000000000000200, -0.8495546272706556700 ) ) ;
#2096 = CARTESIAN_POINT ( 'NONE',  ( 0.8829327805566532500, 0.9999999999999995600, -0.8131877575610747500 ) ) ;
#2097 = CARTESIAN_POINT ( 'NONE',  ( 0.6577106148514552100, 0.9999606299212597800, -0.8817945838018067500 ) ) ;
#2098 = EDGE_LOOP ( 'NONE', ( #5963, #2539, #6037, #634 ) ) ;
#2099 = CARTESIAN_POINT ( 'NONE',  ( 0.8553231624625676800, 1.000000000000000400, -0.8586348151575420300 ) ) ;
#2100 = EDGE_LOOP ( 'NONE', ( #5397, #2211, #2237, #1810 ) ) ;
#2101 = CARTESIAN_POINT ( 'NONE',  ( 0.8687112952881774800, 0.9999606299212598900, -0.8871944944146260600 ) ) ;
#2102 = CARTESIAN_POINT ( 'NONE',  ( 0.6174724079271564100, 0.9999606299212602200, -0.8539765244082803100 ) ) ;
#2103 = CARTESIAN_POINT ( 'NONE',  ( 2.731847993664263200E-016, 0.0000000000000000000, -0.9921259842519684100 ) ) ;
#2104 = EDGE_CURVE ( 'NONE', #5206, #5616, #1401, .T. ) ;
#2105 = CARTESIAN_POINT ( 'NONE',  ( 0.7214782494243092700, 0.9999606299212602200, -0.8092239719537421800 ) ) ;
#2106 = ORIENTED_EDGE ( 'NONE', *, *, #2364, .T. ) ;
#2107 = DIRECTION ( 'NONE',  ( 0.0000000000000000000, -5.832245412038733000E-012, 1.000000000000000000 ) ) ;
#2108 = CARTESIAN_POINT ( 'NONE',  ( 0.003937007874015861600, 0.9921259842519683000, -0.003937007874015792200 ) ) ;
#2109 = EDGE_CURVE ( 'NONE', #4385, #3023, #2711, .T. ) ;
#2110 = CARTESIAN_POINT ( 'NONE',  ( 0.7484310995662327700, 0.9999606299212595600, -0.8974876309881083500 ) ) ;
#2111 = ORIENTED_EDGE ( 'NONE', *, *, #1478, .T. ) ;
#2112 = EDGE_CURVE ( 'NONE', #168, #286, #5516, .T. ) ;
#2113 = ORIENTED_EDGE ( 'NONE', *, *, #5834, .F. ) ;
#2114 = CARTESIAN_POINT ( 'NONE',  ( 0.7168170073572303100, 0.9999606299212596700, -0.8272870143160308000 ) ) ;
#2115 = CARTESIAN_POINT ( 'NONE',  ( 0.8983765779892077800, 0.9999999999999998900, -0.8473829521205533700 ) ) ;
#2116 = CARTESIAN_POINT ( 'NONE',  ( 0.6442659414834750500, 0.9999606299212595600, -0.8814767170262441900 ) ) ;
#2117 = CARTESIAN_POINT ( 'NONE',  ( 0.7556985537884063400, 0.9999606299212596700, -0.8767653454023955900 ) ) ;
#2118 = CARTESIAN_POINT ( 'NONE',  ( 0.5984718446311810800, 0.9999606299212598900, -0.8967478582226254800 ) ) ;
#2119 = CARTESIAN_POINT ( 'NONE',  ( 0.8888066861006900200, 0.9999606299212598900, -0.8358331145711701500 ) ) ;
#2120 = CARTESIAN_POINT ( 'NONE',  ( 0.6530978526151027800, 1.000000000000000400, -0.8735267419030114900 ) ) ;
#2121 = ADVANCED_FACE ( 'NONE', ( #109 ), #203, .F. ) ;
#2122 = CARTESIAN_POINT ( 'NONE',  ( 0.8611757678930249700, 0.9999606299212598900, -0.8461271609986139600 ) ) ;
#2123 = CARTESIAN_POINT ( 'NONE',  ( 0.8550942069849334400, 0.9999606299212597800, -0.8659649181124180500 ) ) ;
#2124 = CARTESIAN_POINT ( 'NONE',  ( 0.7159220089900183400, 1.000000000000000000, -0.8394653487315413300 ) ) ;
#2125 = CARTESIAN_POINT ( 'NONE',  ( 0.6666666666667134800, 0.6666666666666757300, 0.3254593175852868400 ) ) ;
#2126 = ORIENTED_EDGE ( 'NONE', *, *, #4277, .T. ) ;
#2127 = CARTESIAN_POINT ( 'NONE',  ( 0.6597812407663447000, 1.000000000000000200, -0.7965733055091007700 ) ) ;
#2128 = EDGE_LOOP ( 'NONE', ( #6321, #1286, #5294, #5803 ) ) ;
#2129 = CARTESIAN_POINT ( 'NONE',  ( 0.6126478658253377000, 0.9999606299212598900, -0.8501462664434136200 ) ) ;
#2130 = CARTESIAN_POINT ( 'NONE',  ( 0.7608703485404897400, 1.000000000000000200, -0.8882553959720693700 ) ) ;
#2131 = CARTESIAN_POINT ( 'NONE',  ( 0.7574296045326695000, 0.9999999999999998900, -0.8705228439787582300 ) ) ;
#2132 = CARTESIAN_POINT ( 'NONE',  ( 0.8954751561459003400, 0.9999606299212592300, -0.8196881793505389500 ) ) ;
#2133 = CARTESIAN_POINT ( 'NONE',  ( 0.6716589205868196400, 0.9999606299212597800, -0.8980773596015574300 ) ) ;
#2134 = CARTESIAN_POINT ( 'NONE',  ( 0.7476315205446143500, 1.000000000000000000, -0.8864379219105134000 ) ) ;
#2135 = CARTESIAN_POINT ( 'NONE',  ( 0.6231258379535686800, 0.9999606299212596700, -0.8784327290133626700 ) ) ;
#2136 = CARTESIAN_POINT ( 'NONE',  ( 0.6947781934609214000, 1.000000000000000000, -0.8256139194255447400 ) ) ;
#2137 = CARTESIAN_POINT ( 'NONE',  ( 0.4549032392927833100, 0.9999606299212597800, -0.1495303742652009700 ) ) ;
#2138 = ORIENTED_EDGE ( 'NONE', *, *, #1826, .F. ) ;
#2139 = ORIENTED_EDGE ( 'NONE', *, *, #4364, .F. ) ;
#2140 = CARTESIAN_POINT ( 'NONE',  ( 0.8700394176332273400, 1.000000000000000200, -0.8416443699736005900 ) ) ;
#2141 = CARTESIAN_POINT ( 'NONE',  ( 0.6937653827631111700, 1.000000000000000200, -0.8295829699309971200 ) ) ;
#2142 = CARTESIAN_POINT ( 'NONE',  ( 0.7310777562362259500, 0.9999606299212598900, -0.8948524420680580300 ) ) ;
#2144 = CARTESIAN_POINT ( 'NONE',  ( 0.6664768602851337500, 0.9999606299212593400, -0.8546839824795071600 ) ) ;
#2143 = AXIS2_PLACEMENT_3D ( 'NONE', #2137, #3630, #686 ) ;
#2145 = CARTESIAN_POINT ( 'NONE',  ( 0.8642156577574826600, 1.000000000000000200, -0.8849981493991849700 ) ) ;
#2146 = ORIENTED_EDGE ( 'NONE', *, *, #4696, .F. ) ;
#2147 = CARTESIAN_POINT ( 'NONE',  ( 0.6423175407853872800, 0.9999606299212597800, -0.8703774555932122200 ) ) ;
#2148 = EDGE_CURVE ( 'NONE', #347, #2353, #3881, .T. ) ;
#2149 = FACE_OUTER_BOUND ( 'NONE', #302, .T. ) ;
#2150 = LINE ( 'NONE', #1334, #4799 ) ;
#2151 = CARTESIAN_POINT ( 'NONE',  ( 0.6396911795164478300, 1.000000000000000000, -0.8284787859746635100 ) ) ;
#2152 = EDGE_CURVE ( 'NONE', #2767, #2515, #3837, .T. ) ;
#2153 = CARTESIAN_POINT ( 'NONE',  ( 0.7591510181454752500, 0.9999606299212595600, -0.8017714978512661100 ) ) ;
#2154 = CARTESIAN_POINT ( 'NONE',  ( 0.6160306509547960300, 0.9999999999999998900, -0.8261965344796447000 ) ) ;
#2155 = ORIENTED_EDGE ( 'NONE', *, *, #590, .T. ) ;
#2156 = CC_DESIGN_APPROVAL ( #1830, ( #845 ) ) ;
#2157 = ORIENTED_EDGE ( 'NONE', *, *, #927, .F. ) ;
#2158 = LINE ( 'NONE', #272, #2315 ) ;
#2159 = DIRECTION ( 'NONE',  ( -1.000000000000000000, 0.0000000000000000000, 0.0000000000000000000 ) ) ;
#2160 = VECTOR ( 'NONE', #5299, 39.37007874015748900 ) ;
#2161 = CARTESIAN_POINT ( 'NONE',  ( 0.8885835494369260800, 0.9999999999999994400, -0.8045583862513697700 ) ) ;
#2162 = CARTESIAN_POINT ( 'NONE',  ( 0.6036361453984087100, 0.9999606299210460600, -0.8555487920090501000 ) ) ;
#2163 = CARTESIAN_POINT ( 'NONE',  ( 0.7867674105770539100, 0.9999606299212597800, -0.8599951212019361100 ) ) ;
#2164 = CARTESIAN_POINT ( 'NONE',  ( 0.6629378324549066700, 0.9999999999999996700, -0.7955665980346918700 ) ) ;
#2165 = CARTESIAN_POINT ( 'NONE',  ( 0.6871688281943105800, 0.9999606299212597800, -0.8367159899849823100 ) ) ;
#2166 = EDGE_LOOP ( 'NONE', ( #2391, #5855, #1520, #3237, #3303, #1264, #4561, #2837 ) ) ;
#2167 = ORIENTED_EDGE ( 'NONE', *, *, #1249, .T. ) ;
#2168 = FACE_OUTER_BOUND ( 'NONE', #2386, .T. ) ;
#2169 = CARTESIAN_POINT ( 'NONE',  ( 0.6656416884631166700, 1.000000000000000400, -0.8856636799566642800 ) ) ;
#2170 = CARTESIAN_POINT ( 'NONE',  ( 0.6706475430244964700, 1.000000000000000200, -0.8423044501946997900 ) ) ;
#2171 = CARTESIAN_POINT ( 'NONE',  ( 0.8579847362084968000, 1.000000000000000000, -0.8137952513296630200 ) ) ;
#2172 = DIRECTION ( 'NONE',  ( -0.0000000000000000000, 1.000000000000000000, -0.0000000000000000000 ) ) ;
#2173 = ORIENTED_EDGE ( 'NONE', *, *, #6287, .F. ) ;
#2174 = CARTESIAN_POINT ( 'NONE',  ( 0.6948447661641751200, 0.9999606299212597800, -0.8234722848057477500 ) ) ;
#2175 = VECTOR ( 'NONE', #2663, 39.37007874015748100 ) ;
#2176 = CARTESIAN_POINT ( 'NONE',  ( 0.7310777562362259500, 1.000000000000000200, -0.8948524420680580300 ) ) ;
#2177 = CARTESIAN_POINT ( 'NONE',  ( 0.7922241659105739900, 0.9999999999999996700, -0.8628920443127412500 ) ) ;
#2178 = CARTESIAN_POINT ( 'NONE',  ( 0.7614476464686852400, 1.000000000000000200, -0.8874077669464912600 ) ) ;
#2179 = VECTOR ( 'NONE', #2172, 39.37007874015748100 ) ;
#2180 = CARTESIAN_POINT ( 'NONE',  ( 0.6137369411789555000, 0.9999606299212597800, -0.8351509932086206300 ) ) ;
#2181 = CARTESIAN_POINT ( 'NONE',  ( 0.8768990587538401100, 0.9999606299212597800, -0.7956336511289957600 ) ) ;
#2182 = CARTESIAN_POINT ( 'NONE',  ( 0.6257288035126588000, 0.9999999999999994400, -0.8166496959849863800 ) ) ;
#2183 = CARTESIAN_POINT ( 'NONE',  ( 0.6450742702746324900, 0.9999606299212593400, -0.8085076707360322500 ) ) ;
#2184 = ORIENTED_EDGE ( 'NONE', *, *, #398, .T. ) ;
#2185 = ORIENTED_EDGE ( 'NONE', *, *, #671, .F. ) ;
#2186 = CARTESIAN_POINT ( 'NONE',  ( 0.6755611090386211000, 0.9999999999999998900, -0.8409048235608033200 ) ) ;
#2187 = CARTESIAN_POINT ( 'NONE',  ( 0.8463431034029369500, 0.9999999999999996700, -0.8504038714374349000 ) ) ;
#2188 = ORIENTED_EDGE ( 'NONE', *, *, #3556, .T. ) ;
#2189 = CARTESIAN_POINT ( 'NONE',  ( 0.6528400638699185500, 1.000000000000000000, -0.8707132467423484000 ) ) ;
#2190 = DIRECTION ( 'NONE',  ( 0.0000000000000000000, 0.0000000000000000000, -1.000000000000000000 ) ) ;
#2191 = EDGE_CURVE ( 'NONE', #1005, #5240, #1136, .T. ) ;
#2192 = CARTESIAN_POINT ( 'NONE',  ( 0.8699491963917437300, 0.9999606299212597800, -0.8048415345542089300 ) ) ;
#2193 = EDGE_CURVE ( 'NONE', #1368, #4079, #6385, .T. ) ;
#2194 = CARTESIAN_POINT ( 'NONE',  ( 0.6887405234796995000, 0.9999606299212601100, -0.8357348872261489700 ) ) ;
#2195 = CARTESIAN_POINT ( 'NONE',  ( 0.7044347811448323800, 1.000000000000000200, -0.8157348784975093600 ) ) ;
#2196 = AXIS2_PLACEMENT_3D ( 'NONE', #3765, #2297, #5788 ) ;
#2197 = CARTESIAN_POINT ( 'NONE',  ( 0.6129072647463760200, 1.000000000000000200, -0.8645376743504533700 ) ) ;
#2198 = CARTESIAN_POINT ( 'NONE',  ( 0.6129072647463760200, 0.9999606299212598900, -0.8645376743504533700 ) ) ;
#2199 = ORIENTED_EDGE ( 'NONE', *, *, #1403, .F. ) ;
#2200 = CARTESIAN_POINT ( 'NONE',  ( 0.7635055584417253000, 1.000000000000000200, -0.8838884064323405700 ) ) ;
#2201 = CARTESIAN_POINT ( 'NONE',  ( 0.5947147427858607800, 0.9999606299212597800, -0.8429237729538301400 ) ) ;
#2202 = CARTESIAN_POINT ( 'NONE',  ( 0.6229267657078572100, 0.9999606299212595600, -0.8410944846509784700 ) ) ;
#2203 = CARTESIAN_POINT ( 'NONE',  ( 0.6113103375535315900, 0.9999606299212597800, -0.7980615815967033700 ) ) ;
#2204 = CARTESIAN_POINT ( 'NONE',  ( 0.6397463830742740100, 0.9999999999999998900, -0.8271982675647616700 ) ) ;
#2205 = CARTESIAN_POINT ( 'NONE',  ( 0.8801162493927763300, 0.9999606299212596700, -0.8093053165417641900 ) ) ;
#2206 = VERTEX_POINT ( 'NONE', #2718 ) ;
#2207 = CARTESIAN_POINT ( 'NONE',  ( 0.6565662501098177300, 0.9999606299212601100, -0.8806209250887124800 ) ) ;
#2208 = CARTESIAN_POINT ( 'NONE',  ( 0.6126478658253377000, 0.9999606299212598900, -0.8501462664434136200 ) ) ;
#2209 = B_SPLINE_CURVE_WITH_KNOTS ( 'NONE', 3,
 ( #829, #3195, #5199, #1310, #4786, #1812, #5282, #2309, #5798, #2799, #6298, #3285, #367, #3800, #850, #4304, #1333, #4811, #1836 ),
 .UNSPECIFIED., .F., .F.,
 ( 4, 1, 1, 1, 1, 1, 1, 1, 1, 1, 1, 1, 1, 1, 1, 1, 4 ),
 ( 0.0000000000000000000, 0.07812529689189649800, 0.1518301493922380500, 0.2221520613979048900, 0.2890233266244089400, 0.3525976224640657300, 0.4148420026739771900, 0.4749348900295514200, 0.5348433958080153200, 0.5934135167521027400, 0.6507869454438953700, 0.7072859995271791900, 0.7634577572775843600, 0.8197238077213179200, 0.8778515259498449500, 0.9374785251711056400, 1.000000000000000000 ),
 .UNSPECIFIED. ) ;
#2210 = PLANE ( 'NONE',  #1521 ) ;
#2211 = ORIENTED_EDGE ( 'NONE', *, *, #1698, .F. ) ;
#2212 = CARTESIAN_POINT ( 'NONE',  ( 0.8759276649923110100, 0.9999606299212597800, -0.8973875939917354000 ) ) ;
#2213 = DIRECTION ( 'NONE',  ( -0.0000000000000000000, 1.000000000000000000, -0.0000000000000000000 ) ) ;
#2214 = ORIENTED_EDGE ( 'NONE', *, *, #1158, .F. ) ;
#2215 = CARTESIAN_POINT ( 'NONE',  ( 0.7635055584417253000, 0.9999606299212598900, -0.8838884064323405700 ) ) ;
#2216 = CARTESIAN_POINT ( 'NONE',  ( 0.7463444778239463100, 0.9999606299212598900, -0.8053438087667225100 ) ) ;
#2217 = DIRECTION ( 'NONE',  ( 2.431065006200951800E-014, 0.0000000000000000000, 1.000000000000000000 ) ) ;
#2218 = CARTESIAN_POINT ( 'NONE',  ( 0.7696752812478786500, 0.9999606299212597800, -0.8484505897900496100 ) ) ;
#2219 = LOCAL_TIME ( 13, 25, 22.00000000000000000, #3523 ) ;
#2220 = CARTESIAN_POINT ( 'NONE',  ( 0.6133420475150623800, 0.9999999999999998900, -0.8721963385797724100 ) ) ;
#2221 = CARTESIAN_POINT ( 'NONE',  ( 0.8685452612300059700, 0.9999606299212597800, -0.8311332804071255300 ) ) ;
#2222 = CARTESIAN_POINT ( 'NONE',  ( 0.7266067218255157800, 1.000000000000050600, -0.8350735700142983800 ) ) ;
#2223 = CARTESIAN_POINT ( 'NONE',  ( 0.5985475852883267400, 1.000000000000000000, -0.7956594493044308900 ) ) ;
#2224 = CARTESIAN_POINT ( 'NONE',  ( 0.7158556563156902600, 1.000000000000000000, -0.8461656876451773000 ) ) ;
#2225 = ORIENTED_EDGE ( 'NONE', *, *, #1790, .T. ) ;
#2226 = VECTOR ( 'NONE', #5805, 39.37007874015748100 ) ;
#2227 = CARTESIAN_POINT ( 'NONE',  ( 0.7867674105770539100, 0.9999606299212597800, -0.8718137469121635100 ) ) ;
#2228 = ORIENTED_EDGE ( 'NONE', *, *, #307, .T. ) ;
#2229 = EDGE_CURVE ( 'NONE', #444, #5206, #4886, .T. ) ;
#2230 = CARTESIAN_POINT ( 'NONE',  ( 0.7546068049770559000, 0.9999606299212596700, -0.8791645328601764800 ) ) ;
#2231 = ORIENTED_EDGE ( 'NONE', *, *, #6157, .T. ) ;
#2232 = LINE ( 'NONE', #1690, #4720 ) ;
#2233 = CARTESIAN_POINT ( 'NONE',  ( 0.8566719973947024600, 0.9999606299212596700, -0.7979161442896429700 ) ) ;
#2235 = CARTESIAN_POINT ( 'NONE',  ( 0.8861922233487654600, 1.000000000000000000, -0.8916053520651025000 ) ) ;
#2234 = AXIS2_PLACEMENT_3D ( 'NONE', #520, #3960, #1008 ) ;
#2236 = LINE ( 'NONE', #821, #930 ) ;
#2237 = ORIENTED_EDGE ( 'NONE', *, *, #3636, .T. ) ;
#2238 = CARTESIAN_POINT ( 'NONE',  ( 0.8807323506694609800, 0.9999999999999998900, -0.8449482299153929800 ) ) ;
#2239 = CARTESIAN_POINT ( 'NONE',  ( 0.7696960623289479400, 0.9999606299212597800, -0.8461656876451773000 ) ) ;
#2240 = EDGE_CURVE ( 'NONE', #3631, #5799, #1094, .T. ) ;
#2241 = ORIENTED_EDGE ( 'NONE', *, *, #3003, .T. ) ;
#2242 = VECTOR ( 'NONE', #3135, 39.37007874015748100 ) ;
#2243 = CARTESIAN_POINT ( 'NONE',  ( 0.7591358556977135800, 0.9999606299212595600, -0.8405216733138243200 ) ) ;
#2244 = CARTESIAN_POINT ( 'NONE',  ( 0.8611757678930249700, 1.000000000000000200, -0.8461271609986139600 ) ) ;
#2245 = EDGE_CURVE ( 'NONE', #2306, #4803, #3721, .T. ) ;
#2246 = LINE ( 'NONE', #5843, #2395 ) ;
#2247 = CARTESIAN_POINT ( 'NONE',  ( 0.6878620565059330200, 0.9999999999999998900, -0.8945170250294846000 ) ) ;
#2248 = CARTESIAN_POINT ( 'NONE',  ( 0.5967878168879028300, 1.000000000000000000, -0.8848708274553867000 ) ) ;
#2249 = CARTESIAN_POINT ( 'NONE',  ( 0.8537150766313622600, 0.9999606299212595600, -0.8378583967586800100 ) ) ;
#2250 = CARTESIAN_POINT ( 'NONE',  ( 0.7321819943424317000, 0.9999606299212506800, -0.8112728849199272200 ) ) ;
#2251 = ORIENTED_EDGE ( 'NONE', *, *, #4646, .T. ) ;
#2252 = LINE ( 'NONE', #1719, #3232 ) ;
#2253 = CARTESIAN_POINT ( 'NONE',  ( 0.7281150979943824500, 0.9999606299212597800, -0.8219231198746158600 ) ) ;
#2254 = CARTESIAN_POINT ( 'NONE',  ( 0.6524969191784063500, 0.9999606299212597800, -0.8192800083138267500 ) ) ;
#2255 = CARTESIAN_POINT ( 'NONE',  ( 0.8099108295429469100, 0.9999606299212595600, -0.8945104409950827000 ) ) ;
#2256 = CARTESIAN_POINT ( 'NONE',  ( 0.8983548744894696000, 1.000000000000000200, -0.8440917723004310900 ) ) ;
#2257 = VECTOR ( 'NONE', #4771, 39.37007874015748100 ) ;
#2258 = DIRECTION ( 'NONE',  ( 0.0000000000000000000, -1.000000000000000000, 0.0000000000000000000 ) ) ;
#2259 = CARTESIAN_POINT ( 'NONE',  ( 0.8483226495973194000, 1.000000000000000200, -0.8086155804131995900 ) ) ;
#2260 = CARTESIAN_POINT ( 'NONE',  ( 0.8948213934438620200, 0.9999606299212597800, -0.8777854009231596000 ) ) ;
#2261 = CARTESIAN_POINT ( 'NONE',  ( 0.5753453284274326900, 0.9999606299212597800, -0.8074678958231482600 ) ) ;
#2262 = ORIENTED_EDGE ( 'NONE', *, *, #5566, .F. ) ;
#2263 = CARTESIAN_POINT ( 'NONE',  ( 0.6433670921774113900, 0.9999606299212602200, -0.8789071725510412300 ) ) ;
#2264 = CARTESIAN_POINT ( 'NONE',  ( 0.7949601091990808900, 1.000000000000000400, -0.8773068923311887500 ) ) ;
#2265 = DIRECTION ( 'NONE',  ( 1.000000000000000000, 0.0000000000000000000, -2.220446049250312600E-016 ) ) ;
#2266 = CARTESIAN_POINT ( 'NONE',  ( 0.8682586154378686400, 0.9999999999999998900, -0.7943542930343987500 ) ) ;
#2267 = CARTESIAN_POINT ( 'NONE',  ( 0.7412405716125948200, 1.000000000000050200, -0.8048968501197235600 ) ) ;
#2268 = CARTESIAN_POINT ( 'NONE',  ( 0.8717224288142854100, 1.000000000000000000, -0.5063097178467925700 ) ) ;
#2269 = CARTESIAN_POINT ( 'NONE',  ( 0.6650004775171559600, 1.000000000000000000, -0.8076817356762992000 ) ) ;
#2270 = CARTESIAN_POINT ( 'NONE',  ( 0.6779050825115117100, 0.9999606299212601100, -0.8517052147122785600 ) ) ;
#2271 = VERTEX_POINT ( 'NONE', #1273 ) ;
#2272 = CARTESIAN_POINT ( 'NONE',  ( 0.8871290410320776800, 1.000000000000000000, -0.8027318455809316900 ) ) ;
#2273 = CARTESIAN_POINT ( 'NONE',  ( 0.2838299188446097300, 0.9999606299212597800, -0.4548579749740585000 ) ) ;
#2274 = EDGE_CURVE ( 'NONE', #6407, #2925, #4398, .T. ) ;
#2275 = CARTESIAN_POINT ( 'NONE',  ( 0.6721924002195728300, 1.000000000000000000, -0.8531419597657975400 ) ) ;
#2276 = CARTESIAN_POINT ( 'NONE',  ( 0.3052134181456790900, 0.9999606299212597800, -0.5063941171341138600 ) ) ;
#2277 = CARTESIAN_POINT ( 'NONE',  ( 0.8719189673434483100, 0.9999606299212597800, -0.8875719145257998700 ) ) ;
#2278 = CARTESIAN_POINT ( 'NONE',  ( 0.8981923697813524200, 1.000000000000000000, -0.8578309781985583600 ) ) ;
#2279 = EDGE_CURVE ( 'NONE', #4976, #5816, #4898, .T. ) ;
#2280 = ORIENTED_EDGE ( 'NONE', *, *, #6071, .F. ) ;
#2281 = CARTESIAN_POINT ( 'NONE',  ( 0.6545727748150317300, 0.9999606299212597800, -0.8618603789187334600 ) ) ;
#2282 = ORIENTED_EDGE ( 'NONE', *, *, #5743, .T. ) ;
#2283 = CARTESIAN_POINT ( 'NONE',  ( 0.6522866879129681800, 1.000000000000000400, -0.8921836204934608900 ) ) ;
#2284 = CARTESIAN_POINT ( 'NONE',  ( 0.6136447479683073700, 0.9999606299212596700, -0.8147492342084479100 ) ) ;
#2285 = VERTEX_POINT ( 'NONE', #5263 ) ;
#2286 = CARTESIAN_POINT ( 'NONE',  ( 0.8057959927978273200, 0.9999606299212597800, -0.8734714823709909300 ) ) ;
#2287 = CARTESIAN_POINT ( 'NONE',  ( 0.6086113202413974100, 0.9999999999999998900, -0.8097117274253781100 ) ) ;
#2288 = CARTESIAN_POINT ( 'NONE',  ( 0.8474593876903391300, 0.9999999999999996700, -0.8110297154408281400 ) ) ;
#2289 = CARTESIAN_POINT ( 'NONE',  ( 0.5064393814528370700, 0.9999606299212597800, -0.3332054203944309100 ) ) ;
#2290 = ORIENTED_EDGE ( 'NONE', *, *, #3761, .F. ) ;
#2291 = CARTESIAN_POINT ( 'NONE',  ( 0.6818987188424374700, 1.000000000000000000, -0.8844092799218463700 ) ) ;
#2292 = CARTESIAN_POINT ( 'NONE',  ( 0.5961920709996391100, 0.9999606299212597800, -0.8074678958231482600 ) ) ;
#2293 = B_SPLINE_CURVE_WITH_KNOTS ( 'NONE', 3,
 ( #2960, #5455, #1978, #37, #3462, #527, #3971, #1019, #4470, #1497, #4974 ),
 .UNSPECIFIED., .F., .F.,
 ( 4, 1, 1, 1, 1, 1, 1, 1, 4 ),
 ( 0.0000000000000000000, 0.1115694784847078600, 0.2312276298721083500, 0.3616269854306208800, 0.5010346984701831200, 0.6401569435219167700, 0.7693287052360765500, 0.8892759623006144500, 1.000000000000000000 ),
 .UNSPECIFIED. ) ;
#2294 = CARTESIAN_POINT ( 'NONE',  ( 0.6528229858611448400, 1.000000000000000000, -0.8701312342242492100 ) ) ;
#2295 = CARTESIAN_POINT ( 'NONE',  ( 1.000000000000000200, 1.000000000000000000, -1.000000000000000200 ) ) ;
#2296 = CARTESIAN_POINT ( 'NONE',  ( 0.7032373149086510500, 1.000000000000000200, -0.8351824492224735300 ) ) ;
#2297 = DIRECTION ( 'NONE',  ( -0.0000000000000000000, 0.0000000000000000000, 1.000000000000000000 ) ) ;
#2298 = CARTESIAN_POINT ( 'NONE',  ( 0.5753453284274326900, 0.9999606299212597800, -0.8547423986640573200 ) ) ;
#2299 = CARTESIAN_POINT ( 'NONE',  ( 0.8446175711349951400, 0.9999999999999998900, -0.8678613061893713000 ) ) ;
#2300 = CARTESIAN_POINT ( 'NONE',  ( 0.8777159626630515200, 1.000000000000000000, -0.8330243876385171600 ) ) ;
#2301 = EDGE_LOOP ( 'NONE', ( #2139, #4187, #1828, #4738 ) ) ;
#2302 = ORIENTED_EDGE ( 'NONE', *, *, #6280, .F. ) ;
#2303 = CARTESIAN_POINT ( 'NONE',  ( 0.6705634188677653800, 0.9999606299212601100, -0.8980555919808617100 ) ) ;
#2304 = ADVANCED_FACE ( 'NONE', ( #6067 ), #1837, .T. ) ;
#2305 = CARTESIAN_POINT ( 'NONE',  ( 0.7894860355566486500, 1.000000000000000400, -0.8612866139745392100 ) ) ;
#2306 = VERTEX_POINT ( 'NONE', #5781 ) ;
#2307 = FACE_OUTER_BOUND ( 'NONE', #5960, .T. ) ;
#2308 =( CONVERSION_BASED_UNIT ( 'INCH', #3289 ) LENGTH_UNIT ( ) NAMED_UNIT ( #3606 ) );
#2309 = CARTESIAN_POINT ( 'NONE',  ( 0.6865078574796383800, 0.9999999999999996700, -0.8088310147117502300 ) ) ;
#2310 = VECTOR ( 'NONE', #617, 39.37007874015748100 ) ;
#2311 = EDGE_LOOP ( 'NONE', ( #5940, #831, #4601, #245, #4146 ) ) ;
#2312 = CARTESIAN_POINT ( 'NONE',  ( 0.5992689107175079900, 0.9999999999999996700, -0.8075018930812958300 ) ) ;
#2313 = CARTESIAN_POINT ( 'NONE',  ( 0.7196018238741774800, 0.9999606299212598900, -0.8774744125064294400 ) ) ;
#2314 = ORIENTED_EDGE ( 'NONE', *, *, #5476, .F. ) ;
#2315 = VECTOR ( 'NONE', #2727, 39.37007874015748100 ) ;
#2316 = CARTESIAN_POINT ( 'NONE',  ( 0.6561264558947328400, 1.000000000000000200, -0.8598720105174547700 ) ) ;
#2317 = LINE ( 'NONE', #4327, #3147 ) ;
#2318 = EDGE_CURVE ( 'NONE', #5456, #196, #3400, .T. ) ;
#2319 = CARTESIAN_POINT ( 'NONE',  ( 0.8717137828693124500, 0.9999606299212597800, -0.8416105923193604200 ) ) ;
#2320 = DIRECTION ( 'NONE',  ( -0.0000000000000000000, 0.0000000000000000000, -1.000000000000000000 ) ) ;
#2321 = CARTESIAN_POINT ( 'NONE',  ( 0.6731986715816438100, 1.000000000000000200, -0.8528991977963940000 ) ) ;
#2322 = CARTESIAN_POINT ( 'NONE',  ( 0.8690545515836736200, 0.9999606299212601100, -0.8048851173598399200 ) ) ;
#2323 = CARTESIAN_POINT ( 'NONE',  ( 0.7484310995662327700, 0.9999606299212595600, -0.8974876309881083500 ) ) ;
#2325 = CARTESIAN_POINT ( 'NONE',  ( 0.8520046313248581500, 0.9999606299212595600, -0.8889731292114792000 ) ) ;
#2324 = AXIS2_PLACEMENT_3D ( 'NONE', #6315, #4847, #1877 ) ;
#2326 = ORIENTED_EDGE ( 'NONE', *, *, #547, .T. ) ;
#2327 = EDGE_LOOP ( 'NONE', ( #77, #1585, #6091, #3162 ) ) ;
#2328 = LINE ( 'NONE', #729, #3466 ) ;
#2329 = EDGE_CURVE ( 'NONE', #4437, #3803, #4746, .T. ) ;
#2330 = CARTESIAN_POINT ( 'NONE',  ( 0.6574140535156332000, 0.9999606299212593400, -0.8122796531841953700 ) ) ;
#2331 = CARTESIAN_POINT ( 'NONE',  ( 0.6721924002195728300, 0.9999606299212597800, -0.8531419597657975400 ) ) ;
#2332 = CARTESIAN_POINT ( 'NONE',  ( 0.6265593731717509200, 0.9999606299212597800, -0.8253394635203844500 ) ) ;
#2333 = ORIENTED_EDGE ( 'NONE', *, *, #3464, .F. ) ;
#2334 = LINE ( 'NONE', #3113, #4966 ) ;
#2335 = APPROVAL_STATUS ( 'not_yet_approved' ) ;
#2336 = CARTESIAN_POINT ( 'NONE',  ( 0.6134275668270540200, 0.9999606299212598900, -0.8696798283811503200 ) ) ;
#2337 = DIRECTION ( 'NONE',  ( -1.000000000000000000, -0.0000000000000000000, -0.0000000000000000000 ) ) ;
#2338 = CARTESIAN_POINT ( 'NONE',  ( 0.7310777562362259500, 1.000000000000000200, -0.8948524420680580300 ) ) ;
#2339 = ORIENTED_EDGE ( 'NONE', *, *, #4103, .T. ) ;
#2340 = CARTESIAN_POINT ( 'NONE',  ( 0.7696475881653319600, 0.9999606299212601100, -0.8401289703379397600 ) ) ;
#2341 = ADVANCED_FACE ( 'NONE', ( #5915 ), #1850, .T. ) ;
#2342 = CARTESIAN_POINT ( 'NONE',  ( 0.8779971081264639200, 1.000000000000000200, -0.8430530991514039200 ) ) ;
#2343 = CARTESIAN_POINT ( 'NONE',  ( 0.6483686894187442600, 1.000000000000000400, -0.8883624408605741400 ) ) ;
#2344 = CARTESIAN_POINT ( 'NONE',  ( 0.6883179918097366300, 0.9999606299212598900, -0.8485528554286383400 ) ) ;
#2345 = CARTESIAN_POINT ( 'NONE',  ( 0.8717224288142854100, 0.9999606299212597800, -0.5063097178467925700 ) ) ;
#2346 = DIRECTION ( 'NONE',  ( -0.0000000000000000000, -0.0000000000000000000, -1.000000000000000000 ) ) ;
#2347 = CARTESIAN_POINT ( 'NONE',  ( 0.8651663032808411000, 0.9999999999999998900, -0.8975422389250145000 ) ) ;
#2348 = ORIENTED_EDGE ( 'NONE', *, *, #3342, .T. ) ;
#2349 = CARTESIAN_POINT ( 'NONE',  ( 0.6155187732028281100, 0.9999606299212597800, -0.8195224128580127500 ) ) ;
#2350 = ORIENTED_EDGE ( 'NONE', *, *, #1034, .F. ) ;
#2351 = CARTESIAN_POINT ( 'NONE',  ( 2.731847993664263200E-016, 1.000000000000000000, -1.000000000000000000 ) ) ;
#2352 = CARTESIAN_POINT ( 'NONE',  ( 0.8845976315694535900, 1.000000000000000200, -0.8166282901777297500 ) ) ;
#2353 = VERTEX_POINT ( 'NONE', #4876 ) ;
#2354 = CARTESIAN_POINT ( 'NONE',  ( 0.8671639997347014800, 0.9999999999999998900, -0.8866757914934329000 ) ) ;
#2355 = VERTEX_POINT ( 'NONE', #1902 ) ;
#2356 = CARTESIAN_POINT ( 'NONE',  ( 0.7645765423540037400, 0.9999999999999998900, -0.8110799030655851900 ) ) ;
#2357 = CARTESIAN_POINT ( 'NONE',  ( 0.8861009861553501600, 0.9999606299212598900, -0.8527001551913598900 ) ) ;
#2358 = CARTESIAN_POINT ( 'NONE',  ( 0.6897561912056050500, 0.9999606299212597800, -0.8479302741227458000 ) ) ;
#2359 = EDGE_CURVE ( 'NONE', #3629, #3045, #948, .T. ) ;
#2360 = CARTESIAN_POINT ( 'NONE',  ( 0.8777159626630515200, 0.9999606299212597800, -0.8330243876385171600 ) ) ;
#2361 = ORIENTED_EDGE ( 'NONE', *, *, #633, .T. ) ;
#2362 = CARTESIAN_POINT ( 'NONE',  ( 0.5969651958259719600, 1.000000000000000200, -0.8967586442190086400 ) ) ;
#2363 = CARTESIAN_POINT ( 'NONE',  ( 0.8445711133999717100, 1.000000000000000000, -0.8653581919838978500 ) ) ;
#2364 = EDGE_CURVE ( 'NONE', #5616, #6161, #1943, .T. ) ;
#2365 = ADVANCED_FACE ( 'NONE', ( #4424 ), #3181, .T. ) ;
#2366 = CARTESIAN_POINT ( 'NONE',  ( 0.6257288035126588000, 0.9999999999999994400, -0.8166496959849863800 ) ) ;
#2367 = ORIENTED_EDGE ( 'NONE', *, *, #956, .F. ) ;
#2368 = DIRECTION ( 'NONE',  ( -0.7071067811865474600, -0.0000000000000000000, -0.7071067811865474600 ) ) ;
#2369 = CARTESIAN_POINT ( 'NONE',  ( 0.6239330119028114700, 1.000000000000000000, -0.8713418226216509400 ) ) ;
#2370 = CARTESIAN_POINT ( 'NONE',  ( 0.7546417466032467900, 1.000000000000000400, -0.8133811376223839500 ) ) ;
#2371 = ORIENTED_EDGE ( 'NONE', *, *, #1074, .F. ) ;
#2372 = CARTESIAN_POINT ( 'NONE',  ( 0.8579007712699825400, 0.9999606299212597800, -0.8773694395650764000 ) ) ;
#2373 = CARTESIAN_POINT ( 'NONE',  ( 0.8520046313248581500, 0.9999606299212595600, -0.8889731292114792000 ) ) ;
#2374 = CARTESIAN_POINT ( 'NONE',  ( 0.8889082418019000900, 1.000000000000000000, -0.8414669631874652800 ) ) ;
#2375 = EDGE_LOOP ( 'NONE', ( #906, #932, #5138, #2509 ) ) ;
#2376 = APPROVAL_DATE_TIME ( #3688, #5954 ) ;
#2377 = CARTESIAN_POINT ( 'NONE',  ( 0.7489842950368320600, 0.9999606299212598900, -0.7950815301047544600 ) ) ;
#2378 = CARTESIAN_POINT ( 'NONE',  ( 0.8878823194312205300, 1.000000000000000000, -0.8643450320536171200 ) ) ;
#2379 = CARTESIAN_POINT ( 'NONE',  ( 0.6842308433790740300, 1.000000000000000000, -0.8961211047467886300 ) ) ;
#2380 = CARTESIAN_POINT ( 'NONE',  ( 0.7427143039800782100, 0.9999606299212597800, -0.7943360894784513600 ) ) ;
#2381 = EDGE_LOOP ( 'NONE', ( #1180, #692, #3782, #5319 ) ) ;
#2382 = CARTESIAN_POINT ( 'NONE',  ( 0.6097986619057440500, 0.9999606299212602200, -0.8945766089075394300 ) ) ;
#2383 = CARTESIAN_POINT ( 'NONE',  ( 0.8520046313248581500, 0.9999999999999996700, -0.8889731292114792000 ) ) ;
#2384 = LINE ( 'NONE', #3784, #2226 ) ;
#2385 = CARTESIAN_POINT ( 'NONE',  ( 0.5985475852883267400, 1.000000000000000000, -0.7956594493044308900 ) ) ;
#2386 = EDGE_LOOP ( 'NONE', ( #5904, #5623, #3279, #1174 ) ) ;
#2387 = VECTOR ( 'NONE', #1148, 39.37007874015748100 ) ;
#2388 = DIRECTION ( 'NONE',  ( -0.0000000000000000000, 1.000000000000000000, -0.0000000000000000000 ) ) ;
#2389 = FACE_OUTER_BOUND ( 'NONE', #6105, .T. ) ;
#2390 = CARTESIAN_POINT ( 'NONE',  ( 0.7407267046288600300, 0.9999606299212595600, -0.8875154412916288500 ) ) ;
#2391 = ORIENTED_EDGE ( 'NONE', *, *, #278, .T. ) ;
#2392 = CARTESIAN_POINT ( 'NONE',  ( 0.8550668360381341600, 0.9999999999999998900, -0.8642158285513901200 ) ) ;
#2393 = VECTOR ( 'NONE', #6208, 39.37007874015748100 ) ;
#2394 = ORIENTED_EDGE ( 'NONE', *, *, #1189, .T. ) ;
#2395 = VECTOR ( 'NONE', #2841, 39.37007874015748100 ) ;
#2396 = DIRECTION ( 'NONE',  ( -0.0000000000000000000, 1.000000000000000000, -0.0000000000000000000 ) ) ;
#2397 = CARTESIAN_POINT ( 'NONE',  ( 0.6157563630031058800, 1.000000000000000200, -0.8486968600098528900 ) ) ;
#2398 = EDGE_CURVE ( 'NONE', #3209, #2206, #644, .T. ) ;
#2399 = DIRECTION ( 'NONE',  ( -0.0000000000000000000, 1.000000000000000000, -0.0000000000000000000 ) ) ;
#2400 = EDGE_CURVE ( 'NONE', #3868, #3693, #3089, .T. ) ;
#2401 = PLANE ( 'NONE',  #5394 ) ;
#2402 = VECTOR ( 'NONE', #48, 39.37007874015748100 ) ;
#2403 = CARTESIAN_POINT ( 'NONE',  ( 0.7016696801619936000, 0.9999606299212597800, -0.8764732753926625100 ) ) ;
#2404 = CARTESIAN_POINT ( 'NONE',  ( 0.6072103529008398000, 0.9999606299212596700, -0.8828023926535604200 ) ) ;
#2405 = CARTESIAN_POINT ( 'NONE',  ( 0.6220164356849976500, 0.9999999999999995600, -0.8817617522768566000 ) ) ;
#2406 = CARTESIAN_POINT ( 'NONE',  ( 0.7424065272688745700, 0.9999606299212597800, -0.8875719145257998700 ) ) ;
#2407 = CARTESIAN_POINT ( 'NONE',  ( 0.7263794196620745300, 0.9999999999999998900, -0.8442368126428543300 ) ) ;
#2408 = ORIENTED_EDGE ( 'NONE', *, *, #6249, .T. ) ;
#2409 = ORIENTED_EDGE ( 'NONE', *, *, #756, .F. ) ;
#2410 = VECTOR ( 'NONE', #4179, 39.37007874015748100 ) ;
#2411 = CARTESIAN_POINT ( 'NONE',  ( 0.8021000112142466800, 0.9999606299212597800, -0.8839244369568096700 ) ) ;
#2412 = CARTESIAN_POINT ( 'NONE',  ( 0.7266027879546889100, 0.9999606299212597800, -0.8572514385046637900 ) ) ;
#2413 = DIRECTION ( 'NONE',  ( 0.7071067811865413600, -0.7071067811865536800, 0.0000000000000000000 ) ) ;
#2414 = ORIENTED_EDGE ( 'NONE', *, *, #4608, .T. ) ;
#2415 = CARTESIAN_POINT ( 'NONE',  ( 0.8867098426103426900, 1.000000000000000400, -0.8739992785258232600 ) ) ;
#2416 = CARTESIAN_POINT ( 'NONE',  ( 0.6667994293296514200, 0.9999606299212596700, -0.8433818664531492800 ) ) ;
#2417 = CARTESIAN_POINT ( 'NONE',  ( 0.8872433008300487600, 1.000000000000000000, -0.8717910099948386100 ) ) ;
#2418 = CARTESIAN_POINT ( 'NONE',  ( 0.8604140238354764900, 0.9999606299212595600, -0.7959034908227862200 ) ) ;
#2419 = CARTESIAN_POINT ( 'NONE',  ( 0.6666638833839867400, 0.9999606299212597800, -0.4935097178467924300 ) ) ;
#2420 = CARTESIAN_POINT ( 'NONE',  ( 0.8878823194312205300, 0.9999606299212597800, -0.8643450320536171200 ) ) ;
#2421 = CARTESIAN_POINT ( 'NONE',  ( 0.9921259842519686300, 1.000000000000000000, -0.9921259842519685200 ) ) ;
#2422 = CARTESIAN_POINT ( 'NONE',  ( 0.7333325216210708800, 0.9999606299212597800, -0.8827781798554575900 ) ) ;
#2423 = ORIENTED_EDGE ( 'NONE', *, *, #3594, .T. ) ;
#2424 = ORIENTED_EDGE ( 'NONE', *, *, #2400, .T. ) ;
#2425 = CARTESIAN_POINT ( 'NONE',  ( 0.6554922597164457600, 1.000000000000000200, -0.8143243265443435000 ) ) ;
#2426 = ORIENTED_EDGE ( 'NONE', *, *, #2847, .F. ) ;
#2427 = PLANE ( 'NONE',  #2860 ) ;
#2428 = CARTESIAN_POINT ( 'NONE',  ( 0.6081430149964995900, 0.9999999999999996700, -0.8575622992191936900 ) ) ;
#2429 = ORIENTED_EDGE ( 'NONE', *, *, #4901, .F. ) ;
#2430 = EDGE_LOOP ( 'NONE', ( #2199, #14, #2866, #4793, #4988 ) ) ;
#2431 = CARTESIAN_POINT ( 'NONE',  ( 0.7360663521016060900, 1.000000000000000000, -0.8854706630791743200 ) ) ;
#2432 = CARTESIAN_POINT ( 'NONE',  ( 1.000000000000000200, 1.000000000000000000, -1.000000000000000200 ) ) ;
#2433 = CARTESIAN_POINT ( 'NONE',  ( 0.8719189673434483100, 0.9999999999999996700, -0.8875719145257998700 ) ) ;
#2434 = CARTESIAN_POINT ( 'NONE',  ( 0.6541985924895790100, 1.000000000000000000, -0.8484186114825773600 ) ) ;
#2435 = EDGE_CURVE ( 'NONE', #5123, #5065, #1795, .T. ) ;
#2436 = CARTESIAN_POINT ( 'NONE',  ( 0.8805773402918264400, 0.9999606299212596700, -0.8840912087177774700 ) ) ;
#2437 = EDGE_LOOP ( 'NONE', ( #5731, #140, #5695, #2772 ) ) ;
#2438 = CARTESIAN_POINT ( 'NONE',  ( 0.8458605391281902600, 0.9999606299212597800, -0.8192865215333755600 ) ) ;
#2439 = CARTESIAN_POINT ( 'NONE',  ( 0.6810512431395697700, 1.000000000000000000, -0.8067878793116768400 ) ) ;
#2440 = ORIENTED_EDGE ( 'NONE', *, *, #2104, .T. ) ;
#2441 = EDGE_CURVE ( 'NONE', #4856, #5265, #2293, .T. ) ;
#2442 = CARTESIAN_POINT ( 'NONE',  ( 0.8749797046774119300, 0.9999606299212598900, -0.8872126413494475500 ) ) ;
#2443 = CARTESIAN_POINT ( 'NONE',  ( 0.7027238499709933500, 1.000000000000000000, -0.8678742050087543400 ) ) ;
#2444 = CARTESIAN_POINT ( 'NONE',  ( 0.7518575336188239000, 0.9999999999999996700, -0.7961033752799653300 ) ) ;
#2445 = CARTESIAN_POINT ( 'NONE',  ( 0.7274446371132600200, 1.000000000000050200, -0.8664752834510141000 ) ) ;
#2446 = EDGE_CURVE ( 'NONE', #121, #4165, #3239, .T. ) ;
#2447 = CARTESIAN_POINT ( 'NONE',  ( 0.7266067218255157800, 1.000000000000000400, -0.8350735700142983800 ) ) ;
#2448 = CARTESIAN_POINT ( 'NONE',  ( 0.6097986619057440500, 1.000000000000000400, -0.8945766089075394300 ) ) ;
#2449 = CARTESIAN_POINT ( 'NONE',  ( 0.6721924002195728300, 1.000000000000000000, -0.8531419597657975400 ) ) ;
#2450 = VERTEX_POINT ( 'NONE', #2496 ) ;
#2451 = ADVANCED_FACE ( 'NONE', ( #5433 ), #54, .F. ) ;
#2452 = CARTESIAN_POINT ( 'NONE',  ( 0.7263611013914480500, 1.000000000000050200, -0.8462067245400045600 ) ) ;
#2453 = CARTESIAN_POINT ( 'NONE',  ( 0.6667994293296514200, 0.9999606299212597800, -0.8433818664531492800 ) ) ;
#2454 = VECTOR ( 'NONE', #5237, 39.37007874015748100 ) ;
#2455 = CARTESIAN_POINT ( 'NONE',  ( 0.6429624373243341100, 0.9999606299212596700, -0.8639607273413393300 ) ) ;
#2456 = LINE ( 'NONE', #528, #4943 ) ;
#2457 = CARTESIAN_POINT ( 'NONE',  ( 0.8724332113497621500, 1.000000000000000200, -0.8875505780064257800 ) ) ;
#2458 = LINE ( 'NONE', #597, #5100 ) ;
#2459 = ORIENTED_EDGE ( 'NONE', *, *, #3886, .T. ) ;
#2460 = CARTESIAN_POINT ( 'NONE',  ( 0.6991785979712671400, 0.9999606299212596700, -0.8051781656967271800 ) ) ;
#2461 = CARTESIAN_POINT ( 'NONE',  ( 0.6918560138355316400, 0.9999606299212597800, -0.8135101382745471000 ) ) ;
#2462 = CARTESIAN_POINT ( 'NONE',  ( 0.6264475034263850000, 0.9999606299212598900, -0.8297364255665729000 ) ) ;
#2463 = CARTESIAN_POINT ( 'NONE',  ( 0.6666638833839867400, 0.9999606299212597800, -0.5063097178467925700 ) ) ;
#2464 = CARTESIAN_POINT ( 'NONE',  ( 0.4549032392927833100, 0.9999606299212597800, -0.1495303742652009700 ) ) ;
#2465 = ORIENTED_EDGE ( 'NONE', *, *, #6197, .T. ) ;
#2466 = ORIENTED_EDGE ( 'NONE', *, *, #2514, .F. ) ;
#2467 = VECTOR ( 'NONE', #4125, 39.37007874015748100 ) ;
#2468 = ORIENTED_EDGE ( 'NONE', *, *, #5192, .F. ) ;
#2469 = CARTESIAN_POINT ( 'NONE',  ( 0.7412405716125948200, 1.000000000000000000, -0.8048968501197235600 ) ) ;
#2470 = VECTOR ( 'NONE', #4282, 39.37007874015748100 ) ;
#2471 = CARTESIAN_POINT ( 'NONE',  ( 1.000000000000000000, 0.007874015748031721500, -2.731847993664263200E-016 ) ) ;
#2472 = ORIENTED_EDGE ( 'NONE', *, *, #190, .F. ) ;
#2473 = CARTESIAN_POINT ( 'NONE',  ( 0.6063692209167793600, 0.9999606299212597800, -0.8087400395627908400 ) ) ;
#2474 = CARTESIAN_POINT ( 'NONE',  ( 0.6134782186329420500, 0.9999606299212597800, -0.7990323723130885500 ) ) ;
#2475 = LINE ( 'NONE', #85, #6300 ) ;
#2476 = CARTESIAN_POINT ( 'NONE',  ( 0.2838299188446100100, 0.9999606299212597800, -0.5451302592941684700 ) ) ;
#2477 = CARTESIAN_POINT ( 'NONE',  ( 0.6429624373243341100, 0.9999606299212597800, -0.8639607273413393300 ) ) ;
#2478 = CARTESIAN_POINT ( 'NONE',  ( 0.7027238499709933500, 1.000000000000000000, -0.8678742050087543400 ) ) ;
#2479 = FACE_OUTER_BOUND ( 'NONE', #5377, .T. ) ;
#2480 = ADVANCED_FACE ( 'NONE', ( #4115 ), #4495, .T. ) ;
#2481 = EDGE_CURVE ( 'NONE', #221, #1733, #2561, .T. ) ;
#2482 = EDGE_CURVE ( 'NONE', #5240, #5401, #2787, .T. ) ;
#2483 = CARTESIAN_POINT ( 'NONE',  ( 0.6781463488561152400, 0.9999999999999998900, -0.7944506803611857100 ) ) ;
#2484 = CARTESIAN_POINT ( 'NONE',  ( 0.6948292777281017700, 1.000000000000000000, -0.8228423537954222500 ) ) ;
#2485 = ADVANCED_FACE ( 'NONE', ( #186 ), #3004, .T. ) ;
#2486 = DIRECTION ( 'NONE',  ( -0.7071067811865474600, -0.0000000000000000000, -0.7071067811865474600 ) ) ;
#2487 = CARTESIAN_POINT ( 'NONE',  ( 0.8626894494160729500, 1.000000000000000000, -0.8069971604516439400 ) ) ;
#2488 = CARTESIAN_POINT ( 'NONE',  ( 0.6571178570995059900, 0.9999999999999998900, -0.8588834026972168600 ) ) ;
#2489 = CC_DESIGN_SECURITY_CLASSIFICATION ( #845, ( #5619 ) ) ;
#2490 = CARTESIAN_POINT ( 'NONE',  ( 0.6760667284009762600, 0.9999606299212597800, -0.8979543040041245700 ) ) ;
#2491 = DIRECTION ( 'NONE',  ( 0.0000000000000000000, -3.406370882347437300E-012, 1.000000000000000000 ) ) ;
#2492 = CARTESIAN_POINT ( 'NONE',  ( 0.8829339715361261800, 1.000000000000000200, -0.8941740398001999400 ) ) ;
#2493 = ORIENTED_EDGE ( 'NONE', *, *, #882, .T. ) ;
#2494 = ORIENTED_EDGE ( 'NONE', *, *, #3849, .F. ) ;
#2495 = CARTESIAN_POINT ( 'NONE',  ( 0.5648398833516751200, 0.9999606299212597800, -0.7956492701129210800 ) ) ;
#2496 = CARTESIAN_POINT ( 'NONE',  ( 0.007874015748031582700, 0.0000000000000000000, -0.9921259842519684100 ) ) ;
#2497 = ORIENTED_EDGE ( 'NONE', *, *, #3208, .F. ) ;
#2498 = CARTESIAN_POINT ( 'NONE',  ( 0.7534422746470170700, 0.9999999999999995600, -0.8954610186341931400 ) ) ;
#2499 = CARTESIAN_POINT ( 'NONE',  ( 0.6137369411789555000, 1.000000000000000000, -0.8351509932086206300 ) ) ;
#2500 = CARTESIAN_POINT ( 'NONE',  ( 0.8569233365942267000, 0.9999606299212598900, -0.8524886235762768600 ) ) ;
#2501 = ORIENTED_EDGE ( 'NONE', *, *, #1002, .F. ) ;
#2502 = CARTESIAN_POINT ( 'NONE',  ( 0.6528577955478694900, 0.9999999999999998900, -0.8690879721924490400 ) ) ;
#2503 = CARTESIAN_POINT ( 'NONE',  ( 0.5961920709996391100, 1.000000000000000000, -0.8967641789670877100 ) ) ;
#2504 = CARTESIAN_POINT ( 'NONE',  ( 0.7424065272688745700, 0.9999606299212597800, -0.8875719145257998700 ) ) ;
#2505 = ADVANCED_FACE ( 'NONE', ( #5281 ), #3026, .F. ) ;
#2506 = CARTESIAN_POINT ( 'NONE',  ( 0.8945395083202235500, 0.9999606299212602200, -0.8166313589651411600 ) ) ;
#2507 = CARTESIAN_POINT ( 'NONE',  ( 0.7521545621976378800, 0.9999606299212507900, -0.8096223561691313600 ) ) ;
#2508 = CARTESIAN_POINT ( 'NONE',  ( 0.8077783007285690400, 1.000000000000000000, -0.7956492701129210800 ) ) ;
#2509 = ORIENTED_EDGE ( 'NONE', *, *, #6193, .T. ) ;
#2510 = CARTESIAN_POINT ( 'NONE',  ( 0.5959663680780896700, 1.000000000000000000, -0.7956492701129210800 ) ) ;
#2511 = CARTESIAN_POINT ( 'NONE',  ( 0.8975256712784213100, 0.9999999999999998900, -0.8655727273130706700 ) ) ;
#2512 = EDGE_CURVE ( 'NONE', #1547, #3193, #341, .T. ) ;
#2513 = CARTESIAN_POINT ( 'NONE',  ( 0.6966027912217243000, 0.9999606299212597800, -0.8022954718073103100 ) ) ;
#2514 = EDGE_CURVE ( 'NONE', #2965, #1815, #3951, .T. ) ;
#2515 = VERTEX_POINT ( 'NONE', #3526 ) ;
#2516 = CARTESIAN_POINT ( 'NONE',  ( 0.6036040513317667600, 1.000000000000000200, -0.8421973157948771100 ) ) ;
#2517 = CARTESIAN_POINT ( 'NONE',  ( 0.5938940048893172100, 1.000000000000000000, -0.8547423986640573200 ) ) ;
#2518 = CARTESIAN_POINT ( 'NONE',  ( 0.5753453284274326900, 0.9999606299212597800, -0.8429237729538301400 ) ) ;
#2519 = CARTESIAN_POINT ( 'NONE',  ( 0.5947147427858607800, 1.000000000000000000, -0.8429237729538301400 ) ) ;
#2520 = DIRECTION ( 'NONE',  ( 0.4832823832550002300, -0.0000000000000000000, 0.8754645270000190900 ) ) ;
#2521 = CARTESIAN_POINT ( 'NONE',  ( 0.8577491969635419000, 1.000000000000000000, -0.8345251062815071100 ) ) ;
#2522 = APPROVAL_PERSON_ORGANIZATION ( #3847, #5954, #387 ) ;
#2523 = CARTESIAN_POINT ( 'NONE',  ( 0.8749941937594063500, 0.9999606299212596700, -0.7950733952401736200 ) ) ;
#2524 = CARTESIAN_POINT ( 'NONE',  ( 0.7581023423194213100, 1.000000000000000200, -0.8259323101431755900 ) ) ;
#2525 = ORIENTED_EDGE ( 'NONE', *, *, #2642, .F. ) ;
#2526 = VECTOR ( 'NONE', #6218, 39.37007874015748100 ) ;
#2527 = CARTESIAN_POINT ( 'NONE',  ( 0.8779971081264639200, 0.9999606299212598900, -0.8430530991514039200 ) ) ;
#2528 = CARTESIAN_POINT ( 'NONE',  ( 0.6629378324549066700, 0.9999606299212595600, -0.7955665980346918700 ) ) ;
#2529 = EDGE_LOOP ( 'NONE', ( #2696, #1569, #1159, #6356 ) ) ;
#2530 = CARTESIAN_POINT ( 'NONE',  ( 0.6423175407853872800, 0.9999606299212597800, -0.8703774555932122200 ) ) ;
#2531 = CARTESIAN_POINT ( 'NONE',  ( 0.6133420475150623800, 0.9999999999999998900, -0.8721963385797724100 ) ) ;
#2532 = VECTOR ( 'NONE', #6109, 39.37007874015748900 ) ;
#2533 = VECTOR ( 'NONE', #6040, 39.37007874015748100 ) ;
#2534 = CARTESIAN_POINT ( 'NONE',  ( 0.6423175407853872800, 1.000000000000000000, -0.8703774555932122200 ) ) ;
#2535 = CARTESIAN_POINT ( 'NONE',  ( 0.005567769930602744400, 0.007874015748031721500, -1.000000000000000000 ) ) ;
#2536 = ADVANCED_FACE ( 'NONE', ( #1469 ), #5543, .T. ) ;
#2537 = DIRECTION ( 'NONE',  ( 0.5773502691896359500, -0.5773502691896156300, -0.5773502691896257300 ) ) ;
#2538 = LINE ( 'NONE', #4475, #3867 ) ;
#2539 = ORIENTED_EDGE ( 'NONE', *, *, #5615, .F. ) ;
#2540 = CARTESIAN_POINT ( 'NONE',  ( 0.6909862427969607500, 0.9999606299212597800, -0.8473353192709537400 ) ) ;
#2541 = FACE_OUTER_BOUND ( 'NONE', #3558, .T. ) ;
#2542 = CARTESIAN_POINT ( 'NONE',  ( 0.6903797008186163300, 1.000000000000000200, -0.8752796492165058100 ) ) ;
#2543 = CARTESIAN_POINT ( 'NONE',  ( 0.5947147427858607800, 0.9999606299212597800, -0.8429237729538301400 ) ) ;
#2544 = CARTESIAN_POINT ( 'NONE',  ( 0.6941138401241953000, 0.9999606299212598900, -0.8181077542257113600 ) ) ;
#2545 = CARTESIAN_POINT ( 'NONE',  ( 0.8463431034029369500, 0.9999606299212595600, -0.8504038714374349000 ) ) ;
#2546 = EDGE_LOOP ( 'NONE', ( #6397, #3797, #585, #4629 ) ) ;
#2547 = FACE_OUTER_BOUND ( 'NONE', #312, .T. ) ;
#2548 = CARTESIAN_POINT ( 'NONE',  ( 0.9921259842519686300, 0.007874015748031721500, -2.582993871724054900E-017 ) ) ;
#2549 = CARTESIAN_POINT ( 'NONE',  ( 0.8878823194312205300, 0.9999606299212597800, -0.8643450320536171200 ) ) ;
#2550 = CARTESIAN_POINT ( 'NONE',  ( 0.6397463830742740100, 0.9999606299212596700, -0.8271982675647616700 ) ) ;
#2551 = EDGE_CURVE ( 'NONE', #4925, #4604, #5125, .T. ) ;
#2552 = VERTEX_POINT ( 'NONE', #4535 ) ;
#2553 = DIRECTION ( 'NONE',  ( 1.000000000000000000, 0.0000000000000000000, -0.0000000000000000000 ) ) ;
#2554 = VECTOR ( 'NONE', #4619, 39.37007874015748900 ) ;
#2555 = CARTESIAN_POINT ( 'NONE',  ( 0.6057464946910009500, 0.9999606299212596700, -0.8834899796316664200 ) ) ;
#2556 = CARTESIAN_POINT ( 'NONE',  ( 0.8852305445327907100, 1.000000000000000400, -0.8386033981520586400 ) ) ;
#2557 = CARTESIAN_POINT ( 'NONE',  ( 0.8759276649923110100, 0.9999606299212598900, -0.8973875939917354000 ) ) ;
#2559 = EDGE_CURVE ( 'NONE', #5593, #5366, #3798, .T. ) ;
#2558 = B_SPLINE_CURVE_WITH_KNOTS ( 'NONE', 3,
 ( #106, #2540, #593, #4041, #1079, #4536, #1570, #5043, #2064, #5544, #2563 ),
 .UNSPECIFIED., .F., .F.,
 ( 4, 1, 1, 1, 1, 1, 1, 1, 4 ),
 ( 0.0000000000000000000, 0.1337850715093809600, 0.2593853989987144300, 0.3808217004101771000, 0.4995309368699223400, 0.6183575741441208500, 0.7398956903217179800, 0.8662956414442503100, 1.000000000000000000 ),
 .UNSPECIFIED. ) ;
#2560 = DIRECTION ( 'NONE',  ( -2.480795431559006800E-016, 0.0000000000000000000, 1.000000000000000000 ) ) ;
#2561 = B_SPLINE_CURVE_WITH_KNOTS ( 'NONE', 3,
 ( #2517, #5496, #76, #3507, #573, #4017, #1053 ),
 .UNSPECIFIED., .F., .F.,
 ( 4, 1, 1, 1, 4 ),
 ( 0.0000000000000000000, 0.3231090798450160800, 0.5974912675160265500, 0.8217859227818740100, 1.000000000000000000 ),
 .UNSPECIFIED. ) ;
#2562 = EDGE_CURVE ( 'NONE', #4223, #5123, #2626, .T. ) ;
#2563 = CARTESIAN_POINT ( 'NONE',  ( 0.7053502112399326900, 0.9999606299212597800, -0.8237800615169516000 ) ) ;
#2564 = CARTESIAN_POINT ( 'NONE',  ( 0.6818987188424374700, 0.9999606299212596700, -0.8844092799218463700 ) ) ;
#2565 = CARTESIAN_POINT ( 'NONE',  ( 0.6849701813840529700, 0.9999606299212605600, -0.8825716328183858000 ) ) ;
#2566 = CARTESIAN_POINT ( 'NONE',  ( 0.6695865573980470700, 1.000000000000000000, -0.8425954777952127100 ) ) ;
#2567 = VERTEX_POINT ( 'NONE', #5567 ) ;
#2568 = CARTESIAN_POINT ( 'NONE',  ( 0.8770370108623307700, 0.9999606299212593400, -0.8067776437432414600 ) ) ;
#2569 = CARTESIAN_POINT ( 'NONE',  ( 0.6676423017079092800, 0.9999999999999995600, -0.8859914549744271100 ) ) ;
#2570 = ADVANCED_FACE ( 'NONE', ( #2479 ), #1062, .T. ) ;
#2571 = CARTESIAN_POINT ( 'NONE',  ( 0.6238988370021716400, 1.000000000000000000, -0.8702246535228015400 ) ) ;
#2572 = CARTESIAN_POINT ( 'NONE',  ( 0.7232586766456732300, 0.9999999999999996700, -0.8060140532822603900 ) ) ;
#2573 = CARTESIAN_POINT ( 'NONE',  ( 0.7344188488568587100, 1.000000000000000000, -0.7959212968753427400 ) ) ;
#2574 = CARTESIAN_POINT ( 'NONE',  ( 0.5967878168879028300, 1.000000000000000000, -0.8848708274553867000 ) ) ;
#2575 = CARTESIAN_POINT ( 'NONE',  ( 0.8693746798641631700, 0.9999606299212597800, -0.8311051472436028500 ) ) ;
#2576 = ORIENTED_EDGE ( 'NONE', *, *, #2109, .F. ) ;
#2577 = CARTESIAN_POINT ( 'NONE',  ( 0.8948213934438620200, 0.9999606299212598900, -0.8777854009231596000 ) ) ;
#2578 = ORIENTED_EDGE ( 'NONE', *, *, #4055, .F. ) ;
#2579 = DIRECTION ( 'NONE',  ( -0.0000000000000000000, 1.000000000000000000, -0.0000000000000000000 ) ) ;
#2580 = CARTESIAN_POINT ( 'NONE',  ( 0.7370582341039939600, 0.9999606299212596700, -0.7949861067070274100 ) ) ;
#2581 = CARTESIAN_POINT ( 'NONE',  ( 0.6720077341928506500, 1.000000000000000000, -0.8862587338913301400 ) ) ;
#2582 = DIRECTION ( 'NONE',  ( 0.6512707515841280600, 0.0000000000000000000, -0.7588454441657042100 ) ) ;
#2583 = CARTESIAN_POINT ( 'NONE',  ( 0.7591360832213890400, 1.000000000000000200, -0.8519533531749766700 ) ) ;
#2584 = CARTESIAN_POINT ( 'NONE',  ( 0.6483487803491907500, 1.000000000000000000, -0.8532664956565071400 ) ) ;
#2585 = CARTESIAN_POINT ( 'NONE',  ( 0.8837718579538483800, 1.000000000000000200, -0.8148346871430812700 ) ) ;
#2586 = CARTESIAN_POINT ( 'NONE',  ( 0.6565662501098177300, 0.9999606299212601100, -0.8806209250887124800 ) ) ;
#2587 = ORIENTED_EDGE ( 'NONE', *, *, #2884, .F. ) ;
#2588 = CARTESIAN_POINT ( 'NONE',  ( 0.8557209551102361600, 0.9999999999999998900, -0.8564626415467999600 ) ) ;
#2589 = CARTESIAN_POINT ( 'NONE',  ( 0.8656768300133385100, 0.9999606299212597800, -0.8859286040094943600 ) ) ;
#2590 = CARTESIAN_POINT ( 'NONE',  ( 0.6152247764056093500, 0.9999606299212597800, -0.8518704391174831700 ) ) ;
#2591 = CARTESIAN_POINT ( 'NONE',  ( 0.005567769930602880500, 1.000000000000012200, -0.9921259842519560800 ) ) ;
#2592 = CARTESIAN_POINT ( 'NONE',  ( 0.7199732167285990400, 0.9999606299212602200, -0.8129637500543227500 ) ) ;
#2593 = EDGE_CURVE ( 'NONE', #1421, #3266, #2334, .T. ) ;
#2594 = CARTESIAN_POINT ( 'NONE',  ( 0.6897561912056050500, 1.000000000000000000, -0.8479302741227458000 ) ) ;
#2595 = EDGE_CURVE ( 'NONE', #6390, #6075, #6149, .T. ) ;
#2596 = CARTESIAN_POINT ( 'NONE',  ( 0.5947147427858607800, 1.000000000000000000, -0.8429237729538301400 ) ) ;
#2597 = ADVANCED_FACE ( 'NONE', ( #1018 ), #3206, .T. ) ;
#2598 = CARTESIAN_POINT ( 'NONE',  ( 0.7510174268784227700, 0.9999606299212603400, -0.8966395703223569700 ) ) ;
#2599 = LINE ( 'NONE', #5686, #5092 ) ;
#2600 = CARTESIAN_POINT ( 'NONE',  ( 0.7159220089900183400, 0.9999606299212597800, -0.8394653487315413300 ) ) ;
#2601 = CARTESIAN_POINT ( 'NONE',  ( 0.8983548744894696000, 1.000000000000000200, -0.8440917723004310900 ) ) ;
#2602 = CARTESIAN_POINT ( 'NONE',  ( 0.6467583054170489300, 0.9999606299212596700, -0.8862016335510632900 ) ) ;
#2603 = CARTESIAN_POINT ( 'NONE',  ( 0.7546068049770559000, 0.9999606299212596700, -0.8791645328601764800 ) ) ;
#2604 = CARTESIAN_POINT ( 'NONE',  ( 0.6027434938811868600, 0.9999606299212601100, -0.8963736130301895900 ) ) ;
#2605 = VECTOR ( 'NONE', #5389, 39.37007874015748100 ) ;
#2606 = CARTESIAN_POINT ( 'NONE',  ( 0.8888736969906452200, 0.9999606299212597800, -0.8395505741047274400 ) ) ;
#2607 = FACE_OUTER_BOUND ( 'NONE', #5160, .T. ) ;
#2608 = CARTESIAN_POINT ( 'NONE',  ( 0.6528735474437816800, 0.9999999999999996700, -0.8718543551348596500 ) ) ;
#2609 = VERTEX_POINT ( 'NONE', #3618 ) ;
#2610 = CARTESIAN_POINT ( 'NONE',  ( 0.8624786231030671100, 0.9999606299212597800, -0.8448970990112484300 ) ) ;
#2611 = CARTESIAN_POINT ( 'NONE',  ( 0.8550528035694782100, 0.9999606299212597800, -0.8633191096829375700 ) ) ;
#2612 = ORIENTED_EDGE ( 'NONE', *, *, #2193, .T. ) ;
#2613 = LINE ( 'NONE', #160, #13 ) ;
#2614 = CARTESIAN_POINT ( 'NONE',  ( 0.7159047316127144000, 0.9999606299212602200, -0.8522433446504831300 ) ) ;
#2615 = CARTESIAN_POINT ( 'NONE',  ( 0.6564390086918614500, 1.000000000000000200, -0.8595603383730281400 ) ) ;
#2616 = FACE_OUTER_BOUND ( 'NONE', #4285, .T. ) ;
#2617 = CARTESIAN_POINT ( 'NONE',  ( 0.7158783515833033700, 1.000000000000000000, -0.8438739038356646300 ) ) ;
#2618 = ORIENTED_EDGE ( 'NONE', *, *, #1402, .F. ) ;
#2619 = CARTESIAN_POINT ( 'NONE',  ( 0.6540264959238936100, 0.9999999999999998900, -0.7994536813393348100 ) ) ;
#2620 = LINE ( 'NONE', #2504, #5276 ) ;
#2621 = CARTESIAN_POINT ( 'NONE',  ( 0.7614476464686851200, 1.000000000000000000, -0.8874077669464911500 ) ) ;
#2622 = CARTESIAN_POINT ( 'NONE',  ( 0.7556985537884063400, 0.9999999999999998900, -0.8767653454023955900 ) ) ;
#2623 = CARTESIAN_POINT ( 'NONE',  ( 0.8945395083202235500, 0.9999606299212602200, -0.8166313589651411600 ) ) ;
#2624 = VERTEX_POINT ( 'NONE', #102 ) ;
#2625 = CARTESIAN_POINT ( 'NONE',  ( 0.8693746798641631700, 0.9999606299212597800, -0.8311051472436028500 ) ) ;
#2626 = LINE ( 'NONE', #6076, #1167 ) ;
#2627 = CARTESIAN_POINT ( 'NONE',  ( 0.7459646485804020100, 1.000000000000000000, -0.8871048118778363000 ) ) ;
#2628 = CARTESIAN_POINT ( 'NONE',  ( 0.6238899254552918700, 0.9999606299212597800, -0.8725554945349725000 ) ) ;
#2629 = CARTESIAN_POINT ( 'NONE',  ( 0.6944037785505704500, 0.9999999999999996700, -0.8276739361851062100 ) ) ;
#2630 = DIRECTION ( 'NONE',  ( -1.000000000000000000, 0.0000000000000000000, 2.220446049250312600E-016 ) ) ;
#2631 = ORIENTED_EDGE ( 'NONE', *, *, #6071, .T. ) ;
#2632 = CARTESIAN_POINT ( 'NONE',  ( 0.8711513989639605400, 1.000000000000000000, -0.8416219375197360200 ) ) ;
#2633 = CARTESIAN_POINT ( 'NONE',  ( 0.6917738535430196800, 1.000000000000000000, -0.8329776941244587700 ) ) ;
#2634 = VERTEX_POINT ( 'NONE', #2535 ) ;
#2635 = CARTESIAN_POINT ( 'NONE',  ( 0.7365920124911254900, 0.9999606299212597800, -0.8973380169243043700 ) ) ;
#2636 = CARTESIAN_POINT ( 'NONE',  ( 0.6692230480767885600, 0.9999606299212602200, -0.8538745844429825900 ) ) ;
#2637 = EDGE_CURVE ( 'NONE', #2567, #5300, #874, .T. ) ;
#2638 = CARTESIAN_POINT ( 'NONE',  ( 0.8614607148815626200, 1.000000000000000200, -0.8824926620421138500 ) ) ;
#2639 = CARTESIAN_POINT ( 'NONE',  ( 0.7159047316127144000, 1.000000000000000400, -0.8522433446504831300 ) ) ;
#2640 = CARTESIAN_POINT ( 'NONE',  ( 0.6042353023857660600, 0.9999606299212597800, -0.8557067656924960400 ) ) ;
#2641 = CARTESIAN_POINT ( 'NONE',  ( 0.7544996343443635100, 0.9999606299212598900, -0.7975905221162195000 ) ) ;
#2642 = EDGE_CURVE ( 'NONE', #5548, #1356, #3428, .T. ) ;
#2643 = CARTESIAN_POINT ( 'NONE',  ( 0.6159856700745780500, 0.9999999999999998900, -0.8280113431410876000 ) ) ;
#2644 = ORIENTED_EDGE ( 'NONE', *, *, #512, .F. ) ;
#2645 = CARTESIAN_POINT ( 'NONE',  ( 0.8871290410320776800, 1.000000000000000000, -0.8027318455809316900 ) ) ;
#2646 = CARTESIAN_POINT ( 'NONE',  ( 0.6042353023857660600, 0.9999606299210462800, -0.8557067656924960400 ) ) ;
#2647 = ORIENTED_EDGE ( 'NONE', *, *, #145, .F. ) ;
#2648 = DIRECTION ( 'NONE',  ( 0.0000000000000000000, 0.0000000000000000000, -1.000000000000000000 ) ) ;
#2649 = CARTESIAN_POINT ( 'NONE',  ( 0.6597812407663447000, 1.000000000000000200, -0.7965733055091007700 ) ) ;
#2650 = CARTESIAN_POINT ( 'NONE',  ( 0.6856505447569026800, 0.9999606299212597800, -0.8374305855362915700 ) ) ;
#2651 = CARTESIAN_POINT ( 'NONE',  ( 0.8669035678052048300, 0.9999999999999998900, -0.8311889652298092300 ) ) ;
#2652 = ORIENTED_EDGE ( 'NONE', *, *, #1033, .F. ) ;
#2653 = CARTESIAN_POINT ( 'NONE',  ( 0.6620560389368688200, 1.000000000000000200, -0.8845346177098286600 ) ) ;
#2654 = ORIENTED_EDGE ( 'NONE', *, *, #2104, .F. ) ;
#2655 = CARTESIAN_POINT ( 'NONE',  ( 0.6909862427969607500, 1.000000000000000000, -0.8473353192709537400 ) ) ;
#2656 = CARTESIAN_POINT ( 'NONE',  ( 0.8592405835927318100, 1.000000000000000000, -0.8110383982222855200 ) ) ;
#2657 = PLANE ( 'NONE',  #5399 ) ;
#2658 = ORIENTED_EDGE ( 'NONE', *, *, #3554, .T. ) ;
#2659 = CARTESIAN_POINT ( 'NONE',  ( 0.9921259842519683000, 0.0000000000000000000, -0.007874015748031721500 ) ) ;
#2660 = CARTESIAN_POINT ( 'NONE',  ( 0.7365920124911254900, 1.000000000000000000, -0.8973380169243043700 ) ) ;
#2661 = CARTESIAN_POINT ( 'NONE',  ( 0.7876491365589504100, 1.000000000000000200, -0.8604139883651464900 ) ) ;
#2662 = ORIENTED_EDGE ( 'NONE', *, *, #4237, .F. ) ;
#2663 = DIRECTION ( 'NONE',  ( 0.5773502691896225100, -0.5773502691896325000, 0.5773502691896224000 ) ) ;
#2664 = ORIENTED_EDGE ( 'NONE', *, *, #4389, .T. ) ;
#2665 = ORIENTED_EDGE ( 'NONE', *, *, #510, .F. ) ;
#2666 = CARTESIAN_POINT ( 'NONE',  ( 0.6109570522165582700, 0.9999606299212596700, -0.8386984965890009700 ) ) ;
#2667 = CARTESIAN_POINT ( 'NONE',  ( 0.8749941937594063500, 0.9999606299212596700, -0.7950733952401736200 ) ) ;
#2668 = ORIENTED_EDGE ( 'NONE', *, *, #4277, .F. ) ;
#2669 = CARTESIAN_POINT ( 'NONE',  ( 0.6245619768882266800, 0.9999999999999998900, -0.8126857596289045500 ) ) ;
#2670 = CARTESIAN_POINT ( 'NONE',  ( 0.6434844230053367000, 0.9999606299212601100, -0.8113457884023427300 ) ) ;
#2671 = CARTESIAN_POINT ( 'NONE',  ( 0.6726770790721869900, 1.000000000000000200, -0.8417477499045265000 ) ) ;
#2672 = CARTESIAN_POINT ( 'NONE',  ( 0.8449471482685631000, 0.9999999999999998900, -0.8568657517429785200 ) ) ;
#2673 = CARTESIAN_POINT ( 'NONE',  ( 0.5648398833516751200, 1.000000000000000000, -0.8967641789670877100 ) ) ;
#2674 = CARTESIAN_POINT ( 'NONE',  ( 0.6965502124936393500, 1.000000000000000000, -0.8439207357582896300 ) ) ;
#2675 = COORDINATED_UNIVERSAL_TIME_OFFSET ( 5, 0, .BEHIND. ) ;
#2676 = CARTESIAN_POINT ( 'NONE',  ( 0.8717224288142855200, 0.9999606299212597800, -0.4935097178467924300 ) ) ;
#2677 = AXIS2_PLACEMENT_3D ( 'NONE', #2476, #5961, #2956 ) ;
#2678 = CARTESIAN_POINT ( 'NONE',  ( 0.6856505447569026800, 0.9999606299212597800, -0.8374305855362915700 ) ) ;
#2679 = CARTESIAN_POINT ( 'NONE',  ( 0.7013674529451978700, 1.000000000000000200, -0.8084278319214405200 ) ) ;
#2680 = EDGE_CURVE ( 'NONE', #3048, #1761, #4659, .T. ) ;
#2681 = LINE ( 'NONE', #1045, #4002 ) ;
#2682 = ORIENTED_EDGE ( 'NONE', *, *, #1739, .T. ) ;
#2683 = VECTOR ( 'NONE', #4544, 39.37007874015748100 ) ;
#2684 = CARTESIAN_POINT ( 'NONE',  ( 0.6133617066099532600, 0.9999999999999998900, -0.8670142080286360500 ) ) ;
#2685 = EDGE_LOOP ( 'NONE', ( #4045, #273, #3104 ) ) ;
#2686 = CARTESIAN_POINT ( 'NONE',  ( 0.6134048711101943700, 0.9999606299212598900, -0.8687612440302430200 ) ) ;
#2687 = EDGE_CURVE ( 'NONE', #3595, #1564, #1736, .T. ) ;
#2688 = CARTESIAN_POINT ( 'NONE',  ( 0.7651648956017771400, 0.9999999999999998900, -0.8799065246020861800 ) ) ;
#2689 = ORIENTED_EDGE ( 'NONE', *, *, #3636, .F. ) ;
#2690 = FACE_OUTER_BOUND ( 'NONE', #3191, .T. ) ;
#2691 = CARTESIAN_POINT ( 'NONE',  ( 0.6245816421447770700, 0.9999606299212601100, -0.8376960267611269800 ) ) ;
#2692 = LINE ( 'NONE', #3544, #6366 ) ;
#2693 = CARTESIAN_POINT ( 'NONE',  ( 0.8996638833839867300, 1.000000000000000000, -0.5027132611538789300 ) ) ;
#2694 = CARTESIAN_POINT ( 'NONE',  ( 0.6095487823076821700, 0.9999606299212598900, -0.7973932226950694000 ) ) ;
#2695 = CARTESIAN_POINT ( 'NONE',  ( 0.6396911795164478300, 1.000000000000000000, -0.8284787859746635100 ) ) ;
#2696 = ORIENTED_EDGE ( 'NONE', *, *, #4560, .T. ) ;
#2697 = CARTESIAN_POINT ( 'NONE',  ( 2.731847993664263200E-016, 0.0000000000000000000, -1.000000000000000000 ) ) ;
#2698 = VECTOR ( 'NONE', #4962, 39.37007874015748100 ) ;
#2699 = CARTESIAN_POINT ( 'NONE',  ( 0.8820323359455147800, 0.9999606299212597800, -0.8117266702710795900 ) ) ;
#2700 = ORIENTED_EDGE ( 'NONE', *, *, #188, .T. ) ;
#2701 = VECTOR ( 'NONE', #2949, 39.37007874015748100 ) ;
#2702 = CARTESIAN_POINT ( 'NONE',  ( 0.6546985922710466500, 0.9999606299212596700, -0.8780451667832142000 ) ) ;
#2703 = DIRECTION ( 'NONE',  ( -0.0000000000000000000, 1.000000000000000000, -0.0000000000000000000 ) ) ;
#2704 = CARTESIAN_POINT ( 'NONE',  ( 0.8682586154378686400, 0.9999999999999998900, -0.7943542930343987500 ) ) ;
#2705 = CARTESIAN_POINT ( 'NONE',  ( 0.8777300066325111100, 0.9999606299212593400, -0.8968301365384286900 ) ) ;
#2706 = ORIENTED_EDGE ( 'NONE', *, *, #6368, .F. ) ;
#2707 = VECTOR ( 'NONE', #1973, 39.37007874015748100 ) ;
#2708 = CARTESIAN_POINT ( 'NONE',  ( 0.7494138916855571700, 0.9999606299212597800, -0.8069378428933818800 ) ) ;
#2709 = CARTESIAN_POINT ( 'NONE',  ( 0.8550528035694782100, 1.000000000000000000, -0.8633191096829375700 ) ) ;
#2710 = CARTESIAN_POINT ( 'NONE',  ( 0.7696960623289479400, 0.9999606299212596700, -0.8461656876451773000 ) ) ;
#2711 = LINE ( 'NONE', #4119, #5207 ) ;
#2712 = CARTESIAN_POINT ( 'NONE',  ( 0.6122624111698963300, 1.000000000000000200, -0.8767169941165179300 ) ) ;
#2713 = CARTESIAN_POINT ( 'NONE',  ( 0.8693746798641631700, 0.9999606299212597800, -0.8311051472436028500 ) ) ;
#2714 = CARTESIAN_POINT ( 'NONE',  ( 0.7269702041957883900, 1.000000000000049700, -0.8301864426320130200 ) ) ;
#2715 = CARTESIAN_POINT ( 'NONE',  ( 0.5968421702008905900, 1.000000000000000000, -0.7956527238933689400 ) ) ;
#2716 = DIRECTION ( 'NONE',  ( 1.840948137082083400E-017, -0.7071067811865413600, 0.7071067811865536800 ) ) ;
#2717 = ORIENTED_EDGE ( 'NONE', *, *, #2562, .F. ) ;
#2718 = CARTESIAN_POINT ( 'NONE',  ( 0.6666638833839867400, 0.9999606299212597800, -0.4935097178467924300 ) ) ;
#2719 = CARTESIAN_POINT ( 'NONE',  ( 0.7520742415974524000, 0.9999606299212596700, -0.8828687044280746400 ) ) ;
#2720 = ORIENTED_EDGE ( 'NONE', *, *, #1249, .F. ) ;
#2721 = EDGE_CURVE ( 'NONE', #3659, #108, #5685, .T. ) ;
#2722 = CARTESIAN_POINT ( 'NONE',  ( 0.8549522685632576800, 0.9999606299212595600, -0.7992292962084121000 ) ) ;
#2723 = CARTESIAN_POINT ( 'NONE',  ( 0.8877076292224092000, 0.9999999999999996700, -0.8900863982673716800 ) ) ;
#2724 = ORIENTED_EDGE ( 'NONE', *, *, #4906, .F. ) ;
#2725 = EDGE_CURVE ( 'NONE', #5240, #2355, #3473, .T. ) ;
#2726 = CARTESIAN_POINT ( 'NONE',  ( 0.8832173315651835600, 1.000000000000000400, -0.8475413968131990700 ) ) ;
#2727 = DIRECTION ( 'NONE',  ( -0.0000000000000000000, 1.000000000000000000, -0.0000000000000000000 ) ) ;
#2728 = CARTESIAN_POINT ( 'NONE',  ( 0.7591906172531902600, 0.9999606299212597800, -0.8462067245400044500 ) ) ;
#2729 = CARTESIAN_POINT ( 'NONE',  ( 0.8638836846786502900, 1.000000000000000200, -0.8438964057220322800 ) ) ;
#2730 = VERTEX_POINT ( 'NONE', #4653 ) ;
#2731 = CARTESIAN_POINT ( 'NONE',  ( 0.6940662209972188200, 1.000000000000000200, -0.8900337032566461000 ) ) ;
#2732 = ORIENTED_EDGE ( 'NONE', *, *, #5095, .T. ) ;
#2733 = CARTESIAN_POINT ( 'NONE',  ( 0.5932853628322980500, 0.9999999999999996700, -0.8849421752731047000 ) ) ;
#2734 = CARTESIAN_POINT ( 'NONE',  ( 0.8501120674231729100, 0.9999606299212595600, -0.8422125120655347100 ) ) ;
#2735 = CARTESIAN_POINT ( 'NONE',  ( 0.7334937792190374700, 0.9999606299212507900, -0.8095723855014053100 ) ) ;
#2736 = CARTESIAN_POINT ( 'NONE',  ( 0.7298464031266743700, 0.9999606299212598900, -0.8156724819112085600 ) ) ;
#2737 = CARTESIAN_POINT ( 'NONE',  ( 0.6538098077780515300, 0.9999606299212597800, -0.8165978710663375200 ) ) ;
#2738 = CARTESIAN_POINT ( 'NONE',  ( 0.8114716212630150900, 0.9999606299212597800, -0.8980773596015574300 ) ) ;
#2739 = CARTESIAN_POINT ( 'NONE',  ( 0.8978595683093155700, 1.000000000000000200, -0.8347936297603609800 ) ) ;
#2740 = DIRECTION ( 'NONE',  ( 1.000000000000000000, 0.0000000000000000000, 0.0000000000000000000 ) ) ;
#2741 = DIRECTION ( 'NONE',  ( 0.0000000000000000000, 0.0000000000000000000, -1.000000000000000000 ) ) ;
#2742 = CARTESIAN_POINT ( 'NONE',  ( 0.8474593876903391300, 0.9999999999999996700, -0.8110297154408281400 ) ) ;
#2743 = CARTESIAN_POINT ( 'NONE',  ( 0.8956688830705426000, 0.9999606299212593400, -0.8751278672091245000 ) ) ;
#2744 = EDGE_LOOP ( 'NONE', ( #4156, #1667, #4861, #4288 ) ) ;
#2745 = CARTESIAN_POINT ( 'NONE',  ( 0.6442659414834750500, 0.9999606299212595600, -0.8814767170262441900 ) ) ;
#2746 = CARTESIAN_POINT ( 'NONE',  ( 0.6564390086918614500, 0.9999606299212597800, -0.8595603383730281400 ) ) ;
#2747 = CARTESIAN_POINT ( 'NONE',  ( 0.8021000112142466800, 1.000000000000000000, -0.8839244369568096700 ) ) ;
#2748 = CARTESIAN_POINT ( 'NONE',  ( 0.6396911795164478300, 0.9999606299212597800, -0.8284787859746635100 ) ) ;
#2749 = CARTESIAN_POINT ( 'NONE',  ( 0.8645425216272938400, 1.000000000000000200, -0.7947168736345842100 ) ) ;
#2750 = CARTESIAN_POINT ( 'NONE',  ( 0.7424240589316845100, 1.000000000000050200, -0.8048601030320338100 ) ) ;
#2751 = CARTESIAN_POINT ( 'NONE',  ( 0.6679926923908258200, 0.9999999999999998900, -0.8068132919515627100 ) ) ;
#2752 = VECTOR ( 'NONE', #126, 39.37007874015748100 ) ;
#2753 = CARTESIAN_POINT ( 'NONE',  ( 0.6827705427387713600, 0.9999606299212595600, -0.8503887164131017600 ) ) ;
#2754 = EDGE_CURVE ( 'NONE', #1754, #3564, #5841, .T. ) ;
#2755 = CARTESIAN_POINT ( 'NONE',  ( 0.8839596362954190700, 1.000000000000000000, -0.7996609799923789500 ) ) ;
#2756 = DIRECTION ( 'NONE',  ( -0.8754645270000170900, 0.0000000000000000000, -0.4832823832550038300 ) ) ;
#2757 = CARTESIAN_POINT ( 'NONE',  ( 0.6909862427969607500, 0.9999606299212597800, -0.8473353192709537400 ) ) ;
#2758 = VECTOR ( 'NONE', #1320, 39.37007874015748900 ) ;
#2759 = DIRECTION ( 'NONE',  ( -0.5773502691896256200, -0.5773502691896157400, 0.5773502691896358300 ) ) ;
#2760 = CARTESIAN_POINT ( 'NONE',  ( 0.5992689107175079900, 0.9999606299212595600, -0.8075018930812958300 ) ) ;
#2762 = CARTESIAN_POINT ( 'NONE',  ( 0.8983486403996776600, 1.000000000000000000, -0.8535467278154541500 ) ) ;
#2761 = AXIS2_PLACEMENT_3D ( 'NONE', #416, #897, #4353 ) ;
#2763 = LINE ( 'NONE', #5415, #1606 ) ;
#2764 = ORIENTED_EDGE ( 'NONE', *, *, #1976, .F. ) ;
#2765 = CARTESIAN_POINT ( 'NONE',  ( 0.6561264558947328400, 0.9999606299212598900, -0.8598720105174547700 ) ) ;
#2766 = EDGE_CURVE ( 'NONE', #4079, #178, #715, .T. ) ;
#2767 = VERTEX_POINT ( 'NONE', #1676 ) ;
#2768 = VERTEX_POINT ( 'NONE', #3663 ) ;
#2769 = LINE ( 'NONE', #187, #1150 ) ;
#2770 = CARTESIAN_POINT ( 'NONE',  ( 0.6545528160859303000, 0.9999999999999998900, -0.8937547751137667800 ) ) ;
#2771 = CARTESIAN_POINT ( 'NONE',  ( 0.6155187732028281100, 0.9999606299212597800, -0.8195224128580127500 ) ) ;
#2772 = ORIENTED_EDGE ( 'NONE', *, *, #1608, .T. ) ;
#2773 = VECTOR ( 'NONE', #3482, 39.37007874015748100 ) ;
#2774 = CARTESIAN_POINT ( 'NONE',  ( 0.8034748033498078100, 0.9999606299212593400, -0.8712825944231982200 ) ) ;
#2775 = CARTESIAN_POINT ( 'NONE',  ( 0.6122636566274711800, 1.000000000000000200, -0.8127666005617721900 ) ) ;
#2776 = CARTESIAN_POINT ( 'NONE',  ( 0.8462122872620203600, 1.000000000000000000, -0.8163938992961421400 ) ) ;
#2777 = ORIENTED_EDGE ( 'NONE', *, *, #1566, .T. ) ;
#2778 = DIRECTION ( 'NONE',  ( -1.000000000000000000, 0.0000000000000000000, 0.0000000000000000000 ) ) ;
#2779 = VERTEX_POINT ( 'NONE', #4169 ) ;
#2780 = FACE_OUTER_BOUND ( 'NONE', #6342, .T. ) ;
#2781 = CARTESIAN_POINT ( 'NONE',  ( 0.6783086623226817200, 0.9999999999999996700, -0.8856214154011784500 ) ) ;
#2782 = CARTESIAN_POINT ( 'NONE',  ( 0.7158723386097338700, 1.000000000000000200, -0.8482316814833481500 ) ) ;
#2783 = CARTESIAN_POINT ( 'NONE',  ( 0.6528577955478694900, 0.9999606299212596700, -0.8690879721924490400 ) ) ;
#2784 = ADVANCED_FACE ( 'NONE', ( #3156 ), #1098, .T. ) ;
#2785 = ORIENTED_EDGE ( 'NONE', *, *, #4016, .F. ) ;
#2786 = DIRECTION ( 'NONE',  ( -1.000000000000000000, 0.0000000000000000000, 2.220446049250312600E-016 ) ) ;
#2787 = LINE ( 'NONE', #4515, #1633 ) ;
#2788 = PLANE ( 'NONE',  #1413 ) ;
#2789 = CARTESIAN_POINT ( 'NONE',  ( 0.7044621993025367300, 1.000000000000000400, -0.8316344196420100100 ) ) ;
#2790 = CARTESIAN_POINT ( 'NONE',  ( 0.8565760701241574800, 0.9999606299212596700, -0.8193620227190064900 ) ) ;
#2791 = CARTESIAN_POINT ( 'NONE',  ( 0.7437969774646642200, 0.9999606299212598900, -0.8980465774448662700 ) ) ;
#2792 = CARTESIAN_POINT ( 'NONE',  ( 0.8449755969495119600, 1.000000000000000200, -0.8715074075050390800 ) ) ;
#2793 = CARTESIAN_POINT ( 'NONE',  ( 0.8721825944729531000, 1.000000000000000400, -0.8312469556619613800 ) ) ;
#2794 = VERTEX_POINT ( 'NONE', #279 ) ;
#2795 = ORIENTED_EDGE ( 'NONE', *, *, #5519, .F. ) ;
#2796 = CARTESIAN_POINT ( 'NONE',  ( 0.6716589205868196400, 0.9999606299212597800, -0.8980773596015574300 ) ) ;
#2797 = CARTESIAN_POINT ( 'NONE',  ( 0.7876491365589504100, 1.000000000000000200, -0.8604139883651464900 ) ) ;
#2798 =( NAMED_UNIT ( * ) SI_UNIT ( $, .STERADIAN. ) SOLID_ANGLE_UNIT ( ) );
#2799 = CARTESIAN_POINT ( 'NONE',  ( 0.6894833945840218600, 1.000000000000000200, -0.8109206522782754800 ) ) ;
#2800 = CARTESIAN_POINT ( 'NONE',  ( 0.6020421464665122200, 1.000000000000000200, -0.8077570286750066500 ) ) ;
#2801 = CARTESIAN_POINT ( 'NONE',  ( 0.7210073819363733700, 0.9999606299212597800, -0.8813537111801143000 ) ) ;
#2802 = DIRECTION ( 'NONE',  ( -0.0000000000000000000, 1.000000000000000000, -0.0000000000000000000 ) ) ;
#2803 = CARTESIAN_POINT ( 'NONE',  ( 0.8717137828693124500, 1.000000000000000000, -0.8416105923193604200 ) ) ;
#2804 = VERTEX_POINT ( 'NONE', #764 ) ;
#2805 = CARTESIAN_POINT ( 'NONE',  ( 0.6423847020904434000, 1.000000000000000200, -0.8733223919602446400 ) ) ;
#2806 = EDGE_CURVE ( 'NONE', #5698, #5300, #4434, .T. ) ;
#2807 = CARTESIAN_POINT ( 'NONE',  ( 0.6751322205417627000, 0.9999999999999998900, -0.8524327310249149000 ) ) ;
#2808 = CARTESIAN_POINT ( 'NONE',  ( 0.1001548727153806400, 1.000000000000000000, -0.5063941171341138600 ) ) ;
#2809 = CARTESIAN_POINT ( 'NONE',  ( 0.7534422746470170700, 0.9999606299212593400, -0.8954610186341931400 ) ) ;
#2810 = CARTESIAN_POINT ( 'NONE',  ( 0.8539214284060303600, 0.9999606299212602200, -0.8911036368896139100 ) ) ;
#2811 = EDGE_CURVE ( 'NONE', #3354, #5616, #6038, .T. ) ;
#2812 = ORIENTED_EDGE ( 'NONE', *, *, #2274, .T. ) ;
#2813 = CARTESIAN_POINT ( 'NONE',  ( 0.6071289848640377700, 0.9999999999999998900, -0.8090693083859318300 ) ) ;
#2814 = ORIENTED_EDGE ( 'NONE', *, *, #1735, .F. ) ;
#2815 = PRODUCT_RELATED_PRODUCT_CATEGORY ( 'detail', '', ( #615 ) ) ;
#2816 = CARTESIAN_POINT ( 'NONE',  ( 0.6622115323256674300, 0.9999606299212596700, -0.8089385798003032600 ) ) ;
#2817 = ADVANCED_FACE ( 'NONE', ( #562 ), #5391, .T. ) ;
#2818 = DIRECTION ( 'NONE',  ( -0.0000000000000000000, 1.000000000000000000, -0.0000000000000000000 ) ) ;
#2819 = PERSON_AND_ORGANIZATION_ROLE ( 'creator' ) ;
#2820 = DIRECTION ( 'NONE',  ( -1.000000000000000000, -0.0000000000000000000, -0.0000000000000000000 ) ) ;
#2821 = ORIENTED_EDGE ( 'NONE', *, *, #992, .T. ) ;
#2822 = CARTESIAN_POINT ( 'NONE',  ( 1.000000000000000200, 0.9921259842519683000, -0.9921259842519685200 ) ) ;
#2823 = CARTESIAN_POINT ( 'NONE',  ( 0.7337380083933630100, 0.9999999999999998900, -0.8962986539035170400 ) ) ;
#2824 = CARTESIAN_POINT ( 'NONE',  ( 0.7693094631978961700, 0.9999606299212591100, -0.8343382170657771500 ) ) ;
#2825 = CARTESIAN_POINT ( 'NONE',  ( 0.8793994208414481800, 1.000000000000000000, -0.8439151036147715100 ) ) ;
#2826 = CARTESIAN_POINT ( 'NONE',  ( 0.6522866879129681800, 1.000000000000000400, -0.8921836204934608900 ) ) ;
#2827 = ORIENTED_EDGE ( 'NONE', *, *, #5793, .T. ) ;
#2828 = CARTESIAN_POINT ( 'NONE',  ( 0.6893002329944201100, 0.9999606299212598900, -0.8481276536094620700 ) ) ;
#2829 = CARTESIAN_POINT ( 'NONE',  ( 0.4936393814528367600, 1.000000000000000000, -0.1281468749641331000 ) ) ;
#2830 = CARTESIAN_POINT ( 'NONE',  ( 0.8677160910935857200, 1.000000000000000000, -0.8980014902715772700 ) ) ;
#2831 = CARTESIAN_POINT ( 'NONE',  ( 0.6159560576297364900, 0.9999606299212601100, -0.8223080625301342200 ) ) ;
#2832 = LOCAL_TIME ( 13, 25, 22.00000000000000000, #4160 ) ;
#2833 = DIRECTION ( 'NONE',  ( 0.0000000000000000000, 0.0000000000000000000, 1.000000000000000000 ) ) ;
#2834 = CARTESIAN_POINT ( 'NONE',  ( 0.8863549858155140800, 1.000000000000000000, -0.8214968111665764700 ) ) ;
#2835 = DIRECTION ( 'NONE',  ( 0.7071067811865413600, 0.7071067811865536800, 1.209444079575517800E-014 ) ) ;
#2836 = VECTOR ( 'NONE', #4486, 39.37007874015748100 ) ;
#2837 = ORIENTED_EDGE ( 'NONE', *, *, #3727, .T. ) ;
#2838 = CARTESIAN_POINT ( 'NONE',  ( 0.8656768300133385100, 1.000000000000000000, -0.8859286040094943600 ) ) ;
#2839 = LINE ( 'NONE', #2073, #5335 ) ;
#2840 = ADVANCED_FACE ( 'NONE', ( #3001 ), #4302, .F. ) ;
#2841 = DIRECTION ( 'NONE',  ( 0.0000000000000000000, -1.000000000000000000, 0.0000000000000000000 ) ) ;
#2842 = EDGE_CURVE ( 'NONE', #2285, #4297, #3321, .T. ) ;
#2843 = FACE_OUTER_BOUND ( 'NONE', #6032, .T. ) ;
#2844 = CARTESIAN_POINT ( 'NONE',  ( 0.7629726011277132600, 0.9999999999999995600, -0.8075789773412570500 ) ) ;
#2845 = VECTOR ( 'NONE', #538, 39.37007874015748100 ) ;
#2846 = ORIENTED_EDGE ( 'NONE', *, *, #1434, .F. ) ;
#2847 = EDGE_CURVE ( 'NONE', #3693, #1691, #1868, .T. ) ;
#2848 = CARTESIAN_POINT ( 'NONE',  ( 0.8867515385499374900, 0.9999606299212597800, -0.8547323527303307700 ) ) ;
#2849 = DIRECTION ( 'NONE',  ( -0.9922778767136677400, 0.0000000000000000000, 0.1240347345892084700 ) ) ;
#2850 = CARTESIAN_POINT ( 'NONE',  ( 0.8721825944729531000, 0.9999606299212602200, -0.8312469556619613800 ) ) ;
#2851 = CARTESIAN_POINT ( 'NONE',  ( 0.5992689107175079900, 0.9999999999999996700, -0.8075018930812958300 ) ) ;
#2852 = CARTESIAN_POINT ( 'NONE',  ( 0.5984718446311810800, 1.000000000000000200, -0.8967478582226254800 ) ) ;
#2854 = CARTESIAN_POINT ( 'NONE',  ( 0.8077783007285690400, 0.9999606299212597800, -0.7956492701129210800 ) ) ;
#2853 = AXIS2_PLACEMENT_3D ( 'NONE', #3275, #4315, #1344 ) ;
#2855 = LINE ( 'NONE', #3512, #6373 ) ;
#2856 = CARTESIAN_POINT ( 'NONE',  ( 0.6229501914099792000, 1.000000000000000200, -0.8090333535814627800 ) ) ;
#2857 = LINE ( 'NONE', #2464, #5345 ) ;
#2858 = DIRECTION ( 'NONE',  ( 2.480795431559006800E-016, 0.0000000000000000000, -1.000000000000000000 ) ) ;
#2859 = PLANE ( 'NONE',  #2961 ) ;
#2860 = AXIS2_PLACEMENT_3D ( 'NONE', #907, #2911, #6414 ) ;
#2861 = CARTESIAN_POINT ( 'NONE',  ( 0.7566694416745823900, 1.000000000000000200, -0.8186822233612424100 ) ) ;
#2862 = VECTOR ( 'NONE', #5941, 39.37007874015748100 ) ;
#2863 = CARTESIAN_POINT ( 'NONE',  ( 0.8570254738273426200, 0.9999606299212592300, -0.8753577283437352600 ) ) ;
#2864 = CARTESIAN_POINT ( 'NONE',  ( 0.8559671026711152000, 0.9999606299212595600, -0.8929604015054396500 ) ) ;
#2865 = DIRECTION ( 'NONE',  ( 0.0000000000000000000, 0.0000000000000000000, -1.000000000000000000 ) ) ;
#2866 = ORIENTED_EDGE ( 'NONE', *, *, #435, .F. ) ;
#2867 = VECTOR ( 'NONE', #424, 39.37007874015748100 ) ;
#2868 = CARTESIAN_POINT ( 'NONE',  ( 0.7459157940779934700, 0.9999606299212596700, -0.7944455454545320500 ) ) ;
#2869 = CARTESIAN_POINT ( 'NONE',  ( 0.5925397873600203300, 0.9999606299212597800, -0.8849455532568604200 ) ) ;
#2870 = CARTESIAN_POINT ( 'NONE',  ( 0.6878620565059330200, 0.9999999999999998900, -0.8945170250294846000 ) ) ;
#2871 = CARTESIAN_POINT ( 'NONE',  ( 0.6744083925402404300, 0.9999606299212597800, -0.8061547151886786500 ) ) ;
#2872 = CARTESIAN_POINT ( 'NONE',  ( 0.6117407800480522100, 0.9999606299212597800, -0.8936813277358554000 ) ) ;
#2873 = CARTESIAN_POINT ( 'NONE',  ( 0.8559671026711152000, 0.9999999999999996700, -0.8929604015054396500 ) ) ;
#2874 = VERTEX_POINT ( 'NONE', #6317 ) ;
#2875 = CARTESIAN_POINT ( 'NONE',  ( 0.5959663680780896700, 0.9999999999999996700, -0.7956492701129210800 ) ) ;
#2876 = DIRECTION ( 'NONE',  ( -0.7071067811865413600, 0.0000000000000000000, -0.7071067811865536800 ) ) ;
#2877 = ORIENTED_EDGE ( 'NONE', *, *, #2274, .F. ) ;
#2878 = CARTESIAN_POINT ( 'NONE',  ( 0.7375474601372531400, 0.9999606299212598900, -0.8864175344476557000 ) ) ;
#2879 = ORIENTED_EDGE ( 'NONE', *, *, #190, .T. ) ;
#2880 = CARTESIAN_POINT ( 'NONE',  ( 0.8550528035694782100, 1.000000000000000000, -0.8633191096829375700 ) ) ;
#2881 = EDGE_LOOP ( 'NONE', ( #3968, #3570, #3394, #3347 ) ) ;
#2882 = CARTESIAN_POINT ( 'NONE',  ( 0.8878657548066345400, 1.000000000000000200, -0.8652210001013535000 ) ) ;
#2883 = CARTESIAN_POINT ( 'NONE',  ( 0.6209066193069477900, 1.000000000000000200, -0.8440877231125265600 ) ) ;
#2884 = EDGE_CURVE ( 'NONE', #2046, #1935, #1710, .T. ) ;
#2885 = CARTESIAN_POINT ( 'NONE',  ( 0.8878823194312205300, 0.9999606299212597800, -0.8643450320536171200 ) ) ;
#2886 = AXIS2_PLACEMENT_3D ( 'NONE', #560, #3999, #1040 ) ;
#2887 = DIRECTION ( 'NONE',  ( 0.7071067811865412400, -0.7071067811865536800, -1.570092458683760900E-016 ) ) ;
#2888 = CARTESIAN_POINT ( 'NONE',  ( 0.7024848151881814000, 0.9999606299212598900, -0.8722768179403940200 ) ) ;
#2889 = EDGE_CURVE ( 'NONE', #3815, #3803, #6413, .T. ) ;
#2890 = CARTESIAN_POINT ( 'NONE',  ( 0.9960629921259841500, 0.003937007874015860700, -0.003937007874016134000 ) ) ;
#2891 = CARTESIAN_POINT ( 'NONE',  ( 0.6044356463037270400, 0.9999606299212596700, -0.8839356025869652400 ) ) ;
#2892 = CARTESIAN_POINT ( 'NONE',  ( 0.6231258379535686800, 0.9999999999999998900, -0.8784327290133626700 ) ) ;
#2893 = CARTESIAN_POINT ( 'NONE',  ( 0.7418427097796992400, 1.000000000000050000, -0.8875529597883546900 ) ) ;
#2894 = EDGE_CURVE ( 'NONE', #3059, #3607, #5677, .T. ) ;
#2895 = CARTESIAN_POINT ( 'NONE',  ( 0.9921259842519686300, 0.007874015748031721500, -1.000000000000000200 ) ) ;
#2896 = ORIENTED_EDGE ( 'NONE', *, *, #1901, .F. ) ;
#2897 = CARTESIAN_POINT ( 'NONE',  ( 0.8051486190804831900, 0.9999606299212598900, -0.8874727388233130100 ) ) ;
#2898 = CARTESIAN_POINT ( 'NONE',  ( 0.7263799172117476600, 0.9999606299212598900, -0.8481560743057173800 ) ) ;
#2899 = ORIENTED_EDGE ( 'NONE', *, *, #1702, .F. ) ;
#2900 = CARTESIAN_POINT ( 'NONE',  ( 0.8851903427108565000, 0.9999999999999998900, -0.8779841817769387100 ) ) ;
#2901 = CARTESIAN_POINT ( 'NONE',  ( 0.6641680404201452100, 0.9999606299212597800, -0.8442104449962909400 ) ) ;
#2902 = CARTESIAN_POINT ( 'NONE',  ( 0.8867098426103426900, 1.000000000000000400, -0.8739992785258232600 ) ) ;
#2903 = CARTESIAN_POINT ( 'NONE',  ( 0.8566719973947024600, 0.9999606299212597800, -0.7979161442896429700 ) ) ;
#2904 = CARTESIAN_POINT ( 'NONE',  ( 0.8872433008300487600, 0.9999606299212596700, -0.8717910099948386100 ) ) ;
#2905 = ORIENTED_EDGE ( 'NONE', *, *, #796, .F. ) ;
#2906 = CARTESIAN_POINT ( 'NONE',  ( 0.7693094631978961700, 0.9999999999999994400, -0.8343382170657771500 ) ) ;
#2907 = CARTESIAN_POINT ( 'NONE',  ( 0.7320907087540170500, 0.9999606299212597800, -0.8810293067356933500 ) ) ;
#2908 = VECTOR ( 'NONE', #1055, 39.37007874015748900 ) ;
#2909 = CARTESIAN_POINT ( 'NONE',  ( 0.6596776508429654800, 1.000000000000000200, -0.8104958504606369900 ) ) ;
#2910 = VECTOR ( 'NONE', #5786, 39.37007874015748100 ) ;
#2911 = DIRECTION ( 'NONE',  ( -1.629784709208644300E-013, 1.000000000000000000, 2.544782364594719500E-012 ) ) ;
#2912 = VECTOR ( 'NONE', #5356, 39.37007874015748100 ) ;
#2913 = CARTESIAN_POINT ( 'NONE',  ( 0.6110963891441606500, 1.000000000000000000, -0.8604736810596550500 ) ) ;
#2914 = CARTESIAN_POINT ( 'NONE',  ( 0.7333325216210708800, 1.000000000000000000, -0.8827781798554575900 ) ) ;
#2915 = ORIENTED_EDGE ( 'NONE', *, *, #1779, .F. ) ;
#2916 = DIRECTION ( 'NONE',  ( 0.0000000000000000000, -1.000000000000000000, 0.0000000000000000000 ) ) ;
#2917 = FACE_OUTER_BOUND ( 'NONE', #5341, .T. ) ;
#2918 = EDGE_LOOP ( 'NONE', ( #6187, #3245, #3134, #2167 ) ) ;
#2919 = VECTOR ( 'NONE', #5012, 39.37007874015748100 ) ;
#2920 = CARTESIAN_POINT ( 'NONE',  ( 0.1001548727153806400, 1.000000000000000000, -0.4935941171341137200 ) ) ;
#2921 = CARTESIAN_POINT ( 'NONE',  ( 0.6523985774872104200, 1.000000000000000200, -0.8495546272706556700 ) ) ;
#2922 = B_SPLINE_CURVE_WITH_KNOTS ( 'NONE', 3,
 ( #5765, #5247, #3252, #332, #3766, #822, #4276 ),
 .UNSPECIFIED., .F., .F.,
 ( 4, 1, 1, 1, 4 ),
 ( 0.0000000000000000000, 0.3231090798450160800, 0.5974912675160265500, 0.8217859227818740100, 1.000000000000000000 ),
 .UNSPECIFIED. ) ;
#2923 = EDGE_CURVE ( 'NONE', #3649, #1547, #5507, .T. ) ;
#2924 = CARTESIAN_POINT ( 'NONE',  ( 0.8792413525760162100, 0.9999606299212597800, -0.8851511263877236400 ) ) ;
#2925 = VERTEX_POINT ( 'NONE', #4328 ) ;
#2926 = EDGE_CURVE ( 'NONE', #1149, #3266, #1541, .T. ) ;
#2927 = CARTESIAN_POINT ( 'NONE',  ( 0.7428374146645597700, 1.000000000000000000, -0.8980773596015574300 ) ) ;
#2928 = FACE_OUTER_BOUND ( 'NONE', #3221, .T. ) ;
#2929 = CARTESIAN_POINT ( 'NONE',  ( 0.6830002740524948600, 0.9999999999999996700, -0.8073358677678347300 ) ) ;
#2930 = ADVANCED_FACE ( 'NONE', ( #101 ), #1476, .F. ) ;
#2931 = CARTESIAN_POINT ( 'NONE',  ( 0.8724332113497621500, 0.9999606299212597800, -0.8875505780064257800 ) ) ;
#2932 = CARTESIAN_POINT ( 'NONE',  ( 0.7651648956017771400, 0.9999999999999998900, -0.8799065246020861800 ) ) ;
#2933 = CARTESIAN_POINT ( 'NONE',  ( 0.7459157940779934700, 1.000000000000000000, -0.7944455454545320500 ) ) ;
#2934 = CARTESIAN_POINT ( 'NONE',  ( 0.7269806898910006200, 1.000000000000050000, -0.8621086984919109600 ) ) ;
#2935 = CARTESIAN_POINT ( 'NONE',  ( 0.7274750440919751600, 1.000000000000000400, -0.8257969152859044900 ) ) ;
#2936 = ORIENTED_EDGE ( 'NONE', *, *, #3768, .F. ) ;
#2937 = VECTOR ( 'NONE', #104, 39.37007874015748100 ) ;
#2938 = CARTESIAN_POINT ( 'NONE',  ( 0.6139787629628313800, 1.000000000000000200, -0.8922766532222465900 ) ) ;
#2939 = DIRECTION ( 'NONE',  ( -0.0000000000000000000, 1.000000000000000000, -0.0000000000000000000 ) ) ;
#2940 = VERTEX_POINT ( 'NONE', #5452 ) ;
#2941 = CARTESIAN_POINT ( 'NONE',  ( 0.6617441585673039500, 0.9999606299212596700, -0.8450147317442354700 ) ) ;
#2942 = CARTESIAN_POINT ( 'NONE',  ( 0.6423935742287454300, 0.9999606299212596700, -0.8671071104691628900 ) ) ;
#2943 = CARTESIAN_POINT ( 'NONE',  ( 0.8719189673434483100, 1.000000000000000200, -0.8875719145257998700 ) ) ;
#2944 = ORIENTED_EDGE ( 'NONE', *, *, #4016, .T. ) ;
#2945 = CARTESIAN_POINT ( 'NONE',  ( 0.6966027912217243000, 0.9999606299212597800, -0.8022954718073103100 ) ) ;
#2946 = CARTESIAN_POINT ( 'NONE',  ( 0.6927732321419073400, 0.9999606299212598900, -0.8149617957725878700 ) ) ;
#2947 = CARTESIAN_POINT ( 'NONE',  ( 0.6265593731717509200, 0.9999606299212597800, -0.8253394635203844500 ) ) ;
#2948 = DIRECTION ( 'NONE',  ( 0.0000000000000000000, 0.0000000000000000000, -1.000000000000000000 ) ) ;
#2949 = DIRECTION ( 'NONE',  ( -0.0000000000000000000, 1.000000000000000000, -0.0000000000000000000 ) ) ;
#2950 = CARTESIAN_POINT ( 'NONE',  ( 0.7430220806912820600, 1.000000000000000000, -0.8048415345542089300 ) ) ;
#2951 = ADVANCED_FACE ( 'NONE', ( #262 ), #3966, .F. ) ;
#2952 = DIRECTION ( 'NONE',  ( 0.7071067811865536800, -0.7071067811865413600, -1.385997644975580100E-016 ) ) ;
#2953 = DIRECTION ( 'NONE',  ( -1.000000000000000000, 0.0000000000000000000, 0.0000000000000000000 ) ) ;
#2954 = CARTESIAN_POINT ( 'NONE',  ( 0.6095487823076821700, 0.9999606299212598900, -0.7973932226950694000 ) ) ;
#2955 = ADVANCED_FACE ( 'NONE', ( #5202, #2547 ), #3455, .T. ) ;
#2956 = DIRECTION ( 'NONE',  ( -0.7588454441657035400, 0.0000000000000000000, -0.6512707515841286200 ) ) ;
#2957 = CARTESIAN_POINT ( 'NONE',  ( 0.6423432039470621200, 0.9999606299212598900, -0.8692736334862003500 ) ) ;
#2958 = CARTESIAN_POINT ( 'NONE',  ( 0.7428374146645597700, 0.9999606299212597800, -0.8980773596015574300 ) ) ;
#2959 = EDGE_CURVE ( 'NONE', #3102, #4460, #1244, .T. ) ;
#2960 = CARTESIAN_POINT ( 'NONE',  ( 0.8077783007285690400, 0.9999606299212597800, -0.8757532888155724600 ) ) ;
#2961 = AXIS2_PLACEMENT_3D ( 'NONE', #5364, #5872, #2876 ) ;
#2962 = CARTESIAN_POINT ( 'NONE',  ( 0.6750883681185888600, 1.000000000000000200, -0.7943751720160278100 ) ) ;
#2963 = CARTESIAN_POINT ( 'NONE',  ( 0.6948447661641751200, 1.000000000000000000, -0.8234722848057477500 ) ) ;
#2964 = ORIENTED_EDGE ( 'NONE', *, *, #1403, .T. ) ;
#2965 = VERTEX_POINT ( 'NONE', #3985 ) ;
#2966 = EDGE_CURVE ( 'NONE', #2552, #5768, #5041, .T. ) ;
#2967 = CARTESIAN_POINT ( 'NONE',  ( 0.8673210394922951100, 1.000000000000000000, -0.8049695657575235400 ) ) ;
#2968 = CARTESIAN_POINT ( 'NONE',  ( 0.6599815971361130400, 0.9999999999999995600, -0.8571332903282332700 ) ) ;
#2969 = CARTESIAN_POINT ( 'NONE',  ( 0.6842308433790740300, 0.9999606299212597800, -0.8961211047467886300 ) ) ;
#2970 = ORIENTED_EDGE ( 'NONE', *, *, #1189, .F. ) ;
#2971 = CARTESIAN_POINT ( 'NONE',  ( 0.7435858063650256900, 0.9999999999999998900, -0.8048610036088192900 ) ) ;
#2972 = DIRECTION ( 'NONE',  ( -0.5773502691896225100, -0.5773502691896325000, -0.5773502691896224000 ) ) ;
#2973 = CARTESIAN_POINT ( 'NONE',  ( 0.007874015748031721500, 0.9921259842519683000, -2.049995136288991200E-019 ) ) ;
#2974 = ORIENTED_EDGE ( 'NONE', *, *, #3500, .T. ) ;
#2975 = CARTESIAN_POINT ( 'NONE',  ( 0.5451755236128935600, 0.9999606299212597800, -0.1495303742652018300 ) ) ;
#2976 = CARTESIAN_POINT ( 'NONE',  ( 0.8861922233487654600, 1.000000000000000000, -0.8916053520651025000 ) ) ;
#2977 = ORGANIZATION ( 'UNSPECIFIED', 'UNSPECIFIED', '' ) ;
#2978 = CARTESIAN_POINT ( 'NONE',  ( 0.6948447661641751200, 0.9999606299212597800, -0.8234722848057477500 ) ) ;
#2979 = CARTESIAN_POINT ( 'NONE',  ( 0.6109570522165582700, 0.9999606299212596700, -0.8386984965890009700 ) ) ;
#2980 = ADVANCED_FACE ( 'NONE', ( #3875 ), #4990, .F. ) ;
#2981 = LINE ( 'NONE', #3434, #1685 ) ;
#2982 = CARTESIAN_POINT ( 'NONE',  ( 0.0000000000000000000, 1.000000000000000000, -1.000000000000000000 ) ) ;
#2983 = VECTOR ( 'NONE', #5030, 39.37007874015748100 ) ;
#2984 = CARTESIAN_POINT ( 'NONE',  ( 0.7578076304937556600, 1.000000000000000000, -0.8920995783567230400 ) ) ;
#2985 = CARTESIAN_POINT ( 'NONE',  ( 0.6109570522165582700, 0.9999999999999998900, -0.8386984965890009700 ) ) ;
#2986 = CARTESIAN_POINT ( 'NONE',  ( 0.8587787382505613900, 0.9999606299212597800, -0.8490276863130815600 ) ) ;
#2987 = CARTESIAN_POINT ( 'NONE',  ( 0.6529239845504831700, 1.000000000000000000, -0.8671042578919975200 ) ) ;
#2988 = CARTESIAN_POINT ( 'NONE',  ( 0.8685452612300059700, 0.9999606299212597800, -0.8311332804071255300 ) ) ;
#2989 = LINE ( 'NONE', #5871, #4335 ) ;
#2990 = DIRECTION ( 'NONE',  ( -0.0000000000000000000, 1.000000000000000000, -0.0000000000000000000 ) ) ;
#2991 = LINE ( 'NONE', #5365, #409 ) ;
#2992 = CARTESIAN_POINT ( 'NONE',  ( 0.8924258269857348000, 0.9999606299212595600, -0.8112121902482256600 ) ) ;
#2993 = CARTESIAN_POINT ( 'NONE',  ( 0.7534242204327759000, 0.9999606299212503400, -0.8113555979265063600 ) ) ;
#2994 = VECTOR ( 'NONE', #421, 39.37007874015748100 ) ;
#2995 = DIRECTION ( 'NONE',  ( 0.0000000000000000000, 0.0000000000000000000, -1.000000000000000000 ) ) ;
#2996 = DIRECTION ( 'NONE',  ( -0.8754645270000170900, 0.0000000000000000000, 0.4832823832550038300 ) ) ;
#2997 = LINE ( 'NONE', #3832, #5499 ) ;
#2998 = CARTESIAN_POINT ( 'NONE',  ( 0.8981923697813524200, 1.000000000000000000, -0.8578309781985583600 ) ) ;
#2999 = CARTESIAN_POINT ( 'NONE',  ( 0.6902975939743634100, 0.9999606299212595600, -0.7978311640483537500 ) ) ;
#3000 = ORIENTED_EDGE ( 'NONE', *, *, #1367, .T. ) ;
#3001 = FACE_OUTER_BOUND ( 'NONE', #4064, .T. ) ;
#3002 = CARTESIAN_POINT ( 'NONE',  ( 0.6021013157254497800, 0.9999999999999998900, -0.8424745561448174800 ) ) ;
#3003 = EDGE_CURVE ( 'NONE', #2940, #430, #4029, .T. ) ;
#3004 = PLANE ( 'NONE',  #5142 ) ;
#3005 = EDGE_CURVE ( 'NONE', #921, #4913, #1087, .T. ) ;
#3006 = CARTESIAN_POINT ( 'NONE',  ( 0.7867674105770539100, 0.9999606299212597800, -0.8718137469121635100 ) ) ;
#3007 = ORIENTED_EDGE ( 'NONE', *, *, #5908, .F. ) ;
#3008 = FACE_OUTER_BOUND ( 'NONE', #4802, .T. ) ;
#3009 = CARTESIAN_POINT ( 'NONE',  ( 0.6789530496082839500, 0.9999606299212597800, -0.8064356355539106200 ) ) ;
#3010 = CARTESIAN_POINT ( 'NONE',  ( 0.8556970228262273900, 1.000000000000000200, -0.8360618730774281900 ) ) ;
#3011 = CARTESIAN_POINT ( 'NONE',  ( 0.0000000000000000000, 1.000000000000000000, -0.007874015748031584400 ) ) ;
#3012 = ADVANCED_FACE ( 'NONE', ( #6380 ), #566, .F. ) ;
#3013 = CARTESIAN_POINT ( 'NONE',  ( 0.8710498536998400000, 0.9999606299212596700, -0.7943843237581593700 ) ) ;
#3014 = CARTESIAN_POINT ( 'NONE',  ( 0.7585722949738160600, 0.9999999999999998900, -0.8303044823976795100 ) ) ;
#3015 = VERTEX_POINT ( 'NONE', #5999 ) ;
#3016 = CARTESIAN_POINT ( 'NONE',  ( 0.8807323506694609800, 0.9999606299212596700, -0.8449482299153929800 ) ) ;
#3017 = CARTESIAN_POINT ( 'NONE',  ( 0.6568097102872120200, 0.9999606299212601100, -0.7978709628831938100 ) ) ;
#3018 = ORIENTED_EDGE ( 'NONE', *, *, #1650, .T. ) ;
#3019 = CARTESIAN_POINT ( 'NONE',  ( 0.4936393814528367600, 0.9999606299212597800, -0.3332054203944309100 ) ) ;
#3020 = CARTESIAN_POINT ( 'NONE',  ( 0.6129637754906407400, 1.000000000000000400, -0.8745776905149242900 ) ) ;
#3021 = VERTEX_POINT ( 'NONE', #2530 ) ;
#3022 = CARTESIAN_POINT ( 'NONE',  ( 0.8889082418019000900, 1.000000000000000000, -0.8439496953245095900 ) ) ;
#3023 = VERTEX_POINT ( 'NONE', #6016 ) ;
#3024 = CARTESIAN_POINT ( 'NONE',  ( 0.7027238499709933500, 0.9999606299212597800, -0.8678742050087543400 ) ) ;
#3025 = B_SPLINE_CURVE_WITH_KNOTS ( 'NONE', 3,
 ( #3505, #4015, #3980, #1026, #4482, #1506, #4984, #2010, #5484, #2506, #5994, #2992, #66, #3495, #563, #4001, #1042, #4504, #1532, #5005, #2031, #5509, #2523, #6011, #3013, #87, #3518 ),
 .UNSPECIFIED., .F., .F.,
 ( 4, 1, 1, 1, 1, 1, 1, 1, 1, 1, 1, 1, 1, 1, 1, 1, 1, 1, 1, 1, 1, 1, 1, 1, 4 ),
 ( 0.0000000000000000000, 0.07353366607713079900, 0.1426661929314749500, 0.2080443345702546200, 0.2691123335984594900, 0.3263039800749799000, 0.3793946721408789100, 0.4290176217271197700, 0.4748808941722496000, 0.5178415642424517600, 0.5586424715340440100, 0.5973596018757721900, 0.6344297164614007800, 0.6694601468909304700, 0.7032151982468436400, 0.7355116593171598900, 0.7668059312187630600, 0.7971069329808999600, 0.8268057952890556200, 0.8557111847390630500, 0.8842877890604145000, 0.9127997229296978000, 0.9416457505209646600, 0.9706240337871279200, 1.000000000000000000 ),
 .UNSPECIFIED. ) ;
#3026 = PLANE ( 'NONE',  #5824 ) ;
#3027 = VERTEX_POINT ( 'NONE', #3019 ) ;
#3028 = CARTESIAN_POINT ( 'NONE',  ( 0.6895435936065677000, 0.9999999999999995600, -0.8770574140901102900 ) ) ;
#3029 = DIRECTION ( 'NONE',  ( -1.000000000000000000, 0.0000000000000000000, 0.0000000000000000000 ) ) ;
#3030 = ORIENTED_EDGE ( 'NONE', *, *, #6400, .F. ) ;
#3031 = CARTESIAN_POINT ( 'NONE',  ( 0.6947990179039854600, 0.9999606299212596700, -0.8216116548735122900 ) ) ;
#3032 = CARTESIAN_POINT ( 'NONE',  ( 0.8455136633593106600, 0.9999606299212598900, -0.8535283343114756800 ) ) ;
#3033 = CARTESIAN_POINT ( 'NONE',  ( 0.9921259842519686300, 1.000000000000000000, -2.582993871724054900E-017 ) ) ;
#3034 = CARTESIAN_POINT ( 'NONE',  ( 0.2838299188446097300, 0.9999606299212597800, -0.4548579749740585000 ) ) ;
#3035 = DIRECTION ( 'NONE',  ( -0.7071067811865413600, 0.7071067811865534600, 6.409875621278321700E-017 ) ) ;
#3036 = EDGE_LOOP ( 'NONE', ( #5223, #6034, #3652, #2682 ) ) ;
#3037 = DIRECTION ( 'NONE',  ( -0.0000000000000000000, 1.000000000000000000, -0.0000000000000000000 ) ) ;
#3038 = ORIENTED_EDGE ( 'NONE', *, *, #1113, .T. ) ;
#3039 = ORIENTED_EDGE ( 'NONE', *, *, #5187, .T. ) ;
#3040 = CARTESIAN_POINT ( 'NONE',  ( 0.5753453284274326900, 0.9999999999995066200, -0.8074678958231482600 ) ) ;
#3041 = CARTESIAN_POINT ( 'NONE',  ( 0.6044356463037270400, 0.9999606299212596700, -0.8839356025869652400 ) ) ;
#3042 = EDGE_CURVE ( 'NONE', #4925, #3769, #3552, .T. ) ;
#3043 = CARTESIAN_POINT ( 'NONE',  ( 0.8829397323671637200, 0.9999999999999996700, -0.8363875787000946100 ) ) ;
#3044 = EDGE_CURVE ( 'NONE', #4976, #6299, #6060, .T. ) ;
#3045 = VERTEX_POINT ( 'NONE', #5515 ) ;
#3046 = CARTESIAN_POINT ( 'NONE',  ( 0.8794872145634480300, 0.9999606299212601100, -0.8960848091377628900 ) ) ;
#3047 = ADVANCED_FACE ( 'NONE', ( #2086 ), #5037, .F. ) ;
#3048 = VERTEX_POINT ( 'NONE', #1559 ) ;
#3049 = AXIS2_PLACEMENT_3D ( 'NONE', #2295, #5784, #2786 ) ;
#3050 = CARTESIAN_POINT ( 'NONE',  ( 0.7417476059429057900, 0.9999606299212596700, -0.7943723732604834900 ) ) ;
#3051 = CARTESIAN_POINT ( 'NONE',  ( 0.6801603869142643900, 0.9999606299212601100, -0.8850809607755991700 ) ) ;
#3052 = CARTESIAN_POINT ( 'NONE',  ( 0.6818987188424374700, 0.9999606299212597800, -0.8844092799218463700 ) ) ;
#3053 = CARTESIAN_POINT ( 'NONE',  ( 0.8996638833839867300, 0.9999606299212597800, -0.4971061745397057400 ) ) ;
#3054 = CARTESIAN_POINT ( 'NONE',  ( 0.5969651958259719600, 0.9999606299212598900, -0.8967586442190086400 ) ) ;
#3055 = CARTESIAN_POINT ( 'NONE',  ( 0.8788083428952134800, 0.9999606299212602200, -0.8080286842144124300 ) ) ;
#3056 = CARTESIAN_POINT ( 'NONE',  ( 0.6656416884631166700, 1.000000000000000400, -0.8856636799566642800 ) ) ;
#3057 = CARTESIAN_POINT ( 'NONE',  ( 0.8550528035694782100, 0.9999606299212597800, -0.8633191096829375700 ) ) ;
#3058 = CARTESIAN_POINT ( 'NONE',  ( 0.5753453284274326900, 0.9999606299212597800, -0.8849455532568604200 ) ) ;
#3059 = VERTEX_POINT ( 'NONE', #3040 ) ;
#3060 = VECTOR ( 'NONE', #4496, 39.37007874015748100 ) ;
#3061 = CARTESIAN_POINT ( 'NONE',  ( 0.6238317253057394900, 1.000000000000000200, -0.8680307886681253300 ) ) ;
#3062 = CARTESIAN_POINT ( 'NONE',  ( 0.7199732167285990400, 1.000000000000000400, -0.8129637500543227500 ) ) ;
#3063 = CARTESIAN_POINT ( 'NONE',  ( 0.7319148708444368500, 1.000000000000000200, -0.7972061024261101200 ) ) ;
#3064 = CARTESIAN_POINT ( 'NONE',  ( 0.5947220682479831300, 1.000000000000000200, -0.8849356659823141000 ) ) ;
#3065 = LINE ( 'NONE', #819, #317 ) ;
#3066 = VECTOR ( 'NONE', #1870, 39.37007874015748100 ) ;
#3067 = CARTESIAN_POINT ( 'NONE',  ( 0.6159970846119444700, 0.9999606299212596700, -0.8905108764898053100 ) ) ;
#3068 = CARTESIAN_POINT ( 'NONE',  ( 0.8964040856304526000, 0.9999606299212598900, -0.8722162986731459800 ) ) ;
#3069 = EDGE_LOOP ( 'NONE', ( #6255, #1613, #2706, #2429 ) ) ;
#3070 = EDGE_LOOP ( 'NONE', ( #5791, #3463, #1092, #4208 ) ) ;
#3071 = VECTOR ( 'NONE', #934, 39.37007874015748100 ) ;
#3072 = ORIENTED_EDGE ( 'NONE', *, *, #3302, .T. ) ;
#3073 = CARTESIAN_POINT ( 'NONE',  ( 0.7319148708444368500, 0.9999606299212598900, -0.7972061024261101200 ) ) ;
#3074 = VECTOR ( 'NONE', #3460, 39.37007874015748100 ) ;
#3075 = CARTESIAN_POINT ( 'NONE',  ( 0.007874015748031995600, 1.000000000000000000, -0.9921259842519683000 ) ) ;
#3076 = CARTESIAN_POINT ( 'NONE',  ( 0.7589479128613836300, 0.9999999999999998900, -0.8573606234840254200 ) ) ;
#3077 = CARTESIAN_POINT ( 'NONE',  ( 0.6450097940506412900, 0.9999999999999996700, -0.8581957784438827300 ) ) ;
#3078 = CARTESIAN_POINT ( 'NONE',  ( 0.8845976315694535900, 1.000000000000000200, -0.8166282901777297500 ) ) ;
#3079 = ORIENTED_EDGE ( 'NONE', *, *, #677, .T. ) ;
#3080 = CARTESIAN_POINT ( 'NONE',  ( 0.6555595264972052800, 0.9999606299212595600, -0.8793727278892368200 ) ) ;
#3081 = VECTOR ( 'NONE', #6244, 39.37007874015748100 ) ;
#3082 = ADVANCED_FACE ( 'NONE', ( #793 ), #3233, .T. ) ;
#3083 = CARTESIAN_POINT ( 'NONE',  ( 0.8562457707875206200, 1.000000000000000000, -0.8544154026743598900 ) ) ;
#3084 = CARTESIAN_POINT ( 'NONE',  ( 0.8628314721132448500, 0.9999606299212593400, -0.8838336550043717200 ) ) ;
#3085 = CARTESIAN_POINT ( 'NONE',  ( 0.6135133868226986300, 0.9999606299212598900, -0.8507253737139211000 ) ) ;
#3086 = CARTESIAN_POINT ( 'NONE',  ( 0.8550528035694782100, 1.000000000000000000, -0.8633191096829375700 ) ) ;
#3087 = EDGE_CURVE ( 'NONE', #5799, #1935, #5655, .T. ) ;
#3088 = CARTESIAN_POINT ( 'NONE',  ( 0.7186909749983064800, 0.9999606299212595600, -0.8172155239577227900 ) ) ;
#3089 = LINE ( 'NONE', #996, #494 ) ;
#3090 = CARTESIAN_POINT ( 'NONE',  ( 0.5648398833516751200, 0.9999606299212597800, -0.8967641789670877100 ) ) ;
#3091 = CARTESIAN_POINT ( 'NONE',  ( 0.6722594930537279000, 0.9999999999999998900, -0.7943622186616656800 ) ) ;
#3092 = EDGE_CURVE ( 'NONE', #3984, #5593, #4573, .T. ) ;
#3093 = CARTESIAN_POINT ( 'NONE',  ( 0.7534422746470170700, 0.9999606299212593400, -0.8954610186341931400 ) ) ;
#3094 = CARTESIAN_POINT ( 'NONE',  ( 0.7158556563156902600, 0.9999606299212597800, -0.8461656876451773000 ) ) ;
#3095 = CARTESIAN_POINT ( 'NONE',  ( 0.8981695522712006600, 1.000000000000000200, -0.8392950688349628500 ) ) ;
#3096 = CARTESIAN_POINT ( 'NONE',  ( 0.6502331429531351700, 0.9999606299212593400, -0.8903556441459900000 ) ) ;
#3097 = CARTESIAN_POINT ( 'NONE',  ( 0.7533536936136880900, 0.9999606299212598900, -0.8811423944764589200 ) ) ;
#3098 = CARTESIAN_POINT ( 'NONE',  ( 0.6065198837600153100, 0.9999606299212598900, -0.8956623908563675600 ) ) ;
#3099 = ORIENTED_EDGE ( 'NONE', *, *, #2191, .T. ) ;
#3100 = CARTESIAN_POINT ( 'NONE',  ( 0.8889082418019000900, 0.9999606299212597800, -0.8414669631874652800 ) ) ;
#3101 = CARTESIAN_POINT ( 'NONE',  ( 0.6528400638699185500, 1.000000000000000000, -0.8707132467423484000 ) ) ;
#3102 = VERTEX_POINT ( 'NONE', #2659 ) ;
#3103 = CARTESIAN_POINT ( 'NONE',  ( 0.8638836846786502900, 0.9999606299212598900, -0.8438964057220322800 ) ) ;
#3104 = ORIENTED_EDGE ( 'NONE', *, *, #5737, .F. ) ;
#3105 = CARTESIAN_POINT ( 'NONE',  ( 0.7167675451790243000, 0.9999606299212598900, -0.8634975451653420500 ) ) ;
#3106 = CARTESIAN_POINT ( 'NONE',  ( 0.6571178570995059900, 1.000000000000000000, -0.8588834026972168600 ) ) ;
#3107 = ORIENTED_EDGE ( 'NONE', *, *, #5147, .F. ) ;
#3108 = CARTESIAN_POINT ( 'NONE',  ( 0.7158556563156902600, 1.000000000000000000, -0.8461656876451773000 ) ) ;
#3109 = CARTESIAN_POINT ( 'NONE',  ( 0.7591906172531902600, 1.000000000000000000, -0.8462067245400044500 ) ) ;
#3110 = CARTESIAN_POINT ( 'NONE',  ( 0.6490867819990350200, 0.9999999999999998900, -0.8034941382132904100 ) ) ;
#3111 = CARTESIAN_POINT ( 'NONE',  ( 0.7696475881653319600, 0.9999606299212602200, -0.8401289703379397600 ) ) ;
#3112 = EDGE_LOOP ( 'NONE', ( #3662, #2409, #1456, #1555 ) ) ;
#3113 = CARTESIAN_POINT ( 'NONE',  ( 0.5064393814528370700, 1.000000000000000000, -0.3332054203944309100 ) ) ;
#3114 = CARTESIAN_POINT ( 'NONE',  ( 0.7533536936136880900, 1.000000000000000200, -0.8811423944764589200 ) ) ;
#3115 = CARTESIAN_POINT ( 'NONE',  ( 0.8934958052518819900, 0.9999606299212596700, -0.8138285235835331900 ) ) ;
#3116 = CARTESIAN_POINT ( 'NONE',  ( 0.7442107386842882200, 1.000000000000000000, -0.8875061143145960300 ) ) ;
#3117 = ORIENTED_EDGE ( 'NONE', *, *, #4186, .F. ) ;
#3118 = CARTESIAN_POINT ( 'NONE',  ( 0.6937653827631111700, 1.000000000000000200, -0.8295829699309971200 ) ) ;
#3119 = ORIENTED_EDGE ( 'NONE', *, *, #4857, .T. ) ;
#3120 = CARTESIAN_POINT ( 'NONE',  ( 0.8717137828693124500, 1.000000000000000000, -0.8416105923193604200 ) ) ;
#3121 = CARTESIAN_POINT ( 'NONE',  ( 0.6887405234796995000, 1.000000000000000200, -0.8357348872261489700 ) ) ;
#3122 = CARTESIAN_POINT ( 'NONE',  ( 0.7417606572979164000, 0.9999606299212597800, -0.8980394702805862800 ) ) ;
#3123 = CARTESIAN_POINT ( 'NONE',  ( 0.6711711597500239500, 0.9999606299212597800, -0.8533939291966209400 ) ) ;
#3124 = CARTESIAN_POINT ( 'NONE',  ( 0.8589602023842906100, 1.000000000000000200, -0.8792351485641676200 ) ) ;
#3125 = CARTESIAN_POINT ( 'NONE',  ( 0.7167675451790243000, 1.000000000000000200, -0.8634975451653420500 ) ) ;
#3126 = EDGE_CURVE ( 'NONE', #1839, #3629, #5168, .T. ) ;
#3127 = DIRECTION ( 'NONE',  ( 0.5773502691896222900, -0.5773502691896325000, 0.5773502691896224000 ) ) ;
#3128 = EDGE_CURVE ( 'NONE', #3595, #5186, #2252, .T. ) ;
#3129 = CARTESIAN_POINT ( 'NONE',  ( 0.7489842950368320600, 0.9999606299212601100, -0.7950815301047544600 ) ) ;
#3130 = ORIENTED_EDGE ( 'NONE', *, *, #720, .T. ) ;
#3131 = CARTESIAN_POINT ( 'NONE',  ( 0.6155193952282233000, 0.9999999999999998900, -0.8306163324430646500 ) ) ;
#3132 = CARTESIAN_POINT ( 'NONE',  ( 0.8503389295132159900, 0.9999606299212597800, -0.4547735756867370400 ) ) ;
#3133 = CARTESIAN_POINT ( 'NONE',  ( 0.8855818378282767100, 1.000000000000000000, -0.8011006089434225000 ) ) ;
#3134 = ORIENTED_EDGE ( 'NONE', *, *, #2687, .T. ) ;
#3135 = DIRECTION ( 'NONE',  ( 0.0000000000000000000, 0.0000000000000000000, 1.000000000000000000 ) ) ;
#3136 = CARTESIAN_POINT ( 'NONE',  ( 0.9921259842519686300, 0.007874015748031721500, -1.000000000000000200 ) ) ;
#3137 = CARTESIAN_POINT ( 'NONE',  ( 0.6568097102872120200, 1.000000000000000200, -0.7978709628831938100 ) ) ;
#3138 = VECTOR ( 'NONE', #4766, 39.37007874015748100 ) ;
#3139 = CARTESIAN_POINT ( 'NONE',  ( 0.6842161017052411600, 0.9999606299212596700, -0.8380465580314079300 ) ) ;
#3140 = VECTOR ( 'NONE', #2396, 39.37007874015748100 ) ;
#3141 = CARTESIAN_POINT ( 'NONE',  ( 0.8621434454271006400, 1.000000000000000400, -0.8322834253861367500 ) ) ;
#3142 = ORIENTED_EDGE ( 'NONE', *, *, #809, .T. ) ;
#3143 = CARTESIAN_POINT ( 'NONE',  ( 0.6590173265444062600, 0.9999999999999996700, -0.8828500764721840500 ) ) ;
#3144 = LINE ( 'NONE', #2351, #1854 ) ;
#3145 = CARTESIAN_POINT ( 'NONE',  ( 0.8608106243658145700, 1.000000000000000000, -0.8087681238050392600 ) ) ;
#3146 = DIRECTION ( 'NONE',  ( -0.7071067811865821000, 0.0000000000000000000, -0.7071067811865130400 ) ) ;
#3147 = VECTOR ( 'NONE', #2818, 39.37007874015748100 ) ;
#3148 = CARTESIAN_POINT ( 'NONE',  ( 0.7417606572979164000, 1.000000000000000000, -0.8980394702805862800 ) ) ;
#3149 = FACE_OUTER_BOUND ( 'NONE', #4636, .T. ) ;
#3150 = CARTESIAN_POINT ( 'NONE',  ( 0.6081430149964995900, 0.9999606299212595600, -0.8575622992191936900 ) ) ;
#3151 = VECTOR ( 'NONE', #802, 39.37007874015748100 ) ;
#3152 = CARTESIAN_POINT ( 'NONE',  ( 0.6076213823679743600, 0.9999606299212596700, -0.8409465195321381700 ) ) ;
#3153 = CARTESIAN_POINT ( 'NONE',  ( 0.6126478658253375900, 1.000000000000000200, -0.8501462664434135100 ) ) ;
#3154 = CARTESIAN_POINT ( 'NONE',  ( 0.8730507893161333400, 0.9999606299212598900, -0.7946305174490138100 ) ) ;
#3155 = VERTEX_POINT ( 'NONE', #3657 ) ;
#3156 = FACE_OUTER_BOUND ( 'NONE', #5782, .T. ) ;
#3157 = CARTESIAN_POINT ( 'NONE',  ( 0.6229501914099792000, 1.000000000000000200, -0.8090333535814627800 ) ) ;
#3158 = CARTESIAN_POINT ( 'NONE',  ( 0.6421824666348899800, 0.9999606299212593400, -0.8143837600194534500 ) ) ;
#3159 = CARTESIAN_POINT ( 'NONE',  ( 0.6706475430244964700, 1.000000000000000200, -0.8423044501946997900 ) ) ;
#3160 = CARTESIAN_POINT ( 'NONE',  ( 0.8445735115109028700, 1.000000000000000400, -0.8628328359571440000 ) ) ;
#3161 = CARTESIAN_POINT ( 'NONE',  ( 0.5753453284274326900, 1.000000000000000000, -0.8429237729538301400 ) ) ;
#3162 = ORIENTED_EDGE ( 'NONE', *, *, #4973, .T. ) ;
#3163 = LINE ( 'NONE', #4162, #5684 ) ;
#3164 = CARTESIAN_POINT ( 'NONE',  ( 0.7014886445759778200, 1.000000000000000200, -0.8384172223326734600 ) ) ;
#3165 = EDGE_CURVE ( 'NONE', #2206, #3511, #637, .T. ) ;
#3166 = DIRECTION ( 'NONE',  ( -0.0000000000000000000, 1.000000000000000000, -0.0000000000000000000 ) ) ;
#3167 = EDGE_CURVE ( 'NONE', #696, #5135, #4967, .T. ) ;
#3168 = CARTESIAN_POINT ( 'NONE',  ( 0.6824885761076978600, 0.9999606299212601100, -0.8386963068130615100 ) ) ;
#3169 = CARTESIAN_POINT ( 'NONE',  ( 0.6966027912217243000, 1.000000000000000000, -0.8022954718073103100 ) ) ;
#3170 = ORIENTED_EDGE ( 'NONE', *, *, #2889, .T. ) ;
#3171 = CARTESIAN_POINT ( 'NONE',  ( 0.6134048711101943700, 1.000000000000000200, -0.8687612440302430200 ) ) ;
#3172 = CARTESIAN_POINT ( 'NONE',  ( 0.8458605391281902600, 0.9999606299212597800, -0.8192865215333755600 ) ) ;
#3173 = VERTEX_POINT ( 'NONE', #5230 ) ;
#3174 = CARTESIAN_POINT ( 'NONE',  ( 0.7665635637487823200, 1.000000000000000200, -0.8754590969021018900 ) ) ;
#3175 = ORIENTED_EDGE ( 'NONE', *, *, #2725, .F. ) ;
#3176 = CARTESIAN_POINT ( 'NONE',  ( 0.6134275668270540200, 1.000000000000000200, -0.8696798283811503200 ) ) ;
#3177 = CARTESIAN_POINT ( 'NONE',  ( 0.6257390876532752400, 0.9999606299212597800, -0.8338959204709851500 ) ) ;
#3178 = DIRECTION ( 'NONE',  ( 0.6512707515841398300, -0.0000000000000000000, 0.7588454441656941100 ) ) ;
#3179 = CARTESIAN_POINT ( 'NONE',  ( 0.6076325183217783400, 0.9999606299212596700, -0.7968804411740664200 ) ) ;
#3180 = PLANE ( 'NONE',  #803 ) ;
#3181 = B_SPLINE_SURFACE_WITH_KNOTS ( 'NONE', 3, 1, ( 
 ( #2885, #451 ),
 ( #3887, #939 ),
 ( #4388, #1420 ),
 ( #4899, #1922 ),
 ( #5386, #2417 ),
 ( #5903, #2902 ),
 ( #6401, #3402 ),
 ( #470, #3906 ),
 ( #957, #4414 ),
 ( #1435, #4916 ),
 ( #1945, #5409 ),
 ( #2436, #5927 ),
 ( #2924, #6420 ),
 ( #3419, #495 ),
 ( #3927, #976 ),
 ( #4435, #1459 ),
 ( #4933, #1963 ),
 ( #5434, #2457 ),
 ( #5946, #2943 ) ),
 .UNSPECIFIED., .F., .F., .F.,
 ( 4, 1, 1, 1, 1, 1, 1, 1, 1, 1, 1, 1, 1, 1, 1, 1, 4 ),
 ( 2, 2 ),
 ( 0.0000000000000000000, 0.08412499755509551800, 0.1645926146141852000, 0.2404076344618210300, 0.3133803856978125100, 0.3825554119012817300, 0.4493210957063721300, 0.5140188204243306700, 0.5772526214781109600, 0.6383166065431165000, 0.6954523136793128200, 0.7501335620901260500, 0.8018792343497646000, 0.8521228718548782300, 0.9011493547058082600, 0.9506226970545701400, 1.000000000000000000 ),
 ( 0.0000000000000000000, 1.000000000000000000 ),
 .UNSPECIFIED. ) ;
#3182 = DIRECTION ( 'NONE',  ( -0.7071067811865474600, -0.0000000000000000000, -0.7071067811865474600 ) ) ;
#3183 = CARTESIAN_POINT ( 'NONE',  ( 0.8837718579538483800, 0.9999606299212598900, -0.8148346871430812700 ) ) ;
#3184 = CARTESIAN_POINT ( 'NONE',  ( 0.6534916946766909900, 0.9999606299212596700, -0.8751130812335870000 ) ) ;
#3185 = CARTESIAN_POINT ( 'NONE',  ( 0.8077783007285690400, 0.9999606299212597800, -0.7956492701129210800 ) ) ;
#3186 = CARTESIAN_POINT ( 'NONE',  ( 0.8667519349988569400, 0.9999999999999998900, -0.7943900400690612200 ) ) ;
#3187 = CARTESIAN_POINT ( 'NONE',  ( 0.8794872145634480300, 0.9999606299212598900, -0.8960848091377628900 ) ) ;
#3188 = EDGE_LOOP ( 'NONE', ( #5870, #2764, #2228, #926 ) ) ;
#3189 = DIRECTION ( 'NONE',  ( -0.0000000000000000000, 1.000000000000000000, -0.0000000000000000000 ) ) ;
#3190 = CARTESIAN_POINT ( 'NONE',  ( 0.7614476464686851200, 0.9999606299212597800, -0.8874077669464911500 ) ) ;
#3191 = EDGE_LOOP ( 'NONE', ( #979, #3117, #5652, #1849 ) ) ;
#3192 = CARTESIAN_POINT ( 'NONE',  ( 0.7521545621976378800, 0.9999606299212597800, -0.8096223561691313600 ) ) ;
#3193 = VERTEX_POINT ( 'NONE', #3704 ) ;
#3194 = CARTESIAN_POINT ( 'NONE',  ( 0.6101471786089021100, 1.000000000000000200, -0.8802960271098861900 ) ) ;
#3195 = CARTESIAN_POINT ( 'NONE',  ( 0.6751955832177896100, 1.000000000000000000, -0.8061707122962493700 ) ) ;
#3196 = CARTESIAN_POINT ( 'NONE',  ( 0.7274750440919751600, 1.000000000000050600, -0.8257969152859044900 ) ) ;
#3197 = ORIENTED_EDGE ( 'NONE', *, *, #2058, .F. ) ;
#3198 = CARTESIAN_POINT ( 'NONE',  ( 0.5959663680780896700, 1.000000000000000000, -0.7956492701129210800 ) ) ;
#3199 = EDGE_CURVE ( 'NONE', #3023, #3059, #4417, .T. ) ;
#3200 = CARTESIAN_POINT ( 'NONE',  ( 0.8996638833839867300, 0.9999606299212597800, -0.5027132611538789300 ) ) ;
#3201 = CARTESIAN_POINT ( 'NONE',  ( 0.7491983948820778400, 0.9999606299212601100, -0.8855046618114305000 ) ) ;
#3202 = APPROVAL_DATE_TIME ( #4541, #1830 ) ;
#3203 = CARTESIAN_POINT ( 'NONE',  ( 0.8533274649460909100, 0.9999606299212596700, -0.8007243320446779700 ) ) ;
#3204 = CARTESIAN_POINT ( 'NONE',  ( 0.8891220540411261000, 0.9999999999999996700, -0.8884105292686528300 ) ) ;
#3205 = CARTESIAN_POINT ( 'NONE',  ( 0.8852670343849381500, 0.9999999999999998900, -0.8508359394587483600 ) ) ;
#3206 = B_SPLINE_SURFACE_WITH_KNOTS ( 'NONE', 3, 1, ( 
 ( #1162, #4630 ),
 ( #5130, #2154 ),
 ( #5638, #2643 ),
 ( #6145, #3131 ),
 ( #212, #3643 ),
 ( #699, #4148 ),
 ( #1179, #5985 ),
 ( #2979, #52 ),
 ( #3483, #548 ),
 ( #3989, #1032 ),
 ( #4493, #1517 ),
 ( #4995, #2019 ),
 ( #5495, #2516 ),
 ( #6002, #3002 ),
 ( #73, #3503 ),
 ( #570, #4014 ),
 ( #1051, #4514 ),
 ( #1542, #5013 ),
 ( #2037, #5520 ) ),
 .UNSPECIFIED., .F., .F., .F.,
 ( 4, 1, 1, 1, 1, 1, 1, 1, 1, 1, 1, 1, 1, 1, 1, 1, 4 ),
 ( 2, 2 ),
 ( 0.0000000000000000000, 0.08817828793540175000, 0.1703962258015031500, 0.2478554589180562200, 0.3223119628233701000, 0.3939861698943346600, 0.4626934939826076700, 0.5304592248215037600, 0.5989497110176137400, 0.6349980497359260000, 0.6748411946041481500, 0.7189748316776005700, 0.7666373843242463300, 0.8184614652166470900, 0.8745656704273197000, 0.9350741581065669100, 1.000000000000000000 ),
 ( 0.0000000000000000000, 1.000000000000000000 ),
 .UNSPECIFIED. ) ;
#3207 = CARTESIAN_POINT ( 'NONE',  ( 0.6049368624862077000, 0.9999606299212597800, -0.8559566737070764000 ) ) ;
#3208 = EDGE_CURVE ( 'NONE', #609, #2552, #1938, .T. ) ;
#3209 = VERTEX_POINT ( 'NONE', #757 ) ;
#3210 = FACE_OUTER_BOUND ( 'NONE', #3413, .T. ) ;
#3211 = CARTESIAN_POINT ( 'NONE',  ( 0.8668333470952482900, 1.000000000000000000, -0.8423933535639953600 ) ) ;
#3212 = EDGE_CURVE ( 'NONE', #229, #3173, #4691, .T. ) ;
#3213 = CARTESIAN_POINT ( 'NONE',  ( 0.6987118612371930900, 0.9999999999999996700, -0.8839518334515769100 ) ) ;
#3214 = LINE ( 'NONE', #4753, #4875 ) ;
#3215 = CARTESIAN_POINT ( 'NONE',  ( 0.8473608304682381800, 0.9999606299212597800, -0.8474726407326079700 ) ) ;
#3216 = FACE_OUTER_BOUND ( 'NONE', #2311, .T. ) ;
#3217 = CARTESIAN_POINT ( 'NONE',  ( 0.7348501238160573000, 0.9999606299212510100, -0.8080975995124571900 ) ) ;
#3218 = CARTESIAN_POINT ( 'NONE',  ( 0.7321819943424317000, 0.9999606299212596700, -0.8112728849199272200 ) ) ;
#3219 = CARTESIAN_POINT ( 'NONE',  ( 0.6554922597164457600, 0.9999606299212598900, -0.8143243265443435000 ) ) ;
#3220 = B_SPLINE_CURVE_WITH_KNOTS ( 'NONE', 3,
 ( #4239, #318, #2287, #5776, #2775, #6271, #3263, #342, #3774, #828, #4284 ),
 .UNSPECIFIED., .F., .F.,
 ( 4, 1, 1, 1, 1, 1, 1, 1, 4 ),
 ( 0.0000000000000000000, 0.1210409259551178500, 0.2361565684961483000, 0.3502598871584602900, 0.4667719731857892200, 0.5882478153244221600, 0.7153606937404156700, 0.8524502302519094700, 1.000000000000000000 ),
 .UNSPECIFIED. ) ;
#3221 = EDGE_LOOP ( 'NONE', ( #4299, #4957, #2717, #4586 ) ) ;
#3222 = LINE ( 'NONE', #388, #3071 ) ;
#3223 = CARTESIAN_POINT ( 'NONE',  ( 0.6721924002195728300, 0.9999606299212597800, -0.8531419597657975400 ) ) ;
#3224 = ORIENTED_EDGE ( 'NONE', *, *, #3594, .F. ) ;
#3225 = LINE ( 'NONE', #4955, #5750 ) ;
#3226 = CARTESIAN_POINT ( 'NONE',  ( 0.8969143988468566400, 0.9999999999999995600, -0.8266588453928458400 ) ) ;
#3227 = CARTESIAN_POINT ( 'NONE',  ( 0.8458605391281902600, 1.000000000000000000, -0.8192865215333755600 ) ) ;
#3228 = CARTESIAN_POINT ( 'NONE',  ( 0.8467344470048331400, 1.000000000000000400, -0.8136179477821795500 ) ) ;
#3229 = CARTESIAN_POINT ( 'NONE',  ( 0.8964040856304526000, 0.9999606299212597800, -0.8722162986731459800 ) ) ;
#3230 = EDGE_LOOP ( 'NONE', ( #4757, #2146, #797, #1197 ) ) ;
#3231 = CARTESIAN_POINT ( 'NONE',  ( 0.5028429247599257600, 0.9999606299212597800, -0.1002054203944308900 ) ) ;
#3232 = VECTOR ( 'NONE', #2213, 39.37007874015748100 ) ;
#3233 = B_SPLINE_SURFACE_WITH_KNOTS ( 'NONE', 3, 1, ( 
 ( #604, #1069 ),
 ( #4053, #1093 ),
 ( #4552, #1582 ),
 ( #5056, #2081 ),
 ( #5560, #2573 ),
 ( #6066, #3063 ),
 ( #141, #3568 ),
 ( #631, #4075 ),
 ( #1114, #4581 ),
 ( #1602, #5074 ),
 ( #2105, #5590 ),
 ( #2592, #6092 ),
 ( #3088, #159 ),
 ( #3590, #654 ),
 ( #4104, #1131 ),
 ( #4605, #1632 ),
 ( #5096, #2124 ),
 ( #5612, #2617 ),
 ( #6114, #3108 ) ),
 .UNSPECIFIED., .F., .F., .F.,
 ( 4, 1, 1, 1, 1, 1, 1, 1, 1, 1, 1, 1, 1, 1, 1, 1, 4 ),
 ( 2, 2 ),
 ( 0.0000000000000000000, 0.04461140070214060500, 0.08771103364401446100, 0.1305519678448846000, 0.1734812435493580700, 0.2172750310008206800, 0.2633226479506828300, 0.3118589299127195200, 0.3634664861580806900, 0.4194362964783537300, 0.4808868625215602100, 0.5492072408141092100, 0.6242104105436904200, 0.7063843999137394700, 0.7964922683424533500, 0.8942066700976112300, 1.000000000000000000 ),
 ( 0.0000000000000000000, 1.000000000000000000 ),
 .UNSPECIFIED. ) ;
#3234 = CARTESIAN_POINT ( 'NONE',  ( 0.6453656425716581800, 0.9999606299212598900, -0.8839245814934561000 ) ) ;
#3235 = DIRECTION ( 'NONE',  ( 0.0000000000000000000, 1.000000000000000000, -0.0000000000000000000 ) ) ;
#3236 = CARTESIAN_POINT ( 'NONE',  ( 0.8077653093004220100, 0.9999999999999998900, -0.8910139484482050300 ) ) ;
#3237 = ORIENTED_EDGE ( 'NONE', *, *, #1604, .T. ) ;
#3238 = ORIENTED_EDGE ( 'NONE', *, *, #927, .T. ) ;
#3239 = LINE ( 'NONE', #1998, #5600 ) ;
#3240 = DIRECTION ( 'NONE',  ( 0.9922778767136677400, 0.0000000000000000000, -0.1240347345892084700 ) ) ;
#3241 = CARTESIAN_POINT ( 'NONE',  ( 0.8604140238354764900, 0.9999999999999996700, -0.7959034908227862200 ) ) ;
#3242 = CARTESIAN_POINT ( 'NONE',  ( 0.7430220806912820600, 1.000000000000050200, -0.8048415345542089300 ) ) ;
#3243 = CARTESIAN_POINT ( 'NONE',  ( 0.6915758187421191500, 0.9999999999999998900, -0.8712147669180533300 ) ) ;
#3244 = CARTESIAN_POINT ( 'NONE',  ( 0.6711459385013577300, 1.000000000000000200, -0.8062574606935811700 ) ) ;
#3245 = ORIENTED_EDGE ( 'NONE', *, *, #3128, .F. ) ;
#3246 = CARTESIAN_POINT ( 'NONE',  ( 0.6866889124200469300, 0.9999606299212593400, -0.8491045496883568000 ) ) ;
#3247 = CARTESIAN_POINT ( 'NONE',  ( 0.8805281437401661900, 0.9999999999999996700, -0.7973109012671345500 ) ) ;
#3248 = PLANE ( 'NONE',  #767 ) ;
#3249 = EDGE_CURVE ( 'NONE', #5004, #4506, #3395, .T. ) ;
#3250 = CARTESIAN_POINT ( 'NONE',  ( 0.6933710935072319200, 0.9999606299212597800, -0.8461818078972461700 ) ) ;
#3251 = DIRECTION ( 'NONE',  ( -0.5773502691896224000, 0.5773502691896325000, -0.5773502691896222900 ) ) ;
#3252 = CARTESIAN_POINT ( 'NONE',  ( 0.5970916554227045900, 0.9999606299212596700, -0.8547655263470708100 ) ) ;
#3253 = CARTESIAN_POINT ( 'NONE',  ( 0.8983744662368514700, 1.000000000000000000, -0.8505977818603237500 ) ) ;
#3254 = EDGE_LOOP ( 'NONE', ( #2126, #47, #765, #3352 ) ) ;
#3255 = EDGE_CURVE ( 'NONE', #3673, #2767, #4654, .T. ) ;
#3256 = CARTESIAN_POINT ( 'NONE',  ( 0.3052134181456790900, 0.9999606299212597800, -0.5063941171341138600 ) ) ;
#3257 = AXIS2_PLACEMENT_3D ( 'NONE', #4785, #849, #4303 ) ;
#3258 = CARTESIAN_POINT ( 'NONE',  ( 0.6569836905870509700, 1.000000000000000400, -0.8950861732611439200 ) ) ;
#3259 = CARTESIAN_POINT ( 'NONE',  ( 0.6160205150238842200, 0.9999606299212596700, -0.8242504865637650900 ) ) ;
#3260 = ADVANCED_FACE ( 'NONE', ( #2928 ), #6266, .F. ) ;
#3261 = CARTESIAN_POINT ( 'NONE',  ( 0.8008880941636029600, 0.9999606299212598900, -0.8690254043350716900 ) ) ;
#3262 = VERTEX_POINT ( 'NONE', #4801 ) ;
#3263 = CARTESIAN_POINT ( 'NONE',  ( 0.6147307117921548800, 1.000000000000000200, -0.8170013790600103600 ) ) ;
#3264 = CARTESIAN_POINT ( 'NONE',  ( 0.8458605391281902600, 1.000000000000000000, -0.8192865215333755600 ) ) ;
#3265 = CARTESIAN_POINT ( 'NONE',  ( 0.6265593731717509200, 0.9999606299212597800, -0.8253394635203844500 ) ) ;
#3266 = VERTEX_POINT ( 'NONE', #4278 ) ;
#3267 = CARTESIAN_POINT ( 'NONE',  ( 0.6742085894214486800, 1.000000000000000200, -0.8862104910673974700 ) ) ;
#3268 = CARTESIAN_POINT ( 'NONE',  ( 0.7159047316127144000, 1.000000000000000400, -0.8522433446504831300 ) ) ;
#3269 = B_SPLINE_SURFACE_WITH_KNOTS ( 'NONE', 3, 1, ( 
 ( #359, #1827 ),
 ( #5811, #2813 ),
 ( #6313, #3301 ),
 ( #377, #3814 ),
 ( #867, #4320 ),
 ( #1346, #4827 ),
 ( #1851, #5314 ),
 ( #2349, #5835 ),
 ( #2831, #6336 ),
 ( #3327, #405 ),
 ( #3834, #890 ) ),
 .UNSPECIFIED., .F., .F., .F.,
 ( 4, 1, 1, 1, 1, 1, 1, 1, 4 ),
 ( 2, 2 ),
 ( 0.0000000000000000000, 0.1210409259551178500, 0.2361565684961483000, 0.3502598871584602900, 0.4667719731857892200, 0.5882478153244221600, 0.7153606937404156700, 0.8524502302519094700, 1.000000000000000000 ),
 ( 0.0000000000000000000, 1.000000000000000000 ),
 .UNSPECIFIED. ) ;
#3270 = ORIENTED_EDGE ( 'NONE', *, *, #435, .T. ) ;
#3271 = CARTESIAN_POINT ( 'NONE',  ( 0.6529239845504831700, 0.9999606299212597800, -0.8671042578919975200 ) ) ;
#3272 = B_SPLINE_CURVE_WITH_KNOTS ( 'NONE', 3,
 ( #5996, #4006, #5007, #2033, #5511, #2527, #6013, #3016, #92, #3520, #583, #4032, #1067, #4528, #1556, #5034, #2050, #5533, #2549 ),
 .UNSPECIFIED., .F., .F.,
 ( 4, 1, 1, 1, 1, 1, 1, 1, 1, 1, 1, 1, 1, 1, 1, 1, 4 ),
 ( 0.0000000000000000000, 0.05343513490584850300, 0.1055018598988582800, 0.1565256309121778000, 0.2081407567631196100, 0.2604235271861906100, 0.3144196021146532000, 0.3703210988382157900, 0.4295989642794054700, 0.4909858930407010000, 0.5540450368840156300, 0.6194960685752022300, 0.6873760664201034000, 0.7590855673415848300, 0.8350776171647551500, 0.9150204474840063500, 0.9999999999999998900 ),
 .UNSPECIFIED. ) ;
#3273 = ORIENTED_EDGE ( 'NONE', *, *, #2642, .T. ) ;
#3274 = CARTESIAN_POINT ( 'NONE',  ( 0.7052202280086852200, 1.000000000000000000, -0.8277995703189258100 ) ) ;
#3275 = CARTESIAN_POINT ( 'NONE',  ( 1.000000000000000200, 0.007874015748031721500, -1.000000000000000200 ) ) ;
#3276 = CARTESIAN_POINT ( 'NONE',  ( 0.6020421464665122200, 0.9999606299212598900, -0.8077570286750066500 ) ) ;
#3277 = CARTESIAN_POINT ( 'NONE',  ( 0.8455235229720218200, 0.9999999999999996700, -0.8749530632248977400 ) ) ;
#3278 = CARTESIAN_POINT ( 'NONE',  ( 0.8693746798641631700, 1.000000000000000000, -0.8311051472436028500 ) ) ;
#3279 = ORIENTED_EDGE ( 'NONE', *, *, #3126, .T. ) ;
#3280 = B_SPLINE_SURFACE_WITH_KNOTS ( 'NONE', 3, 1, ( 
 ( #6031, #4046 ),
 ( #1085, #4542 ),
 ( #1575, #5049 ),
 ( #2070, #5552 ),
 ( #2568, #6058 ),
 ( #3055, #132 ),
 ( #3562, #620 ),
 ( #4067, #1107 ),
 ( #4569, #1592 ),
 ( #5068, #2096 ),
 ( #5578, #2585 ),
 ( #6085, #3078 ),
 ( #151, #3583 ),
 ( #647, #4091 ),
 ( #1125, #4596 ),
 ( #1622, #5086 ),
 ( #2119, #5603 ),
 ( #2606, #6102 ),
 ( #3100, #177 ) ),
 .UNSPECIFIED., .F., .F., .F.,
 ( 4, 1, 1, 1, 1, 1, 1, 1, 1, 1, 1, 1, 1, 1, 1, 1, 4 ),
 ( 2, 2 ),
 ( 0.0000000000000000000, 0.05448009246431962500, 0.1080121061230353000, 0.1624020805148271000, 0.2197410793770111800, 0.2504376624788846600, 0.2831020729768545800, 0.3181044825731667600, 0.3562531673846141000, 0.3964930766068895400, 0.4401955470911520500, 0.4867096880300288400, 0.5364659223455764400, 0.6422981565611767300, 0.7543117431870994800, 0.8733451463659710500, 1.000000000000000000 ),
 ( 0.0000000000000000000, 1.000000000000000000 ),
 .UNSPECIFIED. ) ;
#3281 = CARTESIAN_POINT ( 'NONE',  ( 0.6503495900031444100, 0.9999606299212595600, -0.8284545384861493600 ) ) ;
#3282 = CARTESIAN_POINT ( 'NONE',  ( 0.8699491963917437300, 1.000000000000000000, -0.8048415345542089300 ) ) ;
#3283 = CARTESIAN_POINT ( 'NONE',  ( 0.7867674105770539100, 1.000000000000000000, -0.8599951212019361100 ) ) ;
#3284 = APPLICATION_PROTOCOL_DEFINITION ( 'international standard', 'config_control_design', 1994, #3799 ) ;
#3285 = CARTESIAN_POINT ( 'NONE',  ( 0.6918560138355316400, 1.000000000000000000, -0.8135101382745471000 ) ) ;
#3286 = CARTESIAN_POINT ( 'NONE',  ( 0.6043858590742985400, 1.000000000000000200, -0.8080955610924148700 ) ) ;
#3287 = CARTESIAN_POINT ( 'NONE',  ( 0.7225894243310396800, 0.9999606299212598900, -0.8848542636675346100 ) ) ;
#3288 = EDGE_LOOP ( 'NONE', ( #5682, #4999, #5116, #4526 ) ) ;
#3289 = LENGTH_MEASURE_WITH_UNIT ( LENGTH_MEASURE( 0.02539999999999999900 ), #5256 );
#3290 = ADVANCED_FACE ( 'NONE', ( #1626 ), #3269, .T. ) ;
#3291 = EDGE_CURVE ( 'NONE', #4297, #2940, #4407, .T. ) ;
#3292 = CARTESIAN_POINT ( 'NONE',  ( 0.8722685185980337800, 0.9999606299212598900, -0.8416339194362534300 ) ) ;
#3293 = CARTESIAN_POINT ( 'NONE',  ( 0.007874015748031721500, 1.000000000000000000, -0.007874015748031584400 ) ) ;
#3294 = ORIENTED_EDGE ( 'NONE', *, *, #5273, .F. ) ;
#3295 = CARTESIAN_POINT ( 'NONE',  ( 0.6779050825115117100, 1.000000000000000200, -0.8517052147122785600 ) ) ;
#3296 = VECTOR ( 'NONE', #1797, 39.37007874015748100 ) ;
#3297 = DIRECTION ( 'NONE',  ( 0.0000000000000000000, 0.0000000000000000000, 1.000000000000000000 ) ) ;
#3298 = CARTESIAN_POINT ( 'NONE',  ( 0.7578076304937556600, 0.9999606299212597800, -0.8920995783567230400 ) ) ;
#3299 = CARTESIAN_POINT ( 'NONE',  ( 0.8559671026711152000, 0.9999606299212595600, -0.8929604015054396500 ) ) ;
#3300 = FACE_BOUND ( 'NONE', #805, .T. ) ;
#3301 = CARTESIAN_POINT ( 'NONE',  ( 0.6086113202413974100, 0.9999999999999998900, -0.8097117274253781100 ) ) ;
#3302 = EDGE_CURVE ( 'NONE', #5816, #2794, #5428, .T. ) ;
#3303 = ORIENTED_EDGE ( 'NONE', *, *, #3208, .T. ) ;
#3304 = LINE ( 'NONE', #4846, #5661 ) ;
#3305 = CARTESIAN_POINT ( 'NONE',  ( 0.6679926923908258200, 0.9999606299212596700, -0.8068132919515627100 ) ) ;
#3306 = CARTESIAN_POINT ( 'NONE',  ( 0.8724103109306170500, 0.9999999999999998900, -0.8049720510771495300 ) ) ;
#3307 = AXIS2_PLACEMENT_3D ( 'NONE', #3371, #5381, #2413 ) ;
#3308 = VECTOR ( 'NONE', #2835, 39.37007874015748100 ) ;
#3309 = PLANE ( 'NONE',  #3640 ) ;
#3310 = VERTEX_POINT ( 'NONE', #443 ) ;
#3311 = CARTESIAN_POINT ( 'NONE',  ( 0.7418427097796992400, 0.9999999999999998900, -0.8875529597883546900 ) ) ;
#3312 = APPROVAL_STATUS ( 'not_yet_approved' ) ;
#3313 = LINE ( 'NONE', #3745, #1860 ) ;
#3314 = VECTOR ( 'NONE', #3182, 39.37007874015748100 ) ;
#3315 = CARTESIAN_POINT ( 'NONE',  ( 0.7196831792885518600, 0.9999606299212601100, -0.8140204259565855200 ) ) ;
#3316 = CARTESIAN_POINT ( 'NONE',  ( 0.7365920124911254900, 1.000000000000000000, -0.8973380169243043700 ) ) ;
#3317 = B_SPLINE_SURFACE_WITH_KNOTS ( 'NONE', 3, 1, ( 
 ( #1871, #5312 ),
 ( #5333, #2362 ),
 ( #5849, #2852 ),
 ( #6350, #3345 ),
 ( #423, #3857 ),
 ( #903, #4362 ),
 ( #1388, #4863 ),
 ( #1889, #5357 ),
 ( #2382, #5867 ),
 ( #2872, #6371 ),
 ( #3364, #441 ),
 ( #3879, #923 ),
 ( #4379, #1408 ),
 ( #4883, #1909 ),
 ( #5374, #2405 ),
 ( #5888, #2892 ),
 ( #6388, #3384 ),
 ( #457, #3895 ),
 ( #946, #4396 ) ),
 .UNSPECIFIED., .F., .F., .F.,
 ( 4, 1, 1, 1, 1, 1, 1, 1, 1, 1, 1, 1, 1, 1, 1, 1, 4 ),
 ( 2, 2 ),
 ( 0.0000000000000000000, 0.05441990084519050100, 0.1060523162565186300, 0.1549730787461437700, 0.2012838652153516000, 0.2452075788106317400, 0.2863483776397995900, 0.3259675705682540900, 0.3636675859428596400, 0.4367582574700974400, 0.5112362885366319400, 0.5876989460161559100, 0.6682289134090632100, 0.7504893743805776100, 0.8322579304600490300, 0.9146071290589894400, 1.000000000000000000 ),
 ( 0.0000000000000000000, 1.000000000000000000 ),
 .UNSPECIFIED. ) ;
#3318 = CARTESIAN_POINT ( 'NONE',  ( 0.7687884597440656200, 0.9999606299212598900, -0.8289288941099090000 ) ) ;
#3319 = ORIENTED_EDGE ( 'NONE', *, *, #2559, .T. ) ;
#3320 = CARTESIAN_POINT ( 'NONE',  ( 0.8807323506694609800, 0.9999999999999998900, -0.8449482299153929800 ) ) ;
#3321 = LINE ( 'NONE', #2332, #4350 ) ;
#3322 = CARTESIAN_POINT ( 'NONE',  ( 0.6569836905870509700, 1.000000000000000400, -0.8950861732611439200 ) ) ;
#3323 = CARTESIAN_POINT ( 'NONE',  ( 0.6897561912056050500, 0.9999606299212597800, -0.8479302741227458000 ) ) ;
#3324 = CARTESIAN_POINT ( 'NONE',  ( 0.8878823194312205300, 1.000000000000000000, -0.8643450320536171200 ) ) ;
#3325 = CARTESIAN_POINT ( 'NONE',  ( 0.8694546653138124400, 0.9999999999999998900, -0.8980517787519469700 ) ) ;
#3326 = ADVANCED_FACE ( 'NONE', ( #4264 ), #4381, .T. ) ;
#3327 = CARTESIAN_POINT ( 'NONE',  ( 0.6160205150238842200, 0.9999606299212596700, -0.8242504865637650900 ) ) ;
#3328 = B_SPLINE_SURFACE_WITH_KNOTS ( 'NONE', 3, 1, ( 
 ( #5481, #1502 ),
 ( #2988, #60 ),
 ( #3492, #559 ),
 ( #3997, #1039 ),
 ( #4502, #1527 ),
 ( #5002, #2029 ),
 ( #5504, #2521 ),
 ( #6009, #3010 ),
 ( #83, #3514 ),
 ( #578, #4025 ),
 ( #1058, #4521 ),
 ( #1550, #5024 ),
 ( #2044, #5529 ),
 ( #2545, #6029 ),
 ( #3032, #111 ),
 ( #3533, #598 ),
 ( #4044, #1084 ),
 ( #4540, #1574 ),
 ( #5048, #2068 ) ),
 .UNSPECIFIED., .F., .F., .F.,
 ( 4, 1, 1, 1, 1, 1, 1, 1, 1, 1, 1, 1, 1, 1, 1, 1, 4 ),
 ( 2, 2 ),
 ( 0.0000000000000000000, 0.05404122374562317400, 0.1069654310112304300, 0.1594539785943360200, 0.2125581879348216200, 0.2660930470173581400, 0.3215611914258257300, 0.3793275444253753100, 0.4402431090674896500, 0.5026657750326939400, 0.5664400990795688300, 0.6312763839525156200, 0.6984011148730701100, 0.7684817318052744600, 0.8417846445762228200, 0.9188064485756204400, 1.000000000000000000 ),
 ( 0.0000000000000000000, 1.000000000000000000 ),
 .UNSPECIFIED. ) ;
#3329 = EDGE_LOOP ( 'NONE', ( #4, #1709, #1959, #1721, #5506, #2652, #5324 ) ) ;
#3330 = LINE ( 'NONE', #4603, #722 ) ;
#3331 = CARTESIAN_POINT ( 'NONE',  ( 0.8882651919465388600, 0.9999999999999995600, -0.8304427248350855200 ) ) ;
#3332 = CARTESIAN_POINT ( 'NONE',  ( 0.7430220806912820600, 1.000000000000000000, -0.8048415345542089300 ) ) ;
#3333 = CARTESIAN_POINT ( 'NONE',  ( 0.8642156577574826600, 1.000000000000000200, -0.8849981493991849700 ) ) ;
#3334 = ORIENTED_EDGE ( 'NONE', *, *, #3342, .F. ) ;
#3335 = DIRECTION ( 'NONE',  ( -0.0000000000000000000, 1.000000000000000000, -0.0000000000000000000 ) ) ;
#3336 = EDGE_LOOP ( 'NONE', ( #5216, #5832, #2647, #6357 ) ) ;
#3337 = CARTESIAN_POINT ( 'NONE',  ( 0.7611850694413494500, 1.000000000000000200, -0.8044586174809665900 ) ) ;
#3338 = AXIS2_PLACEMENT_3D ( 'NONE', #32, #1015, #4464 ) ;
#3339 = CARTESIAN_POINT ( 'NONE',  ( 0.8872616773849944000, 0.9999606299212596700, -0.8569145064332350800 ) ) ;
#3340 = ORIENTED_EDGE ( 'NONE', *, *, #592, .F. ) ;
#3341 = CARTESIAN_POINT ( 'NONE',  ( 0.6716589205868196400, 0.9999606299212597800, -0.8980773596015574300 ) ) ;
#3342 = EDGE_CURVE ( 'NONE', #4828, #5366, #336, .T. ) ;
#3343 = CARTESIAN_POINT ( 'NONE',  ( 0.8693746798641631700, 0.9999606299212597800, -0.8311051472436028500 ) ) ;
#3344 = CARTESIAN_POINT ( 'NONE',  ( 0.6043858590742985400, 1.000000000000000200, -0.8080955610924148700 ) ) ;
#3345 = CARTESIAN_POINT ( 'NONE',  ( 0.6006691101548224900, 1.000000000000000000, -0.8965965055630784600 ) ) ;
#3346 = EDGE_CURVE ( 'NONE', #11, #5460, #4106, .T. ) ;
#3347 = ORIENTED_EDGE ( 'NONE', *, *, #2637, .T. ) ;
#3348 = CARTESIAN_POINT ( 'NONE',  ( 0.6186336770397309300, 1.000000000000000200, -0.8029257786886218100 ) ) ;
#3349 = ORIENTED_EDGE ( 'NONE', *, *, #5945, .T. ) ;
#3350 = DIRECTION ( 'NONE',  ( -0.0000000000000000000, 1.000000000000000000, -0.0000000000000000000 ) ) ;
#3351 = CARTESIAN_POINT ( 'NONE',  ( 0.6232649003234568300, 0.9999999999999996700, -0.8648312709689696100 ) ) ;
#3352 = ORIENTED_EDGE ( 'NONE', *, *, #4826, .T. ) ;
#3353 = CARTESIAN_POINT ( 'NONE',  ( 0.7581023423194213100, 1.000000000000000200, -0.8259323101431755900 ) ) ;
#3354 = VERTEX_POINT ( 'NONE', #6376 ) ;
#3355 = CARTESIAN_POINT ( 'NONE',  ( 0.8563146875033063000, 0.9999606299212596700, -0.8732119606537874800 ) ) ;
#3356 = ORIENTED_EDGE ( 'NONE', *, *, #4057, .T. ) ;
#3357 = CARTESIAN_POINT ( 'NONE',  ( 0.8603605893049506300, 0.9999606299212593400, -0.8958332239456484600 ) ) ;
#3358 = CARTESIAN_POINT ( 'NONE',  ( 0.6136870596885203300, 1.000000000000000200, -0.8496617190287381000 ) ) ;
#3359 = CARTESIAN_POINT ( 'NONE',  ( 0.7437981401680274800, 0.9999606299212596700, -0.7943731448321257300 ) ) ;
#3360 = CARTESIAN_POINT ( 'NONE',  ( 0.6911593673155888000, 0.9999999999999998900, -0.8924919847990195900 ) ) ;
#3361 = EDGE_LOOP ( 'NONE', ( #167, #4082, #6167 ) ) ;
#3362 = DIRECTION ( 'NONE',  ( 0.4832823832550002300, -0.0000000000000000000, 0.8754645270000190900 ) ) ;
#3363 = CARTESIAN_POINT ( 'NONE',  ( 0.7867674105770539100, 0.9999606299212597800, -0.8599951212019361100 ) ) ;
#3364 = CARTESIAN_POINT ( 'NONE',  ( 0.6139787629628313800, 0.9999606299212601100, -0.8922766532222465900 ) ) ;
#3365 = CARTESIAN_POINT ( 'NONE',  ( 0.8603605893049506300, 0.9999999999999995600, -0.8958332239456484600 ) ) ;
#3366 = ORIENTED_EDGE ( 'NONE', *, *, #4387, .T. ) ;
#3367 = APPROVAL_PERSON_ORGANIZATION ( #4709, #1830, #5320 ) ;
#3368 = CARTESIAN_POINT ( 'NONE',  ( 0.7867674105770539100, 1.000000000000000000, -0.8718137469121635100 ) ) ;
#3369 = CARTESIAN_POINT ( 'NONE',  ( 0.7346794697994044600, 0.9999606299212597800, -0.8842411082064810500 ) ) ;
#3370 = ORIENTED_EDGE ( 'NONE', *, *, #1735, .T. ) ;
#3371 = CARTESIAN_POINT ( 'NONE',  ( 0.0000000000000000000, 0.007874015748031721500, 0.0000000000000000000 ) ) ;
#3372 = FACE_BOUND ( 'NONE', #6095, .T. ) ;
#3373 = DIRECTION ( 'NONE',  ( 0.6512707515841398300, 0.0000000000000000000, 0.7588454441656941100 ) ) ;
#3374 = CARTESIAN_POINT ( 'NONE',  ( 0.6245816421447770700, 1.000000000000000200, -0.8376960267611269800 ) ) ;
#3375 = ORIENTED_EDGE ( 'NONE', *, *, #2551, .F. ) ;
#3376 = EDGE_CURVE ( 'NONE', #4076, #2804, #4089, .T. ) ;
#3377 = LINE ( 'NONE', #5694, #5891 ) ;
#3378 = VECTOR ( 'NONE', #3297, 39.37007874015748100 ) ;
#3379 = EDGE_CURVE ( 'NONE', #3803, #117, #3807, .T. ) ;
#3380 = DIRECTION ( 'NONE',  ( -0.4832823832550038300, -0.0000000000000000000, 0.8754645270000170900 ) ) ;
#3381 = CARTESIAN_POINT ( 'NONE',  ( 0.7026426933553757700, 0.9999606299212598900, -0.8693689714239283300 ) ) ;
#3382 = CARTESIAN_POINT ( 'NONE',  ( 0.8996638833839867300, 0.9999606299212597800, -0.5027132611538789300 ) ) ;
#3383 = CARTESIAN_POINT ( 'NONE',  ( 0.6019104203389116200, 0.9999606299212601100, -0.8844398548227142600 ) ) ;
#3384 = CARTESIAN_POINT ( 'NONE',  ( 0.6238052882976883300, 1.000000000000000400, -0.8749395792511751600 ) ) ;
#3385 = VERTEX_POINT ( 'NONE', #4400 ) ;
#3386 = CARTESIAN_POINT ( 'NONE',  ( 0.7407267046288600300, 1.000000000000049700, -0.8875154412916288500 ) ) ;
#3387 = VECTOR ( 'NONE', #1429, 39.37007874015748100 ) ;
#3388 = ORIENTED_EDGE ( 'NONE', *, *, #5058, .T. ) ;
#3389 = DIRECTION ( 'NONE',  ( 2.211080020811593500E-016, 0.7071067811865534600, -0.7071067811865413600 ) ) ;
#3390 = FACE_OUTER_BOUND ( 'NONE', #5542, .T. ) ;
#3391 = CARTESIAN_POINT ( 'NONE',  ( 0.8077653093004220100, 0.9999606299212596700, -0.8910139484482050300 ) ) ;
#3392 = EDGE_LOOP ( 'NONE', ( #4996, #2899, #1146, #1503 ) ) ;
#3393 = CARTESIAN_POINT ( 'NONE',  ( 0.6528229858611448400, 0.9999606299212597800, -0.8701312342242492100 ) ) ;
#3394 = ORIENTED_EDGE ( 'NONE', *, *, #3418, .T. ) ;
#3395 = LINE ( 'NONE', #3256, #1789 ) ;
#3396 = DIRECTION ( 'NONE',  ( -0.0000000000000000000, 0.0000000000000000000, 1.000000000000000000 ) ) ;
#3397 = CARTESIAN_POINT ( 'NONE',  ( 0.8830773159976556000, 0.9999999999999996700, -0.8813758192757522600 ) ) ;
#3398 = CARTESIAN_POINT ( 'NONE',  ( 0.6617441585673039500, 0.9999606299212595600, -0.8450147317442354700 ) ) ;
#3399 = ORIENTED_EDGE ( 'NONE', *, *, #6193, .F. ) ;
#3400 = LINE ( 'NONE', #5802, #2257 ) ;
#3401 = B_SPLINE_CURVE_WITH_KNOTS ( 'NONE', 3,
 ( #4965, #4456, #2490, #5974, #2969, #44, #3471, #533, #3978, #1024, #4480, #1504, #4982, #2007, #5483 ),
 .UNSPECIFIED., .F., .F.,
 ( 4, 1, 1, 1, 1, 1, 1, 1, 1, 1, 1, 1, 4 ),
 ( 0.0000000000000000000, 0.09191484500950633500, 0.1793500136985484700, 0.2627602509497603000, 0.3438245629315450600, 0.4230536694981499300, 0.5001537638566722100, 0.5774020559630029800, 0.6564709802344421700, 0.7376500484536395700, 0.8208783262149136300, 0.9079232481193407800, 1.000000000000000000 ),
 .UNSPECIFIED. ) ;
#3402 = CARTESIAN_POINT ( 'NONE',  ( 0.8860378271879345600, 1.000000000000000000, -0.8760711633812491300 ) ) ;
#3403 = CARTESIAN_POINT ( 'NONE',  ( 0.8533274649460909100, 0.9999606299212597800, -0.8007243320446779700 ) ) ;
#3404 = CARTESIAN_POINT ( 'NONE',  ( 0.007874015748031858500, 0.0000000000000000000, -0.9921259842519684100 ) ) ;
#3405 = ORIENTED_EDGE ( 'NONE', *, *, #6324, .F. ) ;
#3406 = MANIFOLD_SOLID_BREP ( '23268-001-2-solid1', #1510 ) ;
#3407 = CARTESIAN_POINT ( 'NONE',  ( 0.8860378271879345600, 0.9999606299212596700, -0.8760711633812491300 ) ) ;
#3408 = CARTESIAN_POINT ( 'NONE',  ( 0.7680606452598932600, 0.9999999999999998900, -0.8238985608199584900 ) ) ;
#3409 = CARTESIAN_POINT ( 'NONE',  ( 0.7308687178538354500, 0.9999606299212597800, -0.8790223098753259200 ) ) ;
#3410 = CARTESIAN_POINT ( 'NONE',  ( 0.6650004775171559600, 1.000000000000000000, -0.8076817356762992000 ) ) ;
#3411 = CARTESIAN_POINT ( 'NONE',  ( 0.5984718446311810800, 1.000000000000000200, -0.8967478582226254800 ) ) ;
#3412 = CARTESIAN_POINT ( 'NONE',  ( 0.6129072647463760200, 1.000000000000000200, -0.8645376743504533700 ) ) ;
#3413 = EDGE_LOOP ( 'NONE', ( #5749, #574, #880 ) ) ;
#3414 = ADVANCED_FACE ( 'NONE', ( #3946 ), #1955, .T. ) ;
#3415 = CARTESIAN_POINT ( 'NONE',  ( 0.7308687178538354500, 1.000000000000000000, -0.8790223098753259200 ) ) ;
#3416 = VERTEX_POINT ( 'NONE', #1490 ) ;
#3417 = CARTESIAN_POINT ( 'NONE',  ( 0.6504325242623354400, 0.9999999999999998900, -0.8511434523432579400 ) ) ;
#3418 = EDGE_CURVE ( 'NONE', #5760, #2567, #3401, .T. ) ;
#3419 = CARTESIAN_POINT ( 'NONE',  ( 0.8778815895697177400, 0.9999606299212597800, -0.8860581323314590300 ) ) ;
#3420 = AXIS2_PLACEMENT_3D ( 'NONE', #6361, #433, #3871 ) ;
#3421 = CARTESIAN_POINT ( 'NONE',  ( 0.7053055848402031100, 1.000000000000000000, -0.8224085913857439600 ) ) ;
#3422 = CARTESIAN_POINT ( 'NONE',  ( 0.6848363750575893200, 1.000000000000000200, -0.8079766832196494400 ) ) ;
#3423 = EDGE_CURVE ( 'NONE', #3310, #3815, #2620, .T. ) ;
#3424 = CARTESIAN_POINT ( 'NONE',  ( 0.5959663680780896700, 0.9999606299212597800, -0.7956492701129210800 ) ) ;
#3425 = CARTESIAN_POINT ( 'NONE',  ( 0.7677428638808744300, 1.000000000000000000, -0.8705319688606599800 ) ) ;
#3426 = CARTESIAN_POINT ( 'NONE',  ( 0.7427143039800782100, 1.000000000000000000, -0.7943360894784513600 ) ) ;
#3427 = CARTESIAN_POINT ( 'NONE',  ( 0.7266027879546889100, 1.000000000000050200, -0.8572514385046637900 ) ) ;
#3428 = B_SPLINE_CURVE_WITH_KNOTS ( 'NONE', 3,
 ( #4038, #589, #2059, #5540, #2557, #6048, #3046, #123, #3553, #607, #4060, #1097, #4558, #1586, #5061, #2087, #5565, #2577, #6073, #3068, #144, #3573, #638, #4080, #1115, #4585, #1609 ),
 .UNSPECIFIED., .F., .F.,
 ( 4, 1, 1, 1, 1, 1, 1, 1, 1, 1, 1, 1, 1, 1, 1, 1, 1, 1, 1, 1, 1, 1, 1, 1, 4 ),
 ( 0.0000000000000000000, 0.02999254000424278800, 0.05988765824215254400, 0.08952798136277485800, 0.1191969217462761400, 0.1495620541731854900, 0.1802969880107635800, 0.2118561156720021900, 0.2444942577915404900, 0.2777728978183695000, 0.3118577989205675900, 0.3465136761103508300, 0.3821460087630955100, 0.4188459932314990700, 0.4570305446283730000, 0.4968164127269490400, 0.5380658000762206200, 0.5818416214535223600, 0.6295539024461216400, 0.6809740009360099000, 0.7362938138258241500, 0.7958930195968693100, 0.8595676369009319600, 0.9276884041951013500, 1.000000000000000000 ),
 .UNSPECIFIED. ) ;
#3429 = AXIS2_PLACEMENT_3D ( 'NONE', #4227, #2258, #5226 ) ;
#3430 = CARTESIAN_POINT ( 'NONE',  ( 0.7289050718246802300, 1.000000000000000000, -0.8185437283646475000 ) ) ;
#3431 = B_SPLINE_SURFACE_WITH_KNOTS ( 'NONE', 3, 1, ( 
 ( #5609, #1130 ),
 ( #4139, #1173 ),
 ( #4644, #1670 ),
 ( #5141, #2171 ),
 ( #5650, #2656 ),
 ( #6155, #3145 ),
 ( #225, #3655 ),
 ( #711, #4161 ),
 ( #1190, #4667 ),
 ( #1693, #5162 ),
 ( #2192, #5673 ) ),
 .UNSPECIFIED., .F., .F., .F.,
 ( 4, 1, 1, 1, 1, 1, 1, 1, 4 ),
 ( 2, 2 ),
 ( 0.0000000000000000000, 0.1637156727300513000, 0.3097030978011294800, 0.4399065311477651200, 0.5578115659498964500, 0.6677251599439778500, 0.7741494759536943200, 0.8834412521591856700, 1.000000000000000000 ),
 ( 0.0000000000000000000, 1.000000000000000000 ),
 .UNSPECIFIED. ) ;
#3432 = CARTESIAN_POINT ( 'NONE',  ( 0.6185606063734115900, 1.000000000000000200, -0.8877065582312834200 ) ) ;
#3433 = CARTESIAN_POINT ( 'NONE',  ( 0.6751322205417627000, 0.9999999999999998900, -0.8524327310249149000 ) ) ;
#3434 = CARTESIAN_POINT ( 'NONE',  ( 1.000000000000000200, 1.000000000000000000, -0.9921259842519685200 ) ) ;
#3435 = VERTEX_POINT ( 'NONE', #5463 ) ;
#3436 = DIRECTION ( 'NONE',  ( 0.5773502691896290600, 0.5773502691896191800, 0.5773502691896290600 ) ) ;
#3437 = CARTESIAN_POINT ( 'NONE',  ( 0.6575360906113553200, 0.9999606299212597800, -0.8466877476235965500 ) ) ;
#3438 = CARTESIAN_POINT ( 'NONE',  ( 0.6423432039470621200, 0.9999606299212597800, -0.8692736334862003500 ) ) ;
#3439 = ADVANCED_FACE ( 'NONE', ( #2780 ), #3494, .F. ) ;
#3440 = DIRECTION ( 'NONE',  ( 0.0000000000000000000, 0.0000000000000000000, 1.000000000000000000 ) ) ;
#3441 = ORIENTED_EDGE ( 'NONE', *, *, #474, .T. ) ;
#3442 = CARTESIAN_POINT ( 'NONE',  ( 0.6936285396946487700, 0.9999606299212601100, -0.7998502538064762300 ) ) ;
#3443 = CARTESIAN_POINT ( 'NONE',  ( 0.6935466577277623600, 0.9999606299212595600, -0.8164818606538322100 ) ) ;
#3444 = ADVANCED_FACE ( 'NONE', ( #1313 ), #63, .F. ) ;
#3445 = EDGE_LOOP ( 'NONE', ( #5261, #2654, #3835, #5608 ) ) ;
#3446 = PLANE ( 'NONE',  #4864 ) ;
#3447 = CARTESIAN_POINT ( 'NONE',  ( 0.7428374146645597700, 1.000000000000000000, -0.8980773596015574300 ) ) ;
#3448 = ORIENTED_EDGE ( 'NONE', *, *, #5570, .T. ) ;
#3449 = ORIENTED_EDGE ( 'NONE', *, *, #2193, .F. ) ;
#3450 = VECTOR ( 'NONE', #5176, 39.37007874015748100 ) ;
#3451 = CARTESIAN_POINT ( 'NONE',  ( 0.8077783007285690400, 0.9999606299212597800, -0.7956492701129210800 ) ) ;
#3452 = LINE ( 'NONE', #5757, #4639 ) ;
#3453 = CARTESIAN_POINT ( 'NONE',  ( 0.3331548727153805800, 0.9999606299212597800, -0.4971905738270271400 ) ) ;
#3454 = CARTESIAN_POINT ( 'NONE',  ( 0.6055824096577764300, 0.9999606299212598900, -0.7964140296541991600 ) ) ;
#3455 = PLANE ( 'NONE',  #4011 ) ;
#3456 = ORIENTED_EDGE ( 'NONE', *, *, #3592, .F. ) ;
#3457 = CARTESIAN_POINT ( 'NONE',  ( 0.6720077341928506500, 1.000000000000000000, -0.8862587338913301400 ) ) ;
#3458 = FACE_OUTER_BOUND ( 'NONE', #3619, .T. ) ;
#3459 = FACE_OUTER_BOUND ( 'NONE', #3580, .T. ) ;
#3460 = DIRECTION ( 'NONE',  ( -0.0000000000000000000, 1.000000000000000000, -0.0000000000000000000 ) ) ;
#3461 = EDGE_CURVE ( 'NONE', #4460, #940, #23, .T. ) ;
#3462 = CARTESIAN_POINT ( 'NONE',  ( 0.8008880941636029600, 0.9999606299212598900, -0.8690254043350716900 ) ) ;
#3463 = ORIENTED_EDGE ( 'NONE', *, *, #139, .F. ) ;
#3464 = EDGE_CURVE ( 'NONE', #4913, #3048, #3792, .T. ) ;
#3465 = CARTESIAN_POINT ( 'NONE',  ( 0.6735055808540425500, 1.000000000000000200, -0.7943360894784513600 ) ) ;
#3466 = VECTOR ( 'NONE', #599, 39.37007874015748100 ) ;
#3467 = CARTESIAN_POINT ( 'NONE',  ( 0.7867674105770539100, 0.9999606299212597800, -0.8599951212019361100 ) ) ;
#3468 = CARTESIAN_POINT ( 'NONE',  ( 0.5938940048893172100, 1.000000000000000000, -0.8547423986640573200 ) ) ;
#3469 = CARTESIAN_POINT ( 'NONE',  ( 0.8699491963917437300, 1.000000000000000000, -0.8048415345542089300 ) ) ;
#3470 = CARTESIAN_POINT ( 'NONE',  ( 0.6640146431405655700, 1.000000000000000200, -0.8554662595488659000 ) ) ;
#3471 = CARTESIAN_POINT ( 'NONE',  ( 0.6911593673155888000, 0.9999606299212596700, -0.8924919847990195900 ) ) ;
#3472 = ORIENTED_EDGE ( 'NONE', *, *, #6245, .T. ) ;
#3473 = LINE ( 'NONE', #6119, #2009 ) ;
#3474 = ADVANCED_FACE ( 'NONE', ( #1462 ), #4026, .F. ) ;
#3475 = CARTESIAN_POINT ( 'NONE',  ( 0.7447082738952831600, 0.9999999999999996700, -0.8048997695949413600 ) ) ;
#3476 = CARTESIAN_POINT ( 'NONE',  ( 0.8077783007285690400, 0.9999606299212597800, -0.8757532888155724600 ) ) ;
#3477 = DIRECTION ( 'NONE',  ( 0.5773502691896411600, 0.5773502691896511600, -0.5773502691895847600 ) ) ;
#3478 = CARTESIAN_POINT ( 'NONE',  ( -2.049995136288955100E-019, 0.0000000000000000000, -0.007874015748031584400 ) ) ;
#3479 = VECTOR ( 'NONE', #4100, 39.37007874015748100 ) ;
#3480 = CARTESIAN_POINT ( 'NONE',  ( 0.8891220540411261000, 0.9999999999999996700, -0.8884105292686528300 ) ) ;
#3481 = ORIENTED_EDGE ( 'NONE', *, *, #5268, .F. ) ;
#3482 = DIRECTION ( 'NONE',  ( -0.0000000000000000000, 1.000000000000000000, -0.0000000000000000000 ) ) ;
#3483 = CARTESIAN_POINT ( 'NONE',  ( 0.6092226478759248400, 0.9999606299212598900, -0.8400363084958136800 ) ) ;
#3484 = DIRECTION ( 'NONE',  ( -0.5773502691896157400, 0.5773502691896256200, 0.5773502691896358300 ) ) ;
#3485 = EDGE_LOOP ( 'NONE', ( #3493, #5920, #3472, #4849 ) ) ;
#3486 = B_SPLINE_CURVE_WITH_KNOTS ( 'NONE', 3,
 ( #4744, #808, #4761, #1792, #5252, #2284, #5773, #2771, #6269, #3259, #338 ),
 .UNSPECIFIED., .F., .F.,
 ( 4, 1, 1, 1, 1, 1, 1, 1, 4 ),
 ( 0.0000000000000000000, 0.1210409259551178500, 0.2361565684961483000, 0.3502598871584602900, 0.4667719731857892200, 0.5882478153244221600, 0.7153606937404156700, 0.8524502302519094700, 1.000000000000000000 ),
 .UNSPECIFIED. ) ;
#3487 = CARTESIAN_POINT ( 'NONE',  ( 0.7608703485404897400, 1.000000000000000200, -0.8882553959720693700 ) ) ;
#3488 = ORIENTED_EDGE ( 'NONE', *, *, #1246, .T. ) ;
#3489 = CARTESIAN_POINT ( 'NONE',  ( 0.6076213823679743600, 0.9999999999999998900, -0.8409465195321381700 ) ) ;
#3490 = CARTESIAN_POINT ( 'NONE',  ( 0.8611757678930249700, 0.9999606299212598900, -0.8461271609986139600 ) ) ;
#3491 = CARTESIAN_POINT ( 'NONE',  ( 0.6545727748150317300, 1.000000000000000000, -0.8618603789187334600 ) ) ;
#3492 = CARTESIAN_POINT ( 'NONE',  ( 0.8669035678052048300, 0.9999606299212596700, -0.8311889652298092300 ) ) ;
#3493 = ORIENTED_EDGE ( 'NONE', *, *, #5982, .F. ) ;
#3494 = PLANE ( 'NONE',  #2886 ) ;
#3495 = CARTESIAN_POINT ( 'NONE',  ( 0.8899387566675087700, 0.9999606299212602200, -0.8065921964576566700 ) ) ;
#3496 = CARTESIAN_POINT ( 'NONE',  ( 0.7546417466032467900, 0.9999606299212513400, -0.8133811376223839500 ) ) ;
#3497 = CARTESIAN_POINT ( 'NONE',  ( 0.7427143039800782100, 1.000000000000000000, -0.7943360894784513600 ) ) ;
#3498 = CARTESIAN_POINT ( 'NONE',  ( 0.0000000000000000000, 0.007874015748031721500, 0.0000000000000000000 ) ) ;
#3499 = CARTESIAN_POINT ( 'NONE',  ( 0.8983744662368514700, 1.000000000000000000, -0.8505977818603237500 ) ) ;
#3500 = EDGE_CURVE ( 'NONE', #3659, #5201, #2475, .T. ) ;
#3501 = CARTESIAN_POINT ( 'NONE',  ( 0.6825490510928411400, 0.9999606299212601100, -0.7951495840248969900 ) ) ;
#3502 = EDGE_CURVE ( 'NONE', #1091, #370, #4959, .T. ) ;
#3503 = CARTESIAN_POINT ( 'NONE',  ( 0.6004567160295150000, 1.000000000000000200, -0.8426749160338190500 ) ) ;
#3504 = ADVANCED_FACE ( 'NONE', ( #4813 ), #3280, .T. ) ;
#3505 = CARTESIAN_POINT ( 'NONE',  ( 0.8983877645069781000, 0.9999606299212597800, -0.8490793071779068100 ) ) ;
#3506 = ORIENTED_EDGE ( 'NONE', *, *, #4432, .T. ) ;
#3507 = CARTESIAN_POINT ( 'NONE',  ( 0.5999372609053050800, 1.000000000000000200, -0.8549611465760207400 ) ) ;
#3508 = AXIS2_PLACEMENT_3D ( 'NONE', #1927, #963, #4420 ) ;
#3509 = PLANE ( 'NONE',  #640 ) ;
#3510 = CARTESIAN_POINT ( 'NONE',  ( 0.6921413392637935100, 0.9999606299212597800, -0.8673696168532338800 ) ) ;
#3511 = VERTEX_POINT ( 'NONE', #665 ) ;
#3512 = CARTESIAN_POINT ( 'NONE',  ( 0.5753453284274326900, 1.000000000000000000, -0.8547423986640573200 ) ) ;
#3513 = CARTESIAN_POINT ( 'NONE',  ( 0.6830002740524948600, 0.9999606299212595600, -0.8073358677678347300 ) ) ;
#3514 = CARTESIAN_POINT ( 'NONE',  ( 0.8537150766313622600, 0.9999999999999998900, -0.8378583967586800100 ) ) ;
#3515 = AXIS2_PLACEMENT_3D ( 'NONE', #2471, #2952, #29 ) ;
#3516 = DIRECTION ( 'NONE',  ( 0.0000000000000000000, 1.000000000000000000, 0.0000000000000000000 ) ) ;
#3517 = ORIENTED_EDGE ( 'NONE', *, *, #884, .F. ) ;
#3518 = CARTESIAN_POINT ( 'NONE',  ( 0.8690258662581323800, 0.9999606299212598900, -0.7943360894784514700 ) ) ;
#3519 = CARTESIAN_POINT ( 'NONE',  ( 0.7589485398321320600, 1.000000000000000400, -0.8351620933605694600 ) ) ;
#3520 = CARTESIAN_POINT ( 'NONE',  ( 0.8832173315651835600, 0.9999606299212602200, -0.8475413968131990700 ) ) ;
#3521 = CARTESIAN_POINT ( 'NONE',  ( 0.6514454120396181400, 0.9999606299212602200, -0.8013324613288981300 ) ) ;
#3522 = CARTESIAN_POINT ( 'NONE',  ( 0.6122624111698963300, 1.000000000000000200, -0.8767169941165179300 ) ) ;
#3523 = COORDINATED_UNIVERSAL_TIME_OFFSET ( 5, 0, .BEHIND. ) ;
#3524 = B_SPLINE_SURFACE_WITH_KNOTS ( 'NONE', 3, 1, ( 
 ( #941, #5929 ),
 ( #6421, #3421 ),
 ( #496, #3932 ),
 ( #977, #4436 ),
 ( #1461, #4935 ),
 ( #1964, #5436 ),
 ( #2460, #5948 ),
 ( #2945, #22 ),
 ( #3442, #514 ),
 ( #3954, #999 ),
 ( #4451, #1481 ),
 ( #4958, #1979 ),
 ( #5457, #2483 ),
 ( #5966, #2962 ),
 ( #38, #3465 ) ),
 .UNSPECIFIED., .F., .F., .F.,
 ( 4, 1, 1, 1, 1, 1, 1, 1, 1, 1, 1, 1, 4 ),
 ( 2, 2 ),
 ( 0.0000000000000000000, 0.08427347156089409800, 0.1665166244253426800, 0.2473877598069598400, 0.3288365457123073000, 0.4090983268496165600, 0.4877267016055331100, 0.5657077880693263100, 0.6449848608508573800, 0.7265584459444192100, 0.8120697979385852500, 0.9027287756276000100, 1.000000000000000000 ),
 ( 0.0000000000000000000, 1.000000000000000000 ),
 .UNSPECIFIED. ) ;
#3525 = CARTESIAN_POINT ( 'NONE',  ( 0.6238988370021716400, 0.9999606299212597800, -0.8702246535228015400 ) ) ;
#3526 = CARTESIAN_POINT ( 'NONE',  ( 0.8445473584937205300, 1.000000000000000000, -0.8640782922372404200 ) ) ;
#3527 = ORIENTED_EDGE ( 'NONE', *, *, #753, .F. ) ;
#3528 = FACE_BOUND ( 'NONE', #5588, .T. ) ;
#3529 = ORIENTED_EDGE ( 'NONE', *, *, #5828, .F. ) ;
#3530 = DIRECTION ( 'NONE',  ( -0.0000000000000000000, 1.000000000000000000, -0.0000000000000000000 ) ) ;
#3531 = CARTESIAN_POINT ( 'NONE',  ( 0.6886126918660302500, 1.000000000000000000, -0.8786832086940021800 ) ) ;
#3532 = CARTESIAN_POINT ( 'NONE',  ( 0.6948447661641751200, 0.9999606299212597800, -0.8234722848057477500 ) ) ;
#3533 = CARTESIAN_POINT ( 'NONE',  ( 0.8449471482685631000, 0.9999606299212596700, -0.8568657517429785200 ) ) ;
#3534 = EDGE_LOOP ( 'NONE', ( #364, #1920, #3715, #6027, #5592, #5464 ) ) ;
#3535 = VECTOR ( 'NONE', #3654, 39.37007874015748100 ) ;
#3536 = DIRECTION ( 'NONE',  ( 0.0000000000000000000, 1.000000000000000000, 0.0000000000000000000 ) ) ;
#3537 = VECTOR ( 'NONE', #3166, 39.37007874015748100 ) ;
#3538 = DIRECTION ( 'NONE',  ( -0.4832823832550038300, -0.0000000000000000000, 0.8754645270000170900 ) ) ;
#3539 = ADVANCED_FACE ( 'NONE', ( #2168 ), #5469, .T. ) ;
#3540 = DIRECTION ( 'NONE',  ( -0.0000000000000000000, 1.000000000000000000, -0.0000000000000000000 ) ) ;
#3541 = CARTESIAN_POINT ( 'NONE',  ( 0.6528229858611448400, 1.000000000000000000, -0.8701312342242492100 ) ) ;
#3542 = ORIENTED_EDGE ( 'NONE', *, *, #4143, .F. ) ;
#3543 = LINE ( 'NONE', #643, #6214 ) ;
#3544 = CARTESIAN_POINT ( 'NONE',  ( 0.6501966245922055100, 0.9999606299212597800, -0.8297919666091332400 ) ) ;
#3545 = VERTEX_POINT ( 'NONE', #4177 ) ;
#3546 = LINE ( 'NONE', #4853, #6054 ) ;
#3547 = EDGE_CURVE ( 'NONE', #2355, #3673, #2328, .T. ) ;
#3548 = CARTESIAN_POINT ( 'NONE',  ( 0.6032544985233542200, 0.9999606299212595600, -0.8841803457328255600 ) ) ;
#3549 = B_SPLINE_CURVE_WITH_KNOTS ( 'NONE', 3,
 ( #182, #6192, #3698, #752, #4205, #1239, #4708, #1734, #5208, #2230, #5714, #2719, #6219, #3201, #289, #3722, #777, #4226, #1260 ),
 .UNSPECIFIED., .F., .F.,
 ( 4, 1, 1, 1, 1, 1, 1, 1, 1, 1, 1, 1, 1, 1, 1, 1, 4 ),
 ( 0.0000000000000000000, 0.1203858358472038900, 0.2308080084307338700, 0.3305680237435678600, 0.4206210405981459800, 0.5003288236263591100, 0.5707867949311863400, 0.6321153927949231300, 0.6846612245386669600, 0.7314024648940558000, 0.7749552507012208400, 0.8157449697615287700, 0.8538005445631563500, 0.8907166739697773800, 0.9267297321267945500, 0.9631335924975827900, 1.000000000000000000 ),
 .UNSPECIFIED. ) ;
#3550 = AXIS2_PLACEMENT_3D ( 'NONE', #5993, #2030, #5505 ) ;
#3551 = CARTESIAN_POINT ( 'NONE',  ( 0.8804112493267007800, 1.000000000000000200, -0.8345045191145897800 ) ) ;
#3552 = LINE ( 'NONE', #4509, #942 ) ;
#3553 = CARTESIAN_POINT ( 'NONE',  ( 0.8829339715361261800, 0.9999606299212601100, -0.8941740398001999400 ) ) ;
#3554 = EDGE_CURVE ( 'NONE', #1787, #696, #868, .T. ) ;
#3555 = DIRECTION ( 'NONE',  ( -0.0000000000000000000, 0.0000000000000000000, 1.000000000000000000 ) ) ;
#3556 = EDGE_CURVE ( 'NONE', #4165, #1489, #6143, .T. ) ;
#3557 = CARTESIAN_POINT ( 'NONE',  ( 0.6783086623226817200, 0.9999606299212593400, -0.8856214154011784500 ) ) ;
#3558 = EDGE_LOOP ( 'NONE', ( #5935, #4255, #6052, #5775 ) ) ;
#3559 = CARTESIAN_POINT ( 'NONE',  ( 0.6783086623226817200, 0.9999606299212595600, -0.8856214154011784500 ) ) ;
#3560 = VECTOR ( 'NONE', #3742, 39.37007874015748100 ) ;
#3561 = CARTESIAN_POINT ( 'NONE',  ( 0.6667994293296514200, 1.000000000000000000, -0.8433818664531492800 ) ) ;
#3562 = CARTESIAN_POINT ( 'NONE',  ( 0.8801162493927763300, 0.9999606299212596700, -0.8093053165417641900 ) ) ;
#3563 = CARTESIAN_POINT ( 'NONE',  ( 0.6637742366086790700, 0.9999999999999995600, -0.8851645420583162900 ) ) ;
#3564 = VERTEX_POINT ( 'NONE', #6189 ) ;
#3565 = DIRECTION ( 'NONE',  ( -1.000000000000000000, 0.0000000000000000000, 0.0000000000000000000 ) ) ;
#3566 = CARTESIAN_POINT ( 'NONE',  ( 0.6232649003234568300, 0.9999999999999996700, -0.8648312709689696100 ) ) ;
#3567 = CARTESIAN_POINT ( 'NONE',  ( 0.7176734541482449000, 1.000000000000000200, -0.8219964590659389900 ) ) ;
#3568 = CARTESIAN_POINT ( 'NONE',  ( 0.7295429712874305100, 1.000000000000000200, -0.7988487150862362300 ) ) ;
#3569 = CARTESIAN_POINT ( 'NONE',  ( 0.5932853628322980500, 0.9999999999999996700, -0.8849421752731047000 ) ) ;
#3570 = ORIENTED_EDGE ( 'NONE', *, *, #3886, .F. ) ;
#3571 = EDGE_LOOP ( 'NONE', ( #2501, #1581, #4254, #1961 ) ) ;
#3572 = ORIENTED_EDGE ( 'NONE', *, *, #3547, .T. ) ;
#3573 = CARTESIAN_POINT ( 'NONE',  ( 0.8975256712784213100, 0.9999606299212596700, -0.8655727273130706700 ) ) ;
#3574 = ADVANCED_FACE ( 'NONE', ( #2001 ), #264, .F. ) ;
#3575 = DIRECTION ( 'NONE',  ( -0.0000000000000000000, -0.0000000000000000000, -1.000000000000000000 ) ) ;
#3576 = ORIENTED_EDGE ( 'NONE', *, *, #4432, .F. ) ;
#3577 = CARTESIAN_POINT ( 'NONE',  ( 0.7273321305055704400, 0.9999606299212597800, -0.8008837346828946400 ) ) ;
#3578 = CARTESIAN_POINT ( 'NONE',  ( 0.8690258662581323800, 0.9999606299212598900, -0.7943360894784514700 ) ) ;
#3579 = CARTESIAN_POINT ( 'NONE',  ( 0.6423847020904434000, 0.9999606299212601100, -0.8733223919602446400 ) ) ;
#3580 = EDGE_LOOP ( 'NONE', ( #3873, #5606, #4556, #5180 ) ) ;
#3581 = CARTESIAN_POINT ( 'NONE',  ( 0.7585778352028377200, 1.000000000000000200, -0.8622607403998493500 ) ) ;
#3582 = CARTESIAN_POINT ( 'NONE',  ( 0.6429624373243341100, 1.000000000000000000, -0.8639607273413393300 ) ) ;
#3583 = CARTESIAN_POINT ( 'NONE',  ( 0.8853414686424325700, 1.000000000000000200, -0.8186120472938394100 ) ) ;
#3584 = CARTESIAN_POINT ( 'NONE',  ( 0.6546985922710466500, 0.9999606299212596700, -0.8780451667832142000 ) ) ;
#3585 = EDGE_LOOP ( 'NONE', ( #3349, #2367, #2665, #4930 ) ) ;
#3586 = CARTESIAN_POINT ( 'NONE',  ( 0.8569233365942267000, 1.000000000000000200, -0.8524886235762768600 ) ) ;
#3587 = ORIENTED_EDGE ( 'NONE', *, *, #5613, .F. ) ;
#3588 = CARTESIAN_POINT ( 'NONE',  ( 0.8601669674949685700, 0.9999606299212597800, -0.8809435322334019400 ) ) ;
#3589 = CARTESIAN_POINT ( 'NONE',  ( 0.6126478658253377000, 0.9999606299212598900, -0.8501462664434136200 ) ) ;
#3590 = CARTESIAN_POINT ( 'NONE',  ( 0.7176734541482449000, 0.9999606299212601100, -0.8219964590659389900 ) ) ;
#3591 = DIRECTION ( 'NONE',  ( -0.0000000000000000000, 0.0000000000000000000, 1.000000000000000000 ) ) ;
#3592 = EDGE_CURVE ( 'NONE', #2624, #1733, #3632, .T. ) ;
#3593 = DIRECTION ( 'NONE',  ( 0.4832823832550039400, -0.0000000000000000000, 0.8754645270000170900 ) ) ;
#3594 = EDGE_CURVE ( 'NONE', #5106, #3354, #5836, .T. ) ;
#3595 = VERTEX_POINT ( 'NONE', #1658 ) ;
#3596 = CARTESIAN_POINT ( 'NONE',  ( 0.6232649003234568300, 0.9999606299212595600, -0.8648312709689696100 ) ) ;
#3597 = CARTESIAN_POINT ( 'NONE',  ( 0.7556982771170494000, 0.9999606299212597800, -0.8939394023372239100 ) ) ;
#3598 = CC_DESIGN_PERSON_AND_ORGANIZATION_ASSIGNMENT ( #1678, #4810, ( #615 ) ) ;
#3599 = CARTESIAN_POINT ( 'NONE',  ( 0.7427143039800782100, 1.000000000000000000, -0.7943360894784513600 ) ) ;
#3600 = CARTESIAN_POINT ( 'NONE',  ( 0.8978595683093155700, 1.000000000000000200, -0.8347936297603609800 ) ) ;
#3601 = CARTESIAN_POINT ( 'NONE',  ( 0.6545528160859303000, 0.9999606299212596700, -0.8937547751137667800 ) ) ;
#3602 = CARTESIAN_POINT ( 'NONE',  ( 0.7520742415974524000, 0.9999606299212596700, -0.8828687044280746400 ) ) ;
#3603 = CARTESIAN_POINT ( 'NONE',  ( 0.6097986619057440500, 0.9999606299212602200, -0.8945766089075394300 ) ) ;
#3604 = CARTESIAN_POINT ( 'NONE',  ( 0.6948447661641751200, 0.9999606299212597800, -0.8234722848057477500 ) ) ;
#3605 = CARTESIAN_POINT ( 'NONE',  ( 0.6528229858611448400, 1.000000000000000000, -0.8701312342242492100 ) ) ;
#3606 = DIMENSIONAL_EXPONENTS ( 1.000000000000000000, 0.0000000000000000000, 0.0000000000000000000, 0.0000000000000000000, 0.0000000000000000000, 0.0000000000000000000, 0.0000000000000000000 ) ;
#3607 = VERTEX_POINT ( 'NONE', #1783 ) ;
#3608 = CARTESIAN_POINT ( 'NONE',  ( 0.8653348880283547900, 0.9999606299212596700, -0.8430675442826745000 ) ) ;
#3609 = CARTESIAN_POINT ( 'NONE',  ( 0.5064393814528370700, 0.9999606299212597800, -0.3332054203944309100 ) ) ;
#3610 = VECTOR ( 'NONE', #2265, 39.37007874015748100 ) ;
#3611 = CARTESIAN_POINT ( 'NONE',  ( 0.7184574184661182100, 0.9999606299212597800, -0.8731997334145378300 ) ) ;
#3612 = CARTESIAN_POINT ( 'NONE',  ( 0.6584252959093148700, 1.000000000000000400, -0.8580305351426399400 ) ) ;
#3613 = CARTESIAN_POINT ( 'NONE',  ( 0.5753453284274326900, 0.9999606299212597800, -0.8547423986640573200 ) ) ;
#3614 = LINE ( 'NONE', #4085, #3450 ) ;
#3615 = FACE_OUTER_BOUND ( 'NONE', #854, .T. ) ;
#3616 = CARTESIAN_POINT ( 'NONE',  ( 0.6450742702746324900, 0.9999999999999995600, -0.8085076707360322500 ) ) ;
#3617 = CARTESIAN_POINT ( 'NONE',  ( 0.7687884597440656200, 0.9999606299212601100, -0.8289288941099090000 ) ) ;
#3618 = CARTESIAN_POINT ( 'NONE',  ( 0.8699491963917437300, 1.000000000000000000, -0.8048415345542089300 ) ) ;
#3619 = EDGE_LOOP ( 'NONE', ( #6205, #1937, #5315, #1623 ) ) ;
#3620 = ORIENTED_EDGE ( 'NONE', *, *, #510, .T. ) ;
#3621 = VECTOR ( 'NONE', #4670, 39.37007874015748100 ) ;
#3622 = CARTESIAN_POINT ( 'NONE',  ( 0.7506721473712292300, 1.000000000000000200, -0.8843070020037028200 ) ) ;
#3623 = LINE ( 'NONE', #1285, #2470 ) ;
#3624 = CARTESIAN_POINT ( 'NONE',  ( 0.8924258269857348000, 0.9999606299212595600, -0.8112121902482256600 ) ) ;
#3625 = CARTESIAN_POINT ( 'NONE',  ( 0.5950163050540634400, 1.000000000000000000, -0.8547505159370942800 ) ) ;
#3626 = CARTESIAN_POINT ( 'NONE',  ( 0.7430104568230788700, 1.000000000000000000, -0.8875498890071277200 ) ) ;
#3627 = CARTESIAN_POINT ( 'NONE',  ( 0.6722594930537279000, 0.9999606299212596700, -0.7943622186616656800 ) ) ;
#3628 = CARTESIAN_POINT ( 'NONE',  ( 0.6928962971408474400, 0.9999999999999998900, -0.8313556344271214600 ) ) ;
#3629 = VERTEX_POINT ( 'NONE', #1278 ) ;
#3630 = DIRECTION ( 'NONE',  ( 0.4832823832549900700, 0.0000000000000000000, -0.8754645270000246400 ) ) ;
#3631 = VERTEX_POINT ( 'NONE', #2277 ) ;
#3632 = LINE ( 'NONE', #1730, #4652 ) ;
#3633 = CARTESIAN_POINT ( 'NONE',  ( 0.8717224288142855200, 1.000000000000000000, -0.4935097178467924300 ) ) ;
#3634 = CARTESIAN_POINT ( 'NONE',  ( 0.6856505447569026800, 1.000000000000000000, -0.8374305855362915700 ) ) ;
#3635 = CARTESIAN_POINT ( 'NONE',  ( 0.6721924002195728300, 0.9999606299212597800, -0.8531419597657975400 ) ) ;
#3636 = EDGE_CURVE ( 'NONE', #1691, #2624, #2922, .T. ) ;
#3637 = CARTESIAN_POINT ( 'NONE',  ( 0.8570254738273426200, 0.9999999999999995600, -0.8753577283437352600 ) ) ;
#3638 = VECTOR ( 'NONE', #1075, 39.37007874015748100 ) ;
#3639 = CARTESIAN_POINT ( 'NONE',  ( 0.7184574184661182100, 1.000000000000000000, -0.8731997334145378300 ) ) ;
#3640 = AXIS2_PLACEMENT_3D ( 'NONE', #383, #3818, #871 ) ;
#3641 = CARTESIAN_POINT ( 'NONE',  ( 0.6948447661641751200, 1.000000000000000000, -0.8234722848057477500 ) ) ;
#3642 = CARTESIAN_POINT ( 'NONE',  ( 0.7437981401680274800, 0.9999606299212597800, -0.7943731448321257300 ) ) ;
#3643 = CARTESIAN_POINT ( 'NONE',  ( 0.6147938318202858000, 1.000000000000000200, -0.8330073876172388000 ) ) ;
#3644 = CARTESIAN_POINT ( 'NONE',  ( 0.6160306509547960300, 0.9999606299212596700, -0.8261965344796447000 ) ) ;
#3645 = CARTESIAN_POINT ( 'NONE',  ( 0.8839596362954190700, 1.000000000000000000, -0.7996609799923789500 ) ) ;
#3646 = CARTESIAN_POINT ( 'NONE',  ( 0.3331548727153805800, 0.9999606299212597800, -0.5027976604412003300 ) ) ;
#3647 = CARTESIAN_POINT ( 'NONE',  ( 0.7263611013914480500, 0.9999606299212598900, -0.8462067245400045600 ) ) ;
#3648 = CARTESIAN_POINT ( 'NONE',  ( 0.6540264959238936100, 0.9999999999999998900, -0.7994536813393348100 ) ) ;
#3649 = VERTEX_POINT ( 'NONE', #6264 ) ;
#3650 = CARTESIAN_POINT ( 'NONE',  ( 0.6824885761076978600, 0.9999606299212601100, -0.8386963068130615100 ) ) ;
#3651 = CARTESIAN_POINT ( 'NONE',  ( 0.8577491969635419000, 0.9999999999999998900, -0.8345251062815071100 ) ) ;
#3652 = ORIENTED_EDGE ( 'NONE', *, *, #5387, .T. ) ;
#3653 = CARTESIAN_POINT ( 'NONE',  ( 0.6565662501098177300, 1.000000000000000200, -0.8806209250887124800 ) ) ;
#3654 = DIRECTION ( 'NONE',  ( -0.7071067811865413600, 0.7071067811865536800, -1.734723475976832000E-014 ) ) ;
#3655 = CARTESIAN_POINT ( 'NONE',  ( 0.8626894494160729500, 1.000000000000000000, -0.8069971604516439400 ) ) ;
#3656 = EDGE_LOOP ( 'NONE', ( #4745, #700, #3375, #1505 ) ) ;
#3657 = CARTESIAN_POINT ( 'NONE',  ( 0.3052134181456793700, 1.000000000000000000, -0.4935941171341137200 ) ) ;
#3658 = DIRECTION ( 'NONE',  ( -0.0000000000000000000, 1.000000000000000000, -0.0000000000000000000 ) ) ;
#3659 = VERTEX_POINT ( 'NONE', #1804 ) ;
#3660 = CARTESIAN_POINT ( 'NONE',  ( 0.6097541291296197900, 0.9999606299212601100, -0.8588784225839303200 ) ) ;
#3661 = PLANE ( 'NONE',  #5435 ) ;
#3662 = ORIENTED_EDGE ( 'NONE', *, *, #1516, .F. ) ;
#3663 = CARTESIAN_POINT ( 'NONE',  ( 0.6160539280959932400, 1.000000000000000000, -0.8252573897307299300 ) ) ;
#3664 = ORIENTED_EDGE ( 'NONE', *, *, #1944, .F. ) ;
#3665 = CARTESIAN_POINT ( 'NONE',  ( 0.6049776619751309200, 0.9999606299212597800, -0.8419145062737338800 ) ) ;
#3666 = CARTESIAN_POINT ( 'NONE',  ( 0.6136870596885203300, 1.000000000000000400, -0.8496617190287381000 ) ) ;
#3667 = CARTESIAN_POINT ( 'NONE',  ( 0.8710498536998400000, 0.9999606299212596700, -0.7943843237581593700 ) ) ;
#3668 = VERTEX_POINT ( 'NONE', #1297 ) ;
#3669 = CARTESIAN_POINT ( 'NONE',  ( 0.6209418533055242100, 0.9999999999999995600, -0.8057789127052834600 ) ) ;
#3670 = CARTESIAN_POINT ( 'NONE',  ( 0.6411235382975615200, 0.9999606299212602200, -0.8176161403066490900 ) ) ;
#3671 = CARTESIAN_POINT ( 'NONE',  ( 0.6695865573980470700, 1.000000000000000000, -0.8425954777952127100 ) ) ;
#3672 = CARTESIAN_POINT ( 'NONE',  ( 0.8707743544535386800, 0.9999606299212598900, -0.8048852938995791900 ) ) ;
#3673 = VERTEX_POINT ( 'NONE', #5789 ) ;
#3674 = CARTESIAN_POINT ( 'NONE',  ( 0.6676423017079092800, 0.9999606299212593400, -0.8859914549744271100 ) ) ;
#3675 = CARTESIAN_POINT ( 'NONE',  ( 0.7044621993025367300, 1.000000000000000400, -0.8316344196420100100 ) ) ;
#3676 = DIRECTION ( 'NONE',  ( -1.000000000000000000, 0.0000000000000000000, 2.220446049250312600E-016 ) ) ;
#3677 = ORIENTED_EDGE ( 'NONE', *, *, #809, .F. ) ;
#3678 = EDGE_LOOP ( 'NONE', ( #6200, #3107, #493, #3319 ) ) ;
#3679 = CARTESIAN_POINT ( 'NONE',  ( 0.8703390468926020000, 0.9999606299212597800, -0.8980773596015575500 ) ) ;
#3680 = CARTESIAN_POINT ( 'NONE',  ( 0.6781620353680974900, 0.9999606299212597800, -0.8401241990275581900 ) ) ;
#3681 = ORIENTED_EDGE ( 'NONE', *, *, #2245, .T. ) ;
#3682 = CARTESIAN_POINT ( 'NONE',  ( 0.6902975939743634100, 0.9999999999999996700, -0.7978311640483537500 ) ) ;
#3683 = EDGE_CURVE ( 'NONE', #3956, #4800, #1977, .T. ) ;
#3684 = CARTESIAN_POINT ( 'NONE',  ( 0.6134275668270540200, 1.000000000000000200, -0.8696798283811503200 ) ) ;
#3685 = DIRECTION ( 'NONE',  ( 0.1240347345892084700, 0.0000000000000000000, 0.9922778767136677400 ) ) ;
#3686 = EDGE_CURVE ( 'NONE', #5568, #2306, #1875, .T. ) ;
#3687 = CARTESIAN_POINT ( 'NONE',  ( 0.7677428638808744300, 1.000000000000000000, -0.8705319688606599800 ) ) ;
#3688 = DATE_AND_TIME ( #5011, #6353 ) ;
#3689 = DIRECTION ( 'NONE',  ( 0.0000000000000000000, -1.000000000000000000, 0.0000000000000000000 ) ) ;
#3690 = CARTESIAN_POINT ( 'NONE',  ( 0.6264475034263850000, 0.9999606299212598900, -0.8297364255665729000 ) ) ;
#3691 = CARTESIAN_POINT ( 'NONE',  ( 0.6055824096577764300, 0.9999606299212598900, -0.7964140296541991600 ) ) ;
#3692 = DIRECTION ( 'NONE',  ( -9.765807822620414600E-013, 1.000000000000000000, -8.483996678532431300E-013 ) ) ;
#3693 = VERTEX_POINT ( 'NONE', #2298 ) ;
#3694 = CARTESIAN_POINT ( 'NONE',  ( 0.7867674105770539100, 1.000000000000000000, -0.8599951212019361100 ) ) ;
#3695 = VECTOR ( 'NONE', #1238, 39.37007874015748100 ) ;
#3696 = CARTESIAN_POINT ( 'NONE',  ( 0.8853414686424325700, 0.9999606299212601100, -0.8186120472938394100 ) ) ;
#3697 = CARTESIAN_POINT ( 'NONE',  ( 0.6528735474437816800, 0.9999606299212595600, -0.8718543551348596500 ) ) ;
#3698 = CARTESIAN_POINT ( 'NONE',  ( 0.7591360832213890400, 0.9999606299212601100, -0.8519533531749766700 ) ) ;
#3699 = LINE ( 'NONE', #4159, #928 ) ;
#3700 = CARTESIAN_POINT ( 'NONE',  ( 0.8645425216272938400, 1.000000000000000200, -0.7947168736345842100 ) ) ;
#3701 = CARTESIAN_POINT ( 'NONE',  ( 0.8812177739919306900, 0.9999606299212593400, -0.8951932128304741500 ) ) ;
#3702 = VECTOR ( 'NONE', #4099, 39.37007874015748900 ) ;
#3703 = VERTEX_POINT ( 'NONE', #4316 ) ;
#3704 = CARTESIAN_POINT ( 'NONE',  ( 0.9921259842519686300, 1.000000000000000000, -0.9921259842519685200 ) ) ;
#3705 = CARTESIAN_POINT ( 'NONE',  ( 0.7651648956017771400, 0.9999606299212596700, -0.8799065246020861800 ) ) ;
#3706 = ORIENTED_EDGE ( 'NONE', *, *, #5015, .F. ) ;
#3707 = VECTOR ( 'NONE', #4518, 39.37007874015748100 ) ;
#3708 = CARTESIAN_POINT ( 'NONE',  ( 0.7546417466032467900, 0.9999606299212603400, -0.8133811376223839500 ) ) ;
#3709 = CARTESIAN_POINT ( 'NONE',  ( 0.8553231624625676800, 1.000000000000000400, -0.8586348151575420300 ) ) ;
#3710 = ORIENTED_EDGE ( 'NONE', *, *, #3212, .F. ) ;
#3711 = VECTOR ( 'NONE', #4199, 39.37007874015748900 ) ;
#3712 = CARTESIAN_POINT ( 'NONE',  ( 0.6731524534166873900, 1.000000000000000000, -0.8980356636877576700 ) ) ;
#3713 = CARTESIAN_POINT ( 'NONE',  ( 0.6072103529008398000, 0.9999999999999998900, -0.8828023926535604200 ) ) ;
#3714 = CARTESIAN_POINT ( 'NONE',  ( 0.7281150979943824500, 1.000000000000050200, -0.8219231198746158600 ) ) ;
#3715 = ORIENTED_EDGE ( 'NONE', *, *, #2481, .T. ) ;
#3716 = VECTOR ( 'NONE', #4489, 39.37007874015748900 ) ;
#3717 = CARTESIAN_POINT ( 'NONE',  ( 0.8996638833839867300, 0.9999606299212597800, -0.5027132611538789300 ) ) ;
#3718 = B_SPLINE_CURVE_WITH_KNOTS ( 'NONE', 3,
 ( #2927, #1498, #4977, #2000, #5478, #2498, #5987, #2984, #56, #3487, #554 ),
 .UNSPECIFIED., .F., .F.,
 ( 4, 1, 1, 1, 1, 1, 1, 1, 4 ),
 ( 0.0000000000000000000, 0.1280448550143839500, 0.2514507875593860500, 0.3715733394035941100, 0.4904118675290027900, 0.6102007835889325900, 0.7338092424176978500, 0.8631756517415550800, 1.000000000000000000 ),
 .UNSPECIFIED. ) ;
#3719 = MANIFOLD_SOLID_BREP ( '23268-001-2-solid2', #366 ) ;
#3720 = CARTESIAN_POINT ( 'NONE',  ( 0.8983765779892077800, 0.9999999999999998900, -0.8473829521205533700 ) ) ;
#3721 = LINE ( 'NONE', #6235, #3560 ) ;
#3722 = CARTESIAN_POINT ( 'NONE',  ( 0.7459646485804020100, 0.9999606299212597800, -0.8871048118778363000 ) ) ;
#3723 = EDGE_CURVE ( 'NONE', #6407, #193, #1861, .T. ) ;
#3724 = PLANE ( 'NONE',  #3429 ) ;
#3725 = CARTESIAN_POINT ( 'NONE',  ( 0.8518373970045481900, 0.9999606299212598900, -0.8024245094069700800 ) ) ;
#3726 = CARTESIAN_POINT ( 'NONE',  ( 0.8904722772806256100, 1.000000000000000400, -0.8866110433312556200 ) ) ;
#3727 = EDGE_CURVE ( 'NONE', #3988, #1149, #5670, .T. ) ;
#3728 = CARTESIAN_POINT ( 'NONE',  ( 0.8867515385499374900, 1.000000000000000000, -0.8547323527303307700 ) ) ;
#3729 = CARTESIAN_POINT ( 'NONE',  ( 0.6063073905767220100, 0.9999606299212597800, -0.8564448798547910100 ) ) ;
#3730 = AXIS2_PLACEMENT_3D ( 'NONE', #6278, #4732, #835 ) ;
#3731 = CARTESIAN_POINT ( 'NONE',  ( 0.6423175407853872800, 0.9999606299212597800, -0.8703774555932122200 ) ) ;
#3732 = CARTESIAN_POINT ( 'NONE',  ( 0.8700394176332273400, 1.000000000000000200, -0.8416443699736005900 ) ) ;
#3733 = CARTESIAN_POINT ( 'NONE',  ( 0.7016696801619936000, 1.000000000000000000, -0.8764732753926625100 ) ) ;
#3734 = AXIS2_PLACEMENT_3D ( 'NONE', #2289, #5778, #2778 ) ;
#3735 = ORIENTED_EDGE ( 'NONE', *, *, #2811, .F. ) ;
#3736 = DIRECTION ( 'NONE',  ( -0.8754645270000190900, 0.0000000000000000000, -0.4832823832550001700 ) ) ;
#3737 = CARTESIAN_POINT ( 'NONE',  ( 0.8455136633593106600, 0.9999606299212598900, -0.8535283343114756800 ) ) ;
#3738 = CARTESIAN_POINT ( 'NONE',  ( 0.7363327929195510000, 0.9999606299212503400, -0.8069195446151783400 ) ) ;
#3739 = CARTESIAN_POINT ( 'NONE',  ( 0.7348501238160573000, 0.9999606299212601100, -0.8080975995124571900 ) ) ;
#3740 = CARTESIAN_POINT ( 'NONE',  ( 0.6574140535156332000, 0.9999606299212593400, -0.8122796531841953700 ) ) ;
#3741 = EDGE_LOOP ( 'NONE', ( #2348, #1853, #4888, #5642 ) ) ;
#3742 = DIRECTION ( 'NONE',  ( -0.0000000000000000000, 1.000000000000000000, -0.0000000000000000000 ) ) ;
#3743 = CARTESIAN_POINT ( 'NONE',  ( 0.8954751561459003400, 0.9999999999999994400, -0.8196881793505389500 ) ) ;
#3744 = CARTESIAN_POINT ( 'NONE',  ( 0.5648398833516751200, 0.9999606299212597800, -0.8967641789670877100 ) ) ;
#3745 = CARTESIAN_POINT ( 'NONE',  ( 0.5753453284274326900, 0.9999606299212597800, -0.8429237729538301400 ) ) ;
#3746 = CARTESIAN_POINT ( 'NONE',  ( 0.8462122872620203600, 1.000000000000000000, -0.8163938992961421400 ) ) ;
#3747 = CARTESIAN_POINT ( 'NONE',  ( 0.8970065035405315700, 0.9999606299212596700, -0.8690280415168176700 ) ) ;
#3748 = EDGE_LOOP ( 'NONE', ( #378, #1358, #3677, #6046, #1655 ) ) ;
#3749 = DIRECTION ( 'NONE',  ( 1.000000000000000000, -0.0000000000000000000, -0.0000000000000000000 ) ) ;
#3750 = EDGE_LOOP ( 'NONE', ( #774, #3456, #3506, #454 ) ) ;
#3751 = CARTESIAN_POINT ( 'NONE',  ( 0.6467583054170489300, 0.9999606299212596700, -0.8862016335510632900 ) ) ;
#3752 = CARTESIAN_POINT ( 'NONE',  ( 0.3052134181456790900, 0.9999606299212597800, -0.5063941171341138600 ) ) ;
#3753 = CARTESIAN_POINT ( 'NONE',  ( 0.8109632759089460100, 1.000000000000000200, -0.8969156245163240100 ) ) ;
#3754 = CARTESIAN_POINT ( 'NONE',  ( 0.6735055808540425500, 0.9999606299212597800, -0.7943360894784513600 ) ) ;
#3755 = CARTESIAN_POINT ( 'NONE',  ( 0.8566719973947024600, 1.000000000000000000, -0.7979161442896429700 ) ) ;
#3756 = PLANE ( 'NONE',  #3734 ) ;
#3757 = CARTESIAN_POINT ( 'NONE',  ( 0.6903797008186163300, 1.000000000000000200, -0.8752796492165058100 ) ) ;
#3758 = CARTESIAN_POINT ( 'NONE',  ( 0.6733048395701986000, 1.000000000000000200, -0.8061894697341044400 ) ) ;
#3759 = CARTESIAN_POINT ( 'NONE',  ( 0.6893002329944201100, 0.9999606299212598900, -0.8481276536094620700 ) ) ;
#3760 = EDGE_LOOP ( 'NONE', ( #6107, #3399, #3388, #5298 ) ) ;
#3761 = EDGE_CURVE ( 'NONE', #4460, #2450, #4488, .T. ) ;
#3762 = CARTESIAN_POINT ( 'NONE',  ( 0.8768990587538401100, 1.000000000000000000, -0.7956336511289957600 ) ) ;
#3763 = CARTESIAN_POINT ( 'NONE',  ( 0.4936393814528367600, 0.9999606299212597800, -0.3332054203944309100 ) ) ;
#3764 = CARTESIAN_POINT ( 'NONE',  ( 0.6965502124936393500, 0.9999606299212597800, -0.8439207357582896300 ) ) ;
#3765 = CARTESIAN_POINT ( 'NONE',  ( 0.6666638833839867400, 0.9999606299212597800, -0.4935097178467924300 ) ) ;
#3766 = CARTESIAN_POINT ( 'NONE',  ( 0.6022829081945659800, 0.9999606299212598900, -0.8551919975959366700 ) ) ;
#3767 = CARTESIAN_POINT ( 'NONE',  ( 0.8983877645069781000, 1.000000000000000000, -0.8490793071779068100 ) ) ;
#3768 = EDGE_CURVE ( 'NONE', #2552, #168, #2997, .T. ) ;
#3769 = VERTEX_POINT ( 'NONE', #2829 ) ;
#3770 = LINE ( 'NONE', #4699, #3610 ) ;
#3771 = CARTESIAN_POINT ( 'NONE',  ( 0.6595798195451928500, 0.9999999999999998900, -0.8962110845400680400 ) ) ;
#3772 = CARTESIAN_POINT ( 'NONE',  ( 0.7980242636533477800, 0.9999606299212596700, -0.8668351325861571900 ) ) ;
#3773 = FACE_OUTER_BOUND ( 'NONE', #2381, .T. ) ;
#3774 = CARTESIAN_POINT ( 'NONE',  ( 0.6159560576297364900, 1.000000000000000200, -0.8223080625301342200 ) ) ;
#3775 = VECTOR ( 'NONE', #6057, 39.37007874015748100 ) ;
#3776 = CARTESIAN_POINT ( 'NONE',  ( 0.6396911795164478300, 1.000000000000000000, -0.8284787859746635100 ) ) ;
#3777 = CARTESIAN_POINT ( 'NONE',  ( 0.6720077341928506500, 1.000000000000000000, -0.8862587338913301400 ) ) ;
#3778 = CARTESIAN_POINT ( 'NONE',  ( 0.7162395063377375900, 0.9999999999999996700, -0.8580618078593411600 ) ) ;
#3779 = EDGE_LOOP ( 'NONE', ( #910, #1774, #4770, #1751 ) ) ;
#3780 = VECTOR ( 'NONE', #6115, 39.37007874015748900 ) ;
#3781 = CARTESIAN_POINT ( 'NONE',  ( 0.6535427835380448500, 0.9999606299212596700, -0.8643097714588337000 ) ) ;
#3782 = ORIENTED_EDGE ( 'NONE', *, *, #5384, .T. ) ;
#3783 = LINE ( 'NONE', #6094, #15 ) ;
#3784 = CARTESIAN_POINT ( 'NONE',  ( 0.6720077341928506500, 0.9999606299212597800, -0.8862587338913301400 ) ) ;
#3785 = CARTESIAN_POINT ( 'NONE',  ( 0.5064393814528370700, 1.000000000000000000, -0.1281468749641309100 ) ) ;
#3786 = CARTESIAN_POINT ( 'NONE',  ( 0.7053060798483232800, 0.9999999999999998900, -0.8251447492179285700 ) ) ;
#3787 = CARTESIAN_POINT ( 'NONE',  ( 0.8569734924308209900, 0.9999606299212598900, -0.8170206881784692900 ) ) ;
#3788 = CARTESIAN_POINT ( 'NONE',  ( 0.6057508067989071400, 0.9999606299212597800, -0.8085390905598359700 ) ) ;
#3789 = CARTESIAN_POINT ( 'NONE',  ( 0.8463920547458694300, 1.000000000000000200, -0.8781671911042026000 ) ) ;
#3790 = ORIENTED_EDGE ( 'NONE', *, *, #3255, .T. ) ;
#3791 = CARTESIAN_POINT ( 'NONE',  ( 0.1001548727153806400, 0.9999606299212597800, -0.5063941171341138600 ) ) ;
#3792 = LINE ( 'NONE', #3011, #1160 ) ;
#3793 = DIRECTION ( 'NONE',  ( -0.0000000000000000000, 1.000000000000000000, -0.0000000000000000000 ) ) ;
#3794 = CARTESIAN_POINT ( 'NONE',  ( 0.6584252959093148700, 0.9999606299212601100, -0.8580305351426399400 ) ) ;
#3795 = ADVANCED_FACE ( 'NONE', ( #4181 ), #3317, .T. ) ;
#3796 = B_SPLINE_SURFACE_WITH_KNOTS ( 'NONE', 3, 1, ( 
 ( #1048, #1539 ),
 ( #5010, #2036 ),
 ( #5517, #2531 ),
 ( #6017, #3020 ),
 ( #96, #3522 ),
 ( #586, #4036 ),
 ( #1070, #4532 ),
 ( #1560, #5038 ),
 ( #2054, #5538 ),
 ( #2555, #6043 ),
 ( #3041, #120 ),
 ( #3548, #605 ),
 ( #4054, #1095 ),
 ( #4553, #1583 ),
 ( #5057, #2082 ),
 ( #5562, #2574 ),
 ( #6068, #3064 ),
 ( #142, #3569 ),
 ( #632, #4077 ) ),
 .UNSPECIFIED., .F., .F., .F.,
 ( 4, 1, 1, 1, 1, 1, 1, 1, 1, 1, 1, 1, 1, 1, 1, 1, 4 ),
 ( 2, 2 ),
 ( 0.0000000000000000000, 0.08594776776712505200, 0.1646612895918343500, 0.2391822142960185500, 0.3092369848563646400, 0.3766943517160653600, 0.4407479895346236900, 0.5032957377886641000, 0.5666613310136046100, 0.6011212985389523500, 0.6409394331421679500, 0.6866273269858724800, 0.7373982524124159700, 0.7941894459313109100, 0.8569408067006945000, 0.9257597107636977900, 1.000000000000000000 ),
 ( 0.0000000000000000000, 1.000000000000000000 ),
 .UNSPECIFIED. ) ;
#3797 = ORIENTED_EDGE ( 'NONE', *, *, #3423, .F. ) ;
#3798 = LINE ( 'NONE', #5062, #6306 ) ;
#3799 = APPLICATION_CONTEXT ( 'configuration controlled 3d designs of mechanical parts and assemblies' ) ;
#3800 = CARTESIAN_POINT ( 'NONE',  ( 0.6935466577277623600, 0.9999999999999996700, -0.8164818606538322100 ) ) ;
#3801 = CARTESIAN_POINT ( 'NONE',  ( 0.6057508067989071400, 1.000000000000000000, -0.8085390905598359700 ) ) ;
#3802 = CARTESIAN_POINT ( 'NONE',  ( 0.7244036631431997100, 0.9999606299212597800, -0.8879565238667496100 ) ) ;
#3803 = VERTEX_POINT ( 'NONE', #4904 ) ;
#3804 = ORIENTED_EDGE ( 'NONE', *, *, #4145, .F. ) ;
#3805 = AXIS2_PLACEMENT_3D ( 'NONE', #2982, #550, #3990 ) ;
#3806 = CARTESIAN_POINT ( 'NONE',  ( 0.8733637839367578400, 0.9999606299212597800, -0.8416799762904679800 ) ) ;
#3807 = B_SPLINE_CURVE_WITH_KNOTS ( 'NONE', 3,
 ( #6391, #2407, #5422, #2447, #5936, #2935, #3, #3430, #503, #3939, #983, #4445, #1467, #4942, #1969, #5444, #2469, #5955, #2950 ),
 .UNSPECIFIED., .F., .F.,
 ( 4, 1, 1, 1, 1, 1, 1, 1, 1, 1, 1, 1, 1, 1, 1, 1, 4 ),
 ( 0.0000000000000000000, 0.1206795854909992900, 0.2305338289379839600, 0.3309550632170785700, 0.4208116729085218900, 0.5011270243297466500, 0.5713493660207031900, 0.6332246655567621600, 0.6858987127109722500, 0.7331104517484676700, 0.7764365142131903800, 0.8173386407957007300, 0.8554870737933423200, 0.8921333757432481400, 0.9276904481916801200, 0.9634616402638041000, 1.000000000000000000 ),
 .UNSPECIFIED. ) ;
#3808 = EDGE_CURVE ( 'NONE', #5201, #6213, #773, .T. ) ;
#3809 = CARTESIAN_POINT ( 'NONE',  ( 0.6804524511179269600, 1.000000000000000200, -0.8510327493278141400 ) ) ;
#3810 = CARTESIAN_POINT ( 'NONE',  ( 0.7608703485404897400, 0.9999606299212598900, -0.8882553959720693700 ) ) ;
#3811 = CARTESIAN_POINT ( 'NONE',  ( 0.8580965929443867800, 0.9999606299212598900, -0.8945612981773059000 ) ) ;
#3812 = EDGE_CURVE ( 'NONE', #347, #3193, #709, .T. ) ;
#3813 = ORIENTED_EDGE ( 'NONE', *, *, #6374, .F. ) ;
#3814 = CARTESIAN_POINT ( 'NONE',  ( 0.6105683391283794900, 1.000000000000000000, -0.8111114241851730100 ) ) ;
#3815 = VERTEX_POINT ( 'NONE', #1466 ) ;
#3816 = CARTESIAN_POINT ( 'NONE',  ( 0.6733048395701986000, 0.9999606299212601100, -0.8061894697341044400 ) ) ;
#3817 = CARTESIAN_POINT ( 'NONE',  ( 0.8770370108623307700, 0.9999999999999995600, -0.8067776437432414600 ) ) ;
#3818 = DIRECTION ( 'NONE',  ( -2.453269466693455300E-014, 0.0000000000000000000, 1.000000000000000000 ) ) ;
#3819 = CARTESIAN_POINT ( 'NONE',  ( 0.7407267046288600300, 0.9999999999999996700, -0.8875154412916288500 ) ) ;
#3820 = B_SPLINE_SURFACE_WITH_KNOTS ( 'NONE', 3, 1, ( 
 ( #5721, #6199 ),
 ( #3207, #293 ),
 ( #3729, #6158 ),
 ( #3150, #231 ),
 ( #3660, #718 ),
 ( #4167, #1195 ),
 ( #4672, #1700 ),
 ( #5169, #2197 ),
 ( #5679, #2684 ),
 ( #6180, #3171 ),
 ( #255, #3684 ) ),
 .UNSPECIFIED., .F., .F., .F.,
 ( 4, 1, 1, 1, 1, 1, 1, 1, 4 ),
 ( 2, 2 ),
 ( 0.0000000000000000000, 0.1232115076675096300, 0.2406990252533369700, 0.3542612932167186800, 0.4669536443969397600, 0.5842822876469543300, 0.7105515410306877400, 0.8478091896452393300, 1.000000000000000000 ),
 ( 0.0000000000000000000, 1.000000000000000000 ),
 .UNSPECIFIED. ) ;
#3821 = PERSON_AND_ORGANIZATION_ROLE ( 'creator' ) ;
#3822 = CARTESIAN_POINT ( 'NONE',  ( 0.8713771775570899900, 0.9999606299212597800, -0.8875523819003108300 ) ) ;
#3823 = EDGE_LOOP ( 'NONE', ( #3587, #5172, #5584, #4133 ) ) ;
#3824 = DIRECTION ( 'NONE',  ( -1.000000000000000000, 0.0000000000000000000, 2.603493823086944100E-017 ) ) ;
#3825 = CARTESIAN_POINT ( 'NONE',  ( 0.7396503188770470200, 1.000000000000000400, -0.8979652109420733800 ) ) ;
#3826 = VERTEX_POINT ( 'NONE', #4939 ) ;
#3827 = CARTESIAN_POINT ( 'NONE',  ( 0.7680606452598932600, 0.9999606299212595600, -0.8238985608199584900 ) ) ;
#3828 = B_SPLINE_SURFACE_WITH_KNOTS ( 'NONE', 3, 1, ( 
 ( #3731, #738 ),
 ( #785, #4234 ),
 ( #1266, #4743 ),
 ( #1763, #5233 ),
 ( #2263, #5747 ),
 ( #2745, #6247 ),
 ( #3234, #314 ),
 ( #3751, #807 ),
 ( #4257, #1284 ),
 ( #4760, #1791 ),
 ( #5251, #2283 ),
 ( #5772, #2770 ),
 ( #6268, #3258 ),
 ( #337, #3771 ),
 ( #824, #4281 ),
 ( #1305, #4782 ),
 ( #1808, #5278 ),
 ( #2303, #5794 ),
 ( #2796, #6293 ) ),
 .UNSPECIFIED., .F., .F., .F.,
 ( 4, 1, 1, 1, 1, 1, 1, 1, 1, 1, 1, 1, 1, 1, 1, 1, 4 ),
 ( 2, 2 ),
 ( 0.0000000000000000000, 0.06553421244304726000, 0.1288270559297149400, 0.1899548512024741600, 0.2496480368191126800, 0.3082483091336515900, 0.3667963607881978800, 0.4255009350642017800, 0.4858920521208359700, 0.5466819835686090900, 0.6066869295489960600, 0.6675221296550205600, 0.7294256136805839000, 0.7931375186351540300, 0.8590270504025672200, 0.9276974320877976500, 1.000000000000000000 ),
 ( 0.0000000000000000000, 1.000000000000000000 ),
 .UNSPECIFIED. ) ;
#3829 = CARTESIAN_POINT ( 'NONE',  ( 0.8820218433011430800, 1.000000000000000000, -0.8461471219088880800 ) ) ;
#3830 = CARTESIAN_POINT ( 'NONE',  ( 0.6623650708183044200, 1.000000000000000200, -0.8970428915089245800 ) ) ;
#3831 = VERTEX_POINT ( 'NONE', #1968 ) ;
#3832 = CARTESIAN_POINT ( 'NONE',  ( 0.5028429247599257600, 0.9999606299212597800, -0.1002054203944308900 ) ) ;
#3833 = CARTESIAN_POINT ( 'NONE',  ( 0.8703390468926018900, 1.000000000000000000, -0.8980773596015574300 ) ) ;
#3834 = CARTESIAN_POINT ( 'NONE',  ( 0.6160539280959932400, 0.9999606299212597800, -0.8252573897307299300 ) ) ;
#3835 = ORIENTED_EDGE ( 'NONE', *, *, #1318, .T. ) ;
#3836 = VERTEX_POINT ( 'NONE', #4443 ) ;
#3837 = B_SPLINE_CURVE_WITH_KNOTS ( 'NONE', 3,
 ( #4137, #1666, #2651, #6153, #3141, #220, #3651, #708, #4155, #1186, #4663, #1688, #5159, #2187, #5669, #2672, #6171, #3160, #244 ),
 .UNSPECIFIED., .F., .F.,
 ( 4, 1, 1, 1, 1, 1, 1, 1, 1, 1, 1, 1, 1, 1, 1, 1, 4 ),
 ( 0.0000000000000000000, 0.05404122374562317400, 0.1069654310112304300, 0.1594539785943360200, 0.2125581879348216200, 0.2660930470173581400, 0.3215611914258257300, 0.3793275444253753100, 0.4402431090674896500, 0.5026657750326939400, 0.5664400990795688300, 0.6312763839525156200, 0.6984011148730701100, 0.7684817318052744600, 0.8417846445762228200, 0.9188064485756204400, 1.000000000000000000 ),
 .UNSPECIFIED. ) ;
#3838 = CARTESIAN_POINT ( 'NONE',  ( 0.0000000000000000000, 0.007874015748031721500, -0.007874015748031584400 ) ) ;
#3839 = CARTESIAN_POINT ( 'NONE',  ( 0.8888736969906452200, 1.000000000000000000, -0.8395505741047274400 ) ) ;
#3840 = CARTESIAN_POINT ( 'NONE',  ( 0.7447082738952831600, 0.9999999999999996700, -0.8048997695949413600 ) ) ;
#3841 = B_SPLINE_CURVE_WITH_KNOTS ( 'NONE', 3,
 ( #1951, #1442, #5932, #2932, #6424, #3425, #500, #3934, #981, #4442, #1465 ),
 .UNSPECIFIED., .F., .F.,
 ( 4, 1, 1, 1, 1, 1, 1, 1, 4 ),
 ( 0.0000000000000000000, 0.09321839406069649900, 0.1938574851185520300, 0.3031616225397836300, 0.4216003745329097700, 0.5505359843336943300, 0.6892597431086399100, 0.8389726057502749900, 1.000000000000000000 ),
 .UNSPECIFIED. ) ;
#3842 = ORIENTED_EDGE ( 'NONE', *, *, #1446, .F. ) ;
#3843 = CARTESIAN_POINT ( 'NONE',  ( 0.8628314721132448500, 0.9999999999999995600, -0.8838336550043717200 ) ) ;
#3844 = ORIENTED_EDGE ( 'NONE', *, *, #5982, .T. ) ;
#3845 = CARTESIAN_POINT ( 'NONE',  ( 0.8446175711349951400, 0.9999606299212596700, -0.8678613061893713000 ) ) ;
#3846 = EDGE_CURVE ( 'NONE', #4604, #1302, #2857, .T. ) ;
#3847 = PERSON_AND_ORGANIZATION ( #1546, #2977 ) ;
#3848 = CARTESIAN_POINT ( 'NONE',  ( 0.7591510181454752500, 0.9999999999999996700, -0.8017714978512661100 ) ) ;
#3849 = EDGE_CURVE ( 'NONE', #6299, #2794, #414, .T. ) ;
#3850 = B_SPLINE_SURFACE_WITH_KNOTS ( 'NONE', 3, 1, ( 
 ( #1989, #5957 ),
 ( #5977, #2971 ),
 ( #45, #3475 ),
 ( #536, #3981 ),
 ( #1027, #4483 ),
 ( #1507, #4985 ),
 ( #2011, #5486 ),
 ( #2507, #5995 ),
 ( #2993, #67 ),
 ( #3496, #564 ),
 ( #4003, #1043 ),
 ( #4505, #1533 ),
 ( #5006, #2032 ),
 ( #5510, #2524 ),
 ( #6012, #3014 ),
 ( #89, #3519 ),
 ( #582, #4031 ),
 ( #1064, #4527 ),
 ( #1554, #5031 ) ),
 .UNSPECIFIED., .F., .F., .F.,
 ( 4, 1, 1, 1, 1, 1, 1, 1, 1, 1, 1, 1, 1, 1, 1, 1, 4 ),
 ( 2, 2 ),
 ( 0.0000000000000000000, 0.03475612679208769200, 0.06920497968908564900, 0.1040637835934733900, 0.1399556082715875700, 0.1777369218184911000, 0.2184284661752961800, 0.2625622612246645800, 0.3103376776290867600, 0.3642496298805924000, 0.4261424154125425500, 0.4974026320891999400, 0.5784347426665217300, 0.6686249014675873500, 0.7690992835489114400, 0.8795114840670503800, 1.000000000000000000 ),
 ( 0.0000000000000000000, 1.000000000000000000 ),
 .UNSPECIFIED. ) ;
#3851 = CARTESIAN_POINT ( 'NONE',  ( 0.8876315700130501500, 0.9999606299212596700, -0.8592524981677526200 ) ) ;
#3852 = CARTESIAN_POINT ( 'NONE',  ( 0.6731524534166873900, 0.9999606299212597800, -0.8980356636877576700 ) ) ;
#3853 = CARTESIAN_POINT ( 'NONE',  ( 2.731847993664263200E-016, 1.000000000000000000, -1.000000000000000000 ) ) ;
#3854 = VECTOR ( 'NONE', #5008, 39.37007874015748100 ) ;
#3855 = EDGE_LOOP ( 'NONE', ( #4884, #4365, #1834, #975, #1336, #1625, #6318, #3620 ) ) ;
#3856 = CARTESIAN_POINT ( 'NONE',  ( 0.6063692209167793600, 1.000000000000000000, -0.8087400395627908400 ) ) ;
#3857 = CARTESIAN_POINT ( 'NONE',  ( 0.6027434938811868600, 1.000000000000000200, -0.8963736130301895900 ) ) ;
#3858 = CARTESIAN_POINT ( 'NONE',  ( 0.8446175711349951400, 0.9999999999999998900, -0.8678613061893713000 ) ) ;
#3859 = LINE ( 'NONE', #5713, #2526 ) ;
#3860 = CARTESIAN_POINT ( 'NONE',  ( 0.6134782186329420500, 1.000000000000000000, -0.7990323723130885500 ) ) ;
#3861 = VERTEX_POINT ( 'NONE', #3447 ) ;
#3862 = VECTOR ( 'NONE', #3037, 39.37007874015748100 ) ;
#3863 = CARTESIAN_POINT ( 'NONE',  ( 0.6210479753884726700, 0.9999999999999995600, -0.8589558562050145800 ) ) ;
#3864 = LINE ( 'NONE', #1535, #2533 ) ;
#3865 = CARTESIAN_POINT ( 'NONE',  ( 0.7589485398321320600, 1.000000000000000400, -0.8351620933605694600 ) ) ;
#3866 = CARTESIAN_POINT ( 'NONE',  ( 0.8557209369378804300, 0.9999606299212595600, -0.8709406397222022600 ) ) ;
#3867 = VECTOR ( 'NONE', #2520, 39.37007874015748100 ) ;
#3868 = VERTEX_POINT ( 'NONE', #3959 ) ;
#3869 = LINE ( 'NONE', #4964, #257 ) ;
#3870 = CARTESIAN_POINT ( 'NONE',  ( 0.8651663032808411000, 0.9999606299212596700, -0.8975422389250145000 ) ) ;
#3871 = DIRECTION ( 'NONE',  ( 0.0000000000000000000, 0.0000000000000000000, -1.000000000000000000 ) ) ;
#3872 = CARTESIAN_POINT ( 'NONE',  ( 0.7427143039800782100, 0.9999606299212596700, -0.7943360894784513600 ) ) ;
#3873 = ORIENTED_EDGE ( 'NONE', *, *, #227, .T. ) ;
#3874 = DIRECTION ( 'NONE',  ( -1.000000000000000000, 0.0000000000000000000, 2.220446049250312600E-016 ) ) ;
#3875 = FACE_OUTER_BOUND ( 'NONE', #3254, .T. ) ;
#3876 = CARTESIAN_POINT ( 'NONE',  ( 0.6940662209972188200, 1.000000000000000200, -0.8900337032566461000 ) ) ;
#3877 = CARTESIAN_POINT ( 'NONE',  ( 0.5753453284274326900, 1.000000000000000000, -0.8849455532568604200 ) ) ;
#3878 = DIRECTION ( 'NONE',  ( -0.0000000000000000000, 1.000000000000000000, -0.0000000000000000000 ) ) ;
#3879 = CARTESIAN_POINT ( 'NONE',  ( 0.6164251057133373100, 0.9999606299212595600, -0.8902218213481510900 ) ) ;
#3880 = CARTESIAN_POINT ( 'NONE',  ( 0.8651663032808411000, 0.9999999999999998900, -0.8975422389250145000 ) ) ;
#3881 = LINE ( 'NONE', #4640, #1253 ) ;
#3882 = CARTESIAN_POINT ( 'NONE',  ( 0.7881844153559058900, 0.9999999999999996700, -0.8726665543179125100 ) ) ;
#3883 = CARTESIAN_POINT ( 'NONE',  ( 0.7320907087540170500, 0.9999606299212597800, -0.8810293067356933500 ) ) ;
#3884 = PLANE ( 'NONE',  #3977 ) ;
#3885 = CARTESIAN_POINT ( 'NONE',  ( 0.6264475034263850000, 1.000000000000000200, -0.8297364255665729000 ) ) ;
#3886 = EDGE_CURVE ( 'NONE', #5760, #5698, #94, .T. ) ;
#3887 = CARTESIAN_POINT ( 'NONE',  ( 0.8878657548066345400, 0.9999606299212598900, -0.8652210001013535000 ) ) ;
#3888 = B_SPLINE_SURFACE_WITH_KNOTS ( 'NONE', 3, 1, ( 
 ( #473, #1422 ),
 ( #3909, #961 ),
 ( #4418, #1438 ),
 ( #4918, #1948 ),
 ( #5412, #2439 ),
 ( #5930, #2929 ),
 ( #6422, #3422 ),
 ( #497, #3933 ),
 ( #978, #4438 ),
 ( #1463, #4936 ),
 ( #1965, #5437 ),
 ( #2461, #5949 ),
 ( #2946, #24 ),
 ( #3443, #515 ),
 ( #3955, #1000 ),
 ( #4452, #1483 ),
 ( #4960, #1980 ),
 ( #5458, #2484 ),
 ( #5967, #2963 ) ),
 .UNSPECIFIED., .F., .F., .F.,
 ( 4, 1, 1, 1, 1, 1, 1, 1, 1, 1, 1, 1, 1, 1, 1, 1, 4 ),
 ( 2, 2 ),
 ( 0.0000000000000000000, 0.07812529689189649800, 0.1518301493922380500, 0.2221520613979048900, 0.2890233266244089400, 0.3525976224640657300, 0.4148420026739771900, 0.4749348900295514200, 0.5348433958080153200, 0.5934135167521027400, 0.6507869454438953700, 0.7072859995271791900, 0.7634577572775843600, 0.8197238077213179200, 0.8778515259498449500, 0.9374785251711056400, 1.000000000000000000 ),
 ( 0.0000000000000000000, 1.000000000000000000 ),
 .UNSPECIFIED. ) ;
#3889 = CARTESIAN_POINT ( 'NONE',  ( 0.8690258662581323800, 0.9999606299212598900, -0.7943360894784514700 ) ) ;
#3890 = ORIENTED_EDGE ( 'NONE', *, *, #1558, .T. ) ;
#3891 = CARTESIAN_POINT ( 'NONE',  ( 0.7027238499709933500, 0.9999606299212597800, -0.8678742050087543400 ) ) ;
#3892 = EDGE_CURVE ( 'NONE', #5546, #193, #572, .T. ) ;
#3893 = DIRECTION ( 'NONE',  ( -0.0000000000000000000, 0.0000000000000000000, -1.000000000000000000 ) ) ;
#3894 = CARTESIAN_POINT ( 'NONE',  ( 0.5986781317981181300, 0.9999606299212597800, -0.8847830381176371400 ) ) ;
#3895 = CARTESIAN_POINT ( 'NONE',  ( 0.6238899254552918700, 1.000000000000000000, -0.8725554945349725000 ) ) ;
#3896 = CARTESIAN_POINT ( 'NONE',  ( 0.7391041047238312600, 1.000000000000050200, -0.8870695306232837500 ) ) ;
#3897 = ORIENTED_EDGE ( 'NONE', *, *, #5834, .T. ) ;
#3898 = EDGE_CURVE ( 'NONE', #1041, #4232, #3869, .T. ) ;
#3899 = VERTEX_POINT ( 'NONE', #2005 ) ;
#3900 = CARTESIAN_POINT ( 'NONE',  ( 0.6503495900031444100, 0.9999999999999996700, -0.8284545384861493600 ) ) ;
#3901 = CARTESIAN_POINT ( 'NONE',  ( 0.8099108295429469100, 0.9999606299212595600, -0.8945104409950827000 ) ) ;
#3902 = ORIENTED_EDGE ( 'NONE', *, *, #4237, .T. ) ;
#3903 = CARTESIAN_POINT ( 'NONE',  ( 0.8458605391281902600, 0.9999606299212597800, -0.8192865215333755600 ) ) ;
#3904 = CARTESIAN_POINT ( 'NONE',  ( 0.8805773402918264400, 0.9999999999999998900, -0.8840912087177774700 ) ) ;
#3905 = CARTESIAN_POINT ( 'NONE',  ( 0.6595427244644688200, 0.9999606299212598900, -0.8458728169313497500 ) ) ;
#3906 = CARTESIAN_POINT ( 'NONE',  ( 0.8851903427108565000, 1.000000000000000000, -0.8779841817769387100 ) ) ;
#3907 = B_SPLINE_SURFACE_WITH_KNOTS ( 'NONE', 3, 1, ( 
 ( #5688, #261 ),
 ( #4197, #1230 ),
 ( #4701, #1727 ),
 ( #5200, #2222 ),
 ( #5709, #2714 ),
 ( #6210, #3196 ),
 ( #282, #3714 ),
 ( #770, #4219 ),
 ( #1256, #4724 ),
 ( #1750, #5219 ),
 ( #2250, #5728 ),
 ( #2735, #6232 ),
 ( #3217, #301 ),
 ( #3738, #792 ),
 ( #4241, #1270 ),
 ( #4748, #1770 ),
 ( #5239, #2267 ),
 ( #5754, #2750 ),
 ( #6254, #3242 ) ),
 .UNSPECIFIED., .F., .F., .F.,
 ( 4, 1, 1, 1, 1, 1, 1, 1, 1, 1, 1, 1, 1, 1, 1, 1, 4 ),
 ( 2, 2 ),
 ( 0.0000000000000000000, 0.1206795854909992900, 0.2305338289379839600, 0.3309550632170785700, 0.4208116729085218900, 0.5011270243297466500, 0.5713493660207031900, 0.6332246655567621600, 0.6858987127109722500, 0.7331104517484676700, 0.7764365142131903800, 0.8173386407957007300, 0.8554870737933423200, 0.8921333757432481400, 0.9276904481916801200, 0.9634616402638041000, 1.000000000000000000 ),
 ( 0.0000000000000000000, 1.000000000000000000 ),
 .UNSPECIFIED. ) ;
#3908 = CARTESIAN_POINT ( 'NONE',  ( 0.8504926039192169900, 0.9999606299212598900, -0.8043050585586798400 ) ) ;
#3909 = CARTESIAN_POINT ( 'NONE',  ( 0.6751955832177896100, 0.9999606299212597800, -0.8061707122962493700 ) ) ;
#3910 = ORIENTED_EDGE ( 'NONE', *, *, #6157, .F. ) ;
#3911 = ADVANCED_FACE ( 'NONE', ( #2541 ), #3328, .T. ) ;
#3912 = CARTESIAN_POINT ( 'NONE',  ( 0.8842057908183356100, 0.9999606299212602200, -0.8797595944375885500 ) ) ;
#3913 = PLANE ( 'NONE',  #3508 ) ;
#3914 = CARTESIAN_POINT ( 'NONE',  ( 0.7659382348719238100, 0.9999999999999998900, -0.8149800103696637200 ) ) ;
#3915 = CARTESIAN_POINT ( 'NONE',  ( 0.7297922226564244100, 0.9999606299212596700, -0.8765996521616501400 ) ) ;
#3916 = B_SPLINE_CURVE_WITH_KNOTS ( 'NONE', 3,
 ( #5850, #2363, #3858, #904, #4363, #1389, #4865, #1890, #5358, #2383, #5868, #2873, #6372, #3365, #442, #3880, #924, #4380, #1410 ),
 .UNSPECIFIED., .F., .F.,
 ( 4, 1, 1, 1, 1, 1, 1, 1, 1, 1, 1, 1, 1, 1, 1, 1, 4 ),
 ( 0.0000000000000000000, 0.08053600938051930200, 0.1575051715253419900, 0.2303941112024256400, 0.2998251517006285700, 0.3668016534130303400, 0.4313192642618368700, 0.4942183518431536000, 0.5563766225189574800, 0.6167198372247829600, 0.6743120428934187300, 0.7300136391601242900, 0.7839920870087014900, 0.8374046133593580100, 0.8906781981301905600, 0.9443899566616618100, 1.000000000000000000 ),
 .UNSPECIFIED. ) ;
#3917 = CARTESIAN_POINT ( 'NONE',  ( 0.6711459385013577300, 1.000000000000000200, -0.8062574606935811700 ) ) ;
#3918 = CARTESIAN_POINT ( 'NONE',  ( 0.5961920709996391100, 1.000000000000000000, -0.8967641789670877100 ) ) ;
#3919 = CARTESIAN_POINT ( 'NONE',  ( 0.6134048711101943700, 1.000000000000000200, -0.8687612440302430200 ) ) ;
#3920 = VERTEX_POINT ( 'NONE', #2503 ) ;
#3921 = CARTESIAN_POINT ( 'NONE',  ( 0.7288587916201233500, 1.000000000000000200, -0.8737197803284731900 ) ) ;
#3922 = CARTESIAN_POINT ( 'NONE',  ( 0.8996638833839867300, 0.9999606299212597800, -0.4971061745397057400 ) ) ;
#3923 = VECTOR ( 'NONE', #2159, 39.37007874015748100 ) ;
#3924 = CARTESIAN_POINT ( 'NONE',  ( 0.6483487803491907500, 1.000000000000000000, -0.8532664956565071400 ) ) ;
#3925 = EDGE_CURVE ( 'NONE', #3045, #4268, #532, .T. ) ;
#3926 = FACE_OUTER_BOUND ( 'NONE', #2013, .T. ) ;
#3927 = CARTESIAN_POINT ( 'NONE',  ( 0.8764572739893171600, 0.9999606299212595600, -0.8867379963922861200 ) ) ;
#3928 = FACE_BOUND ( 'NONE', #1631, .T. ) ;
#3929 = EDGE_CURVE ( 'NONE', #6172, #3595, #386, .T. ) ;
#3930 = B_SPLINE_SURFACE_WITH_KNOTS ( 'NONE', 3, 1, ( 
 ( #3679, #5674 ),
 ( #734, #4185 ),
 ( #1213, #4688 ),
 ( #1718, #5189 ),
 ( #2212, #5697 ),
 ( #2705, #6196 ),
 ( #3187, #271 ),
 ( #3701, #755 ),
 ( #4207, #1241 ),
 ( #4711, #1738 ),
 ( #5210, #2235 ),
 ( #5717, #2723 ),
 ( #6222, #3204 ),
 ( #291, #3726 ),
 ( #780, #4230 ),
 ( #1262, #4737 ),
 ( #1757, #5228 ),
 ( #2260, #5741 ),
 ( #2743, #6241 ),
 ( #3229, #309 ),
 ( #3747, #804 ),
 ( #4251, #1279 ),
 ( #4756, #1784 ),
 ( #5248, #2278 ),
 ( #5766, #2762 ),
 ( #6265, #3253 ),
 ( #333, #3767 ) ),
 .UNSPECIFIED., .F., .F., .F.,
 ( 4, 1, 1, 1, 1, 1, 1, 1, 1, 1, 1, 1, 1, 1, 1, 1, 1, 1, 1, 1, 1, 1, 1, 1, 4 ),
 ( 2, 2 ),
 ( 0.0000000000000000000, 0.02999254000424278800, 0.05988765824215254400, 0.08952798136277485800, 0.1191969217462761400, 0.1495620541731854900, 0.1802969880107635800, 0.2118561156720021900, 0.2444942577915404900, 0.2777728978183695000, 0.3118577989205675900, 0.3465136761103508300, 0.3821460087630955100, 0.4188459932314990700, 0.4570305446283730000, 0.4968164127269490400, 0.5380658000762206200, 0.5818416214535223600, 0.6295539024461216400, 0.6809740009360099000, 0.7362938138258241500, 0.7958930195968693100, 0.8595676369009319600, 0.9276884041951013500, 1.000000000000000000 ),
 ( 0.0000000000000000000, 1.000000000000000000 ),
 .UNSPECIFIED. ) ;
#3931 = ORIENTED_EDGE ( 'NONE', *, *, #311, .T. ) ;
#3932 = CARTESIAN_POINT ( 'NONE',  ( 0.7052174071811415600, 1.000000000000000000, -0.8196986926178516700 ) ) ;
#3933 = CARTESIAN_POINT ( 'NONE',  ( 0.6865078574796383800, 0.9999999999999996700, -0.8088310147117502300 ) ) ;
#3934 = CARTESIAN_POINT ( 'NONE',  ( 0.7692498610837432700, 1.000000000000000200, -0.8592292050176660900 ) ) ;
#3935 = ORIENTED_EDGE ( 'NONE', *, *, #1558, .F. ) ;
#3936 = PRODUCT_DEFINITION ( 'UNKNOWN', '', #5619, #5718 ) ;
#3937 = ORIENTED_EDGE ( 'NONE', *, *, #4512, .F. ) ;
#3938 = LINE ( 'NONE', #2125, #3780 ) ;
#3939 = CARTESIAN_POINT ( 'NONE',  ( 0.7309538796430028500, 0.9999999999999998900, -0.8132684993912462400 ) ) ;
#3940 = LINE ( 'NONE', #4078, #5423 ) ;
#3941 = ADVANCED_FACE ( 'NONE', ( #1393 ), #1199, .T. ) ;
#3942 = CARTESIAN_POINT ( 'NONE',  ( 0.6220164356849976500, 0.9999999999999995600, -0.8817617522768566000 ) ) ;
#3943 = ORIENTED_EDGE ( 'NONE', *, *, #2279, .F. ) ;
#3944 = CARTESIAN_POINT ( 'NONE',  ( 0.6804524511179269600, 1.000000000000000200, -0.8510327493278141400 ) ) ;
#3945 = CARTESIAN_POINT ( 'NONE',  ( 0.6264451016766959800, 0.9999606299212602200, -0.8209020992008628800 ) ) ;
#3946 = FACE_OUTER_BOUND ( 'NONE', #3392, .T. ) ;
#3947 = ADVANCED_FACE ( 'NONE', ( #6377 ), #3180, .T. ) ;
#3948 = CARTESIAN_POINT ( 'NONE',  ( 0.3385826771653584500, 1.330708661417320900, -0.6614173228346418300 ) ) ;
#3949 = CARTESIAN_POINT ( 'NONE',  ( 0.6541985924895790100, 0.9999606299212597800, -0.8484186114825773600 ) ) ;
#3950 = CARTESIAN_POINT ( 'NONE',  ( 0.6423175407853872800, 0.9999606299212596700, -0.8703774555932122200 ) ) ;
#3951 = LINE ( 'NONE', #2060, #1319 ) ;
#3952 = DIRECTION ( 'NONE',  ( 1.000000000000000000, 0.0000000000000000000, 0.0000000000000000000 ) ) ;
#3953 = B_SPLINE_SURFACE_WITH_KNOTS ( 'NONE', 3, 1, ( 
 ( #2406, #1366 ),
 ( #5889, #2893 ),
 ( #6389, #3386 ),
 ( #458, #3896 ),
 ( #947, #4397 ),
 ( #1426, #4905 ),
 ( #1930, #5395 ),
 ( #2422, #5912 ),
 ( #2907, #6411 ),
 ( #3409, #478 ),
 ( #3915, #965 ),
 ( #4422, #1444 ),
 ( #4922, #1954 ),
 ( #5418, #2445 ),
 ( #5934, #2934 ),
 ( #1, #3427 ),
 ( #501, #4027 ),
 ( #1061, #4523 ),
 ( #1552, #5029 ) ),
 .UNSPECIFIED., .F., .F., .F.,
 ( 4, 1, 1, 1, 1, 1, 1, 1, 1, 1, 1, 1, 1, 1, 1, 1, 4 ),
 ( 2, 2 ),
 ( 0.0000000000000000000, 0.03481888132959476400, 0.06891955580719841300, 0.1034513888417885900, 0.1390496088211288500, 0.1771753219263888500, 0.2179403376185296300, 0.2619036500779320400, 0.3097653282277569900, 0.3632138529075520900, 0.4256205765081699200, 0.4969126734317579900, 0.5776735780836582700, 0.6680265813160591900, 0.7686823766893833300, 0.8792939339028141800, 1.000000000000000000 ),
 ( 0.0000000000000000000, 1.000000000000000000 ),
 .UNSPECIFIED. ) ;
#3954 = CARTESIAN_POINT ( 'NONE',  ( 0.6902975939743634100, 0.9999606299212595600, -0.7978311640483537500 ) ) ;
#3955 = CARTESIAN_POINT ( 'NONE',  ( 0.6941138401241953000, 0.9999606299212598900, -0.8181077542257113600 ) ) ;
#3956 = VERTEX_POINT ( 'NONE', #1232 ) ;
#3957 = DIRECTION ( 'NONE',  ( -0.0000000000000000000, 0.0000000000000000000, -1.000000000000000000 ) ) ;
#3958 = CARTESIAN_POINT ( 'NONE',  ( 0.8565760701241574800, 0.9999999999999998900, -0.8193620227190064900 ) ) ;
#3959 = CARTESIAN_POINT ( 'NONE',  ( 0.5753453284274326900, 0.9999606299212597800, -0.8849455532568604200 ) ) ;
#3960 = DIRECTION ( 'NONE',  ( 0.1240347345892084700, 0.0000000000000000000, 0.9922778767136677400 ) ) ;
#3961 = ORIENTED_EDGE ( 'NONE', *, *, #1906, .T. ) ;
#3962 = CARTESIAN_POINT ( 'NONE',  ( 0.7614476464686851200, 1.000000000000000000, -0.8874077669464911500 ) ) ;
#3963 = CARTESIAN_POINT ( 'NONE',  ( 0.6010314402847351000, 0.9999606299212597800, -0.7958390710345040200 ) ) ;
#3964 = B_SPLINE_SURFACE_WITH_KNOTS ( 'NONE', 3, 1, ( 
 ( #5334, #4047 ),
 ( #4543, #1576 ),
 ( #5050, #2072 ),
 ( #5553, #2569 ),
 ( #6059, #3056 ),
 ( #133, #3563 ),
 ( #622, #4068 ),
 ( #1108, #4571 ),
 ( #1593, #5069 ),
 ( #2097, #5580 ),
 ( #2586, #6086 ),
 ( #3080, #152 ),
 ( #3584, #648 ),
 ( #4093, #1126 ),
 ( #4597, #1624 ),
 ( #5087, #2120 ),
 ( #5604, #2608 ),
 ( #6103, #3101 ),
 ( #179, #3605 ) ),
 .UNSPECIFIED., .F., .F., .F.,
 ( 4, 1, 1, 1, 1, 1, 1, 1, 1, 1, 1, 1, 1, 1, 1, 1, 4 ),
 ( 2, 2 ),
 ( 0.0000000000000000000, 0.08042359312847370500, 0.1554478660209168100, 0.2274865779056530500, 0.2949489652405909400, 0.3597986509905239900, 0.4210200219417497600, 0.4819019994985019300, 0.5406082872412787400, 0.5984821386513642400, 0.6551515363375460800, 0.7102010032718282200, 0.7655971895723571200, 0.8217224591483826000, 0.8791641554936628900, 0.9383687171181152000, 0.9999999999999998900 ),
 ( 0.0000000000000000000, 1.000000000000000000 ),
 .UNSPECIFIED. ) ;
#3965 = EDGE_LOOP ( 'NONE', ( #1414, #2720, #1017, #4291 ) ) ;
#3966 = PLANE ( 'NONE',  #3338 ) ;
#3967 = CARTESIAN_POINT ( 'NONE',  ( 0.8703390468926018900, 1.000000000000000000, -0.8980773596015574300 ) ) ;
#3968 = ORIENTED_EDGE ( 'NONE', *, *, #2806, .F. ) ;
#3969 = EDGE_CURVE ( 'NONE', #5523, #866, #4021, .T. ) ;
#3970 = ADVANCED_FACE ( 'NONE', ( #1080 ), #1729, .T. ) ;
#3971 = CARTESIAN_POINT ( 'NONE',  ( 0.7951062483221902300, 0.9999606299212602200, -0.8647372066435508000 ) ) ;
#3972 = CARTESIAN_POINT ( 'NONE',  ( 0.6159856700745780500, 0.9999999999999998900, -0.8280113431410876000 ) ) ;
#3973 = ADVANCED_FACE ( 'NONE', ( #1236 ), #5501, .T. ) ;
#3974 = CARTESIAN_POINT ( 'NONE',  ( 0.5064393814528370700, 0.9999606299212597800, -0.3332054203944309100 ) ) ;
#3975 = CARTESIAN_POINT ( 'NONE',  ( 0.0000000000000000000, 1.000000000000000000, 0.0000000000000000000 ) ) ;
#3976 = CARTESIAN_POINT ( 'NONE',  ( 0.6692230480767885600, 1.000000000000000400, -0.8538745844429825900 ) ) ;
#3977 = AXIS2_PLACEMENT_3D ( 'NONE', #4894, #3396, #464 ) ;
#3978 = CARTESIAN_POINT ( 'NONE',  ( 0.6966021832335456100, 0.9999606299212597800, -0.8871971595059464600 ) ) ;
#3979 = EDGE_LOOP ( 'NONE', ( #1374, #298, #5003, #561 ) ) ;
#3980 = CARTESIAN_POINT ( 'NONE',  ( 0.8983548744894696000, 0.9999606299212598900, -0.8440917723004310900 ) ) ;
#3981 = CARTESIAN_POINT ( 'NONE',  ( 0.7463444778239463100, 1.000000000000000200, -0.8053438087667225100 ) ) ;
#3982 = CARTESIAN_POINT ( 'NONE',  ( 0.8703390468926018900, 0.9999606299212597800, -0.8980773596015574300 ) ) ;
#3983 = CARTESIAN_POINT ( 'NONE',  ( 0.7417476059429057900, 0.9999999999999998900, -0.7943723732604834900 ) ) ;
#3984 = VERTEX_POINT ( 'NONE', #3717 ) ;
#3985 = CARTESIAN_POINT ( 'NONE',  ( 1.000000000000000200, 0.007874015748031721500, -0.9921259842519685200 ) ) ;
#3986 = CARTESIAN_POINT ( 'NONE',  ( 0.8916643220525432000, 0.9999999999999996700, -0.8846171352781907500 ) ) ;
#3987 = CARTESIAN_POINT ( 'NONE',  ( 0.5925397873600203300, 0.9999606299212597800, -0.8849455532568604200 ) ) ;
#3988 = VERTEX_POINT ( 'NONE', #4769 ) ;
#3989 = CARTESIAN_POINT ( 'NONE',  ( 0.6076213823679743600, 0.9999606299212596700, -0.8409465195321381700 ) ) ;
#3990 = DIRECTION ( 'NONE',  ( 0.7071067811865474600, 0.0000000000000000000, 0.7071067811865474600 ) ) ;
#3991 = CARTESIAN_POINT ( 'NONE',  ( 0.1001548727153806400, 0.9999606299212597800, -0.5063941171341138600 ) ) ;
#3992 = CARTESIAN_POINT ( 'NONE',  ( 0.6049776619751309200, 1.000000000000000000, -0.8419145062737338800 ) ) ;
#3993 = ORIENTED_EDGE ( 'NONE', *, *, #3291, .F. ) ;
#3994 = CARTESIAN_POINT ( 'NONE',  ( 0.8638836846786502900, 0.9999606299212598900, -0.8438964057220322800 ) ) ;
#3995 = B_SPLINE_CURVE_WITH_KNOTS ( 'NONE', 3,
 ( #440, #5866, #922, #4378, #1407, #4882, #1908, #5373, #2404, #5887, #2891, #6387, #3383, #456, #3894, #945, #4395, #1424, #4903 ),
 .UNSPECIFIED., .F., .F.,
 ( 4, 1, 1, 1, 1, 1, 1, 1, 1, 1, 1, 1, 1, 1, 1, 1, 4 ),
 ( 0.0000000000000000000, 0.08594776776712505200, 0.1646612895918343500, 0.2391822142960185500, 0.3092369848563646400, 0.3766943517160653600, 0.4407479895346236900, 0.5032957377886641000, 0.5666613310136046100, 0.6011212985389523500, 0.6409394331421679500, 0.6866273269858724800, 0.7373982524124159700, 0.7941894459313109100, 0.8569408067006945000, 0.9257597107636977900, 1.000000000000000000 ),
 .UNSPECIFIED. ) ;
#3996 = CARTESIAN_POINT ( 'NONE',  ( 0.6561264558947328400, 1.000000000000000200, -0.8598720105174547700 ) ) ;
#3997 = CARTESIAN_POINT ( 'NONE',  ( 0.8644885459951468000, 0.9999606299212597800, -0.8316178884500595700 ) ) ;
#3998 = PERSON_AND_ORGANIZATION ( #1546, #2977 ) ;
#3999 = DIRECTION ( 'NONE',  ( -1.000000000000000000, 0.0000000000000000000, -2.480795431559006800E-016 ) ) ;
#4000 = ADVANCED_FACE ( 'NONE', ( #5036 ), #1224, .T. ) ;
#4001 = CARTESIAN_POINT ( 'NONE',  ( 0.8871290410320776800, 0.9999606299212597800, -0.8027318455809316900 ) ) ;
#4002 = VECTOR ( 'NONE', #4508, 39.37007874015748100 ) ;
#4003 = CARTESIAN_POINT ( 'NONE',  ( 0.7557374565303817100, 0.9999606299212504500, -0.8157973330503504000 ) ) ;
#4004 = EDGE_LOOP ( 'NONE', ( #1488, #2644, #3197, #4149 ) ) ;
#4005 = FACE_OUTER_BOUND ( 'NONE', #1106, .T. ) ;
#4006 = CARTESIAN_POINT ( 'NONE',  ( 0.8722685185980337800, 0.9999606299212598900, -0.8416339194362534300 ) ) ;
#4007 = CARTESIAN_POINT ( 'NONE',  ( 0.6735055808540425500, 0.9999606299212597800, -0.7943360894784513600 ) ) ;
#4008 = DIRECTION ( 'NONE',  ( 0.0000000000000000000, 0.0000000000000000000, 1.000000000000000000 ) ) ;
#4009 = CARTESIAN_POINT ( 'NONE',  ( 0.4972358381457523400, 0.9999606299212597800, -0.1002054203944308900 ) ) ;
#4010 = VECTOR ( 'NONE', #4968, 39.37007874015748100 ) ;
#4011 = AXIS2_PLACEMENT_3D ( 'NONE', #4950, #5470, #2491 ) ;
#4012 = VECTOR ( 'NONE', #5489, 39.37007874015748100 ) ;
#4013 = CARTESIAN_POINT ( 'NONE',  ( 0.6750883681185888600, 0.9999606299212597800, -0.7943751720160278100 ) ) ;
#4014 = CARTESIAN_POINT ( 'NONE',  ( 0.5986694836872933400, 1.000000000000000000, -0.8428080802518546100 ) ) ;
#4016 = EDGE_CURVE ( 'NONE', #178, #4728, #2246, .T. ) ;
#4015 = CARTESIAN_POINT ( 'NONE',  ( 0.8983765779892077800, 0.9999606299212596700, -0.8473829521205533700 ) ) ;
#4017 = CARTESIAN_POINT ( 'NONE',  ( 0.6036361453984087100, 0.9999999999999996700, -0.8555487920090501000 ) ) ;
#4018 = FACE_OUTER_BOUND ( 'NONE', #4151, .T. ) ;
#4019 = EDGE_CURVE ( 'NONE', #3956, #3607, #4890, .T. ) ;
#4020 = DIRECTION ( 'NONE',  ( 0.0000000000000000000, 0.0000000000000000000, 1.000000000000000000 ) ) ;
#4021 = LINE ( 'NONE', #4704, #3711 ) ;
#4022 = CARTESIAN_POINT ( 'NONE',  ( 0.6919910553322807800, 0.9999606299212596700, -0.8689464346182165200 ) ) ;
#4023 = DIRECTION ( 'NONE',  ( 1.000000000000000000, 0.0000000000000000000, 0.0000000000000000000 ) ) ;
#4024 = CARTESIAN_POINT ( 'NONE',  ( 0.6865078574796383800, 0.9999606299212595600, -0.8088310147117502300 ) ) ;
#4025 = CARTESIAN_POINT ( 'NONE',  ( 0.8518455628517129800, 1.000000000000000400, -0.8399186533237976700 ) ) ;
#4026 = PLANE ( 'NONE',  #4229 ) ;
#4027 = CARTESIAN_POINT ( 'NONE',  ( 0.7264159753070290600, 1.000000000000050400, -0.8518917519678722600 ) ) ;
#4028 = ORIENTED_EDGE ( 'NONE', *, *, #2240, .F. ) ;
#4029 = LINE ( 'NONE', #2510, #2402 ) ;
#4030 = CARTESIAN_POINT ( 'NONE',  ( 0.7053502112399326900, 0.9999606299212597800, -0.8237800615169516000 ) ) ;
#4031 = CARTESIAN_POINT ( 'NONE',  ( 0.7591358556977135800, 0.9999999999999996700, -0.8405216733138243200 ) ) ;
#4032 = CARTESIAN_POINT ( 'NONE',  ( 0.8852670343849381500, 0.9999606299212596700, -0.8508359394587483600 ) ) ;
#4033 = CARTESIAN_POINT ( 'NONE',  ( 0.6469537816275136000, 0.9999606299212602200, -0.8058925502633530500 ) ) ;
#4034 = CARTESIAN_POINT ( 'NONE',  ( 0.8503389295132159900, 0.9999606299212597800, -0.4547735756867370400 ) ) ;
#4035 = FACE_OUTER_BOUND ( 'NONE', #5274, .T. ) ;
#4036 = CARTESIAN_POINT ( 'NONE',  ( 0.6113097873632850100, 1.000000000000000000, -0.8786291690059271400 ) ) ;
#4037 = CARTESIAN_POINT ( 'NONE',  ( 0.8889082418019000900, 0.9999606299212597800, -0.8439496953245095900 ) ) ;
#4038 = CARTESIAN_POINT ( 'NONE',  ( 0.8703390468926018900, 0.9999606299212597800, -0.8980773596015574300 ) ) ;
#4039 = ADVANCED_FACE ( 'NONE', ( #6217 ), #6344, .F. ) ;
#4040 = DIRECTION ( 'NONE',  ( 0.0000000000000000000, 0.7071067811865536800, -0.7071067811865413600 ) ) ;
#4041 = CARTESIAN_POINT ( 'NONE',  ( 0.6965502124936393500, 0.9999606299212597800, -0.8439207357582896300 ) ) ;
#4042 = CARTESIAN_POINT ( 'NONE',  ( 0.6875283958218472200, 1.000000000000000400, -0.8801402336221183500 ) ) ;
#4043 = CARTESIAN_POINT ( 'NONE',  ( 0.6915758187421191500, 0.9999606299212596700, -0.8712147669180533300 ) ) ;
#4044 = CARTESIAN_POINT ( 'NONE',  ( 0.8446244737959156500, 0.9999606299212601100, -0.8604059152896350600 ) ) ;
#4045 = ORIENTED_EDGE ( 'NONE', *, *, #3461, .T. ) ;
#4046 = CARTESIAN_POINT ( 'NONE',  ( 0.8699491963917437300, 1.000000000000000000, -0.8048415345542089300 ) ) ;
#4047 = CARTESIAN_POINT ( 'NONE',  ( 0.6720077341928506500, 1.000000000000000000, -0.8862587338913301400 ) ) ;
#4048 = CARTESIAN_POINT ( 'NONE',  ( 0.3331548727153805800, 0.9999606299212597800, -0.5027976604412003300 ) ) ;
#4049 = PLANE ( 'NONE',  #4522 ) ;
#4050 = DIRECTION ( 'NONE',  ( -0.0000000000000000000, 1.000000000000000000, -0.0000000000000000000 ) ) ;
#4051 = CARTESIAN_POINT ( 'NONE',  ( 0.7398469688248704400, 1.000000000000000000, -0.7944437112587636700 ) ) ;
#4052 = ORIENTED_EDGE ( 'NONE', *, *, #18, .T. ) ;
#4053 = CARTESIAN_POINT ( 'NONE',  ( 0.7417476059429057900, 0.9999606299212596700, -0.7943723732604834900 ) ) ;
#4054 = CARTESIAN_POINT ( 'NONE',  ( 0.6019104203389116200, 0.9999606299212601100, -0.8844398548227142600 ) ) ;
#4055 = EDGE_CURVE ( 'NONE', #286, #1421, #3546, .T. ) ;
#4056 = CARTESIAN_POINT ( 'NONE',  ( 0.8777159626630515200, 1.000000000000000000, -0.8330243876385171600 ) ) ;
#4057 = EDGE_CURVE ( 'NONE', #5401, #3673, #4731, .T. ) ;
#4058 = B_SPLINE_CURVE_WITH_KNOTS ( 'NONE', 3,
 ( #2709, #5704, #277, #3709, #763, #4213, #1248, #4717, #1745, #5214, #2244, #5723, #2729, #6225, #3211, #296, #3732, #786, #4235 ),
 .UNSPECIFIED., .F., .F.,
 ( 4, 1, 1, 1, 1, 1, 1, 1, 1, 1, 1, 1, 1, 1, 1, 1, 4 ),
 ( 0.0000000000000000000, 0.07939944922843633600, 0.1550807695438881900, 0.2268389954008013000, 0.2963238871936985100, 0.3626861197443198600, 0.4273641774296289000, 0.4910273933098438000, 0.5539726404649533100, 0.6149063589148386900, 0.6734439365273177100, 0.7298089048505772600, 0.7840268159717077600, 0.8376281416210936700, 0.8908356925723256400, 0.9447902155913422400, 1.000000000000000000 ),
 .UNSPECIFIED. ) ;
#4059 = ORIENTED_EDGE ( 'NONE', *, *, #543, .F. ) ;
#4060 = CARTESIAN_POINT ( 'NONE',  ( 0.8861922233487654600, 0.9999606299212597800, -0.8916053520651025000 ) ) ;
#4061 = CARTESIAN_POINT ( 'NONE',  ( 0.4549032392927833100, 0.9999606299212597800, -0.1495303742652009700 ) ) ;
#4062 = CARTESIAN_POINT ( 'NONE',  ( 0.5961920709996391100, 0.9999606299212597800, -0.8967641789670877100 ) ) ;
#4063 = CARTESIAN_POINT ( 'NONE',  ( 0.6763210100156866700, 0.9999606299212593400, -0.8859808554584880400 ) ) ;
#4064 = EDGE_LOOP ( 'NONE', ( #4534, #1684, #1300, #1379 ) ) ;
#4065 = CARTESIAN_POINT ( 'NONE',  ( 0.6742085894214486800, 0.9999606299212598900, -0.8862104910673974700 ) ) ;
#4066 = CARTESIAN_POINT ( 'NONE',  ( 0.6617441585673039500, 0.9999999999999998900, -0.8450147317442354700 ) ) ;
#4067 = CARTESIAN_POINT ( 'NONE',  ( 0.8811185106536795200, 0.9999606299212602200, -0.8104087605311156600 ) ) ;
#4068 = CARTESIAN_POINT ( 'NONE',  ( 0.6620560389368688200, 1.000000000000000200, -0.8845346177098286600 ) ) ;
#4069 = EDGE_LOOP ( 'NONE', ( #629, #6182, #1311, #5305, #758 ) ) ;
#4070 = ADVANCED_FACE ( 'NONE', ( #3390 ), #5859, .T. ) ;
#4071 = CARTESIAN_POINT ( 'NONE',  ( 0.8550699689143695900, 0.9999606299212595600, -0.8625116112883928200 ) ) ;
#4072 = CARTESIAN_POINT ( 'NONE',  ( 0.8713771775570899900, 0.9999606299212598900, -0.8875523819003108300 ) ) ;
#4073 = CARTESIAN_POINT ( 'NONE',  ( 0.6223334582238470000, 1.000000000000000400, -0.8617992046298749200 ) ) ;
#4074 = CARTESIAN_POINT ( 'NONE',  ( 0.7162787634600004100, 1.000000000000000200, -0.8331137254755923700 ) ) ;
#4075 = CARTESIAN_POINT ( 'NONE',  ( 0.7273321305055704400, 1.000000000000000000, -0.8008837346828946400 ) ) ;
#4076 = VERTEX_POINT ( 'NONE', #4373 ) ;
#4077 = CARTESIAN_POINT ( 'NONE',  ( 0.5925397873600203300, 1.000000000000000000, -0.8849455532568604200 ) ) ;
#4078 = CARTESIAN_POINT ( 'NONE',  ( 0.8996638833839867300, 0.9999606299212597800, -0.4971061745397057400 ) ) ;
#4079 = VERTEX_POINT ( 'NONE', #1863 ) ;
#4080 = CARTESIAN_POINT ( 'NONE',  ( 0.8981923697813524200, 0.9999606299212597800, -0.8578309781985583600 ) ) ;
#4081 = CARTESIAN_POINT ( 'NONE',  ( 0.7428374146645597700, 1.000000000000000000, -0.8980773596015574300 ) ) ;
#4082 = ORIENTED_EDGE ( 'NONE', *, *, #1440, .T. ) ;
#4083 = VECTOR ( 'NONE', #3530, 39.37007874015748100 ) ;
#4084 = CARTESIAN_POINT ( 'NONE',  ( 0.7232586766456732300, 0.9999606299212595600, -0.8060140532822603900 ) ) ;
#4085 = CARTESIAN_POINT ( 'NONE',  ( 0.0000000000000000000, 1.000000000000000000, -0.9944322300693975200 ) ) ;
#4086 = DIRECTION ( 'NONE',  ( 0.0000000000000000000, 0.0000000000000000000, 1.000000000000000000 ) ) ;
#4087 = CARTESIAN_POINT ( 'NONE',  ( 0.7580819270917587000, 1.000000000000000200, -0.8666448187293492900 ) ) ;
#4088 = CARTESIAN_POINT ( 'NONE',  ( 0.6423432039470621200, 1.000000000000000200, -0.8692736334862003500 ) ) ;
#4089 = B_SPLINE_CURVE_WITH_KNOTS ( 'NONE', 3,
 ( #460, #3900, #1427, #4907, #1932, #5398, #2425, #5914, #2909, #6412, #3410, #482, #3917, #966, #4423 ),
 .UNSPECIFIED., .F., .F.,
 ( 4, 1, 1, 1, 1, 1, 1, 1, 1, 1, 1, 1, 4 ),
 ( 0.0000000000000000000, 0.1067133849812022900, 0.2023827530813263900, 0.2879881362754695400, 0.3651321209974012800, 0.4381553218526827400, 0.5114419818683988400, 0.5870934926508703000, 0.6659855935524721100, 0.7468394073744428800, 0.8288800136248049000, 0.9125295864996455500, 0.9999999999999998900 ),
 .UNSPECIFIED. ) ;
#4090 = LINE ( 'NONE', #836, #2758 ) ;
#4091 = CARTESIAN_POINT ( 'NONE',  ( 0.8863549858155140800, 1.000000000000000000, -0.8214968111665764700 ) ) ;
#4092 = VECTOR ( 'NONE', #5910, 39.37007874015748100 ) ;
#4093 = CARTESIAN_POINT ( 'NONE',  ( 0.6540275795892509500, 0.9999606299212602200, -0.8766182118226622000 ) ) ;
#4094 = ORIENTED_EDGE ( 'NONE', *, *, #3376, .F. ) ;
#4095 = CARTESIAN_POINT ( 'NONE',  ( 0.8577665740249232900, 0.9999999999999998900, -0.8506926837645194500 ) ) ;
#4096 = CARTESIAN_POINT ( 'NONE',  ( 0.8579007712699825400, 0.9999606299212598900, -0.8773694395650764000 ) ) ;
#4097 = ORIENTED_EDGE ( 'NONE', *, *, #5103, .T. ) ;
#4098 = FACE_OUTER_BOUND ( 'NONE', #2744, .T. ) ;
#4099 = DIRECTION ( 'NONE',  ( 0.7071067811865534600, 0.7071067811865413600, 6.409875621278321700E-017 ) ) ;
#4100 = DIRECTION ( 'NONE',  ( 1.719022551390024400E-014, 0.7071067811865413600, 0.7071067811865536800 ) ) ;
#4101 = ORIENTED_EDGE ( 'NONE', *, *, #2637, .F. ) ;
#4102 = LINE ( 'NONE', #6019, #172 ) ;
#4103 = EDGE_CURVE ( 'NONE', #1499, #4297, #6312, .T. ) ;
#4104 = CARTESIAN_POINT ( 'NONE',  ( 0.7168170073572303100, 0.9999606299212596700, -0.8272870143160308000 ) ) ;
#4105 = ORIENTED_EDGE ( 'NONE', *, *, #360, .F. ) ;
#4106 = LINE ( 'NONE', #2895, #180 ) ;
#4107 = CARTESIAN_POINT ( 'NONE',  ( 0.6210479753884726700, 0.9999606299212593400, -0.8589558562050145800 ) ) ;
#4108 = ADVANCED_FACE ( 'NONE', ( #5898 ), #5526, .T. ) ;
#4109 = EDGE_CURVE ( 'NONE', #2794, #4693, #630, .T. ) ;
#4110 = CARTESIAN_POINT ( 'NONE',  ( 0.7578076304937556600, 0.9999606299212597800, -0.8920995783567230400 ) ) ;
#4111 = AXIS2_PLACEMENT_3D ( 'NONE', #5715, #2741, #6239 ) ;
#4112 = CARTESIAN_POINT ( 'NONE',  ( 0.8182837458043267200, 0.9999606299212597800, -0.7956492701129210800 ) ) ;
#4113 = CARTESIAN_POINT ( 'NONE',  ( 0.8974654523130595200, 1.000000000000000000, -0.8305748885066996900 ) ) ;
#4114 = CARTESIAN_POINT ( 'NONE',  ( 0.6595798195451928500, 0.9999606299212596700, -0.8962110845400680400 ) ) ;
#4115 = FACE_OUTER_BOUND ( 'NONE', #3361, .T. ) ;
#4116 = CARTESIAN_POINT ( 'NONE',  ( 0.7506721473712292300, 0.9999606299212598900, -0.8843070020037028200 ) ) ;
#4117 = CARTESIAN_POINT ( 'NONE',  ( 0.6139787629628313800, 0.9999606299212601100, -0.8922766532222465900 ) ) ;
#4118 = CARTESIAN_POINT ( 'NONE',  ( 0.6948447661641751200, 1.000000000000000000, -0.8234722848057477500 ) ) ;
#4119 = CARTESIAN_POINT ( 'NONE',  ( 0.5753453284274326900, 0.9999606299212597800, -0.8429237729538301400 ) ) ;
#4120 = CARTESIAN_POINT ( 'NONE',  ( 0.8668333470952482900, 0.9999606299212597800, -0.8423933535639953600 ) ) ;
#4121 = CARTESIAN_POINT ( 'NONE',  ( 0.6948447661641751200, 1.000000000000000000, -0.8234722848057477500 ) ) ;
#4122 = CARTESIAN_POINT ( 'NONE',  ( 0.7210073819363733700, 0.9999606299212597800, -0.8813537111801143000 ) ) ;
#4123 = CARTESIAN_POINT ( 'NONE',  ( 0.6599815971361130400, 0.9999999999999996700, -0.8571332903282332700 ) ) ;
#4124 = CARTESIAN_POINT ( 'NONE',  ( 0.8503389295132162100, 0.9999606299212597800, -0.5450458600068470700 ) ) ;
#4125 = DIRECTION ( 'NONE',  ( -0.0000000000000000000, 1.000000000000000000, -0.0000000000000000000 ) ) ;
#4126 = CARTESIAN_POINT ( 'NONE',  ( 0.6421824666348899800, 0.9999999999999995600, -0.8143837600194534500 ) ) ;
#4127 = ORIENTED_EDGE ( 'NONE', *, *, #2842, .F. ) ;
#4128 = CARTESIAN_POINT ( 'NONE',  ( 0.7670978461694164500, 0.9999606299212598900, -0.8192535270554144300 ) ) ;
#4129 = ORIENTED_EDGE ( 'NONE', *, *, #3969, .T. ) ;
#4130 = CARTESIAN_POINT ( 'NONE',  ( 0.7476315205446143500, 1.000000000000000000, -0.8864379219105134000 ) ) ;
#4131 = CARTESIAN_POINT ( 'NONE',  ( 0.8912304158936590300, 0.9999606299212597800, -0.8087999735381648000 ) ) ;
#4132 = CARTESIAN_POINT ( 'NONE',  ( 0.5970916554227045900, 0.9999999999999998900, -0.8547655263470708100 ) ) ;
#4133 = ORIENTED_EDGE ( 'NONE', *, *, #2240, .T. ) ;
#4134 = CARTESIAN_POINT ( 'NONE',  ( 0.7424065272688745700, 1.000000000000000000, -0.8875719145257998700 ) ) ;
#4135 = CARTESIAN_POINT ( 'NONE',  ( 0.6698279155730696400, 0.9999606299212595600, -0.7944132063476665500 ) ) ;
#4136 = CARTESIAN_POINT ( 'NONE',  ( 0.6917738535430196800, 1.000000000000000000, -0.8329776941244587700 ) ) ;
#4137 = CARTESIAN_POINT ( 'NONE',  ( 0.8693746798641631700, 1.000000000000000000, -0.8311051472436028500 ) ) ;
#4138 = CARTESIAN_POINT ( 'NONE',  ( 0.6824885761076978600, 1.000000000000000200, -0.8386963068130615100 ) ) ;
#4139 = CARTESIAN_POINT ( 'NONE',  ( 0.8565760701241574800, 0.9999606299212596700, -0.8193620227190064900 ) ) ;
#4140 = CARTESIAN_POINT ( 'NONE',  ( 1.000000000000000200, 1.000000000000000000, -1.000000000000000200 ) ) ;
#4141 = CARTESIAN_POINT ( 'NONE',  ( 0.8557209369378804300, 0.9999999999999998900, -0.8709406397222022600 ) ) ;
#4142 = CARTESIAN_POINT ( 'NONE',  ( 0.7210073819363733700, 1.000000000000000000, -0.8813537111801143000 ) ) ;
#4143 = EDGE_CURVE ( 'NONE', #5366, #5487, #3225, .T. ) ;
#4144 = CARTESIAN_POINT ( 'NONE',  ( 0.8057959927978273200, 1.000000000000000000, -0.8734714823709909300 ) ) ;
#4145 = EDGE_CURVE ( 'NONE', #5568, #3861, #1933, .T. ) ;
#4146 = ORIENTED_EDGE ( 'NONE', *, *, #6368, .T. ) ;
#4147 = DIRECTION ( 'NONE',  ( 0.0000000000000000000, 0.0000000000000000000, -1.000000000000000000 ) ) ;
#4148 = CARTESIAN_POINT ( 'NONE',  ( 0.6137369411789555000, 1.000000000000000000, -0.8351509932086206300 ) ) ;
#4149 = ORIENTED_EDGE ( 'NONE', *, *, #5518, .T. ) ;
#4150 = CARTESIAN_POINT ( 'NONE',  ( 0.8822662341179784400, 1.000000000000000200, -0.7984055067584698900 ) ) ;
#4151 = EDGE_LOOP ( 'NONE', ( #1046, #1929, #3890, #3038 ) ) ;
#4152 = CARTESIAN_POINT ( 'NONE',  ( 0.6265205498011334800, 0.9999606299212601100, -0.8238318833538843500 ) ) ;
#4153 = CARTESIAN_POINT ( 'NONE',  ( 0.6514454120396181400, 1.000000000000000400, -0.8013324613288981300 ) ) ;
#4154 = CARTESIAN_POINT ( 'NONE',  ( 0.6804707669678787800, 0.9999606299212598900, -0.8393956422531565500 ) ) ;
#4155 = CARTESIAN_POINT ( 'NONE',  ( 0.8537150766313622600, 0.9999999999999996700, -0.8378583967586800100 ) ) ;
#4156 = ORIENTED_EDGE ( 'NONE', *, *, #4109, .T. ) ;
#4157 = ORIENTED_EDGE ( 'NONE', *, *, #3167, .F. ) ;
#4158 = CARTESIAN_POINT ( 'NONE',  ( 0.6546985922710466500, 0.9999999999999998900, -0.8780451667832142000 ) ) ;
#4159 = CARTESIAN_POINT ( 'NONE',  ( 0.2838299188446100100, 0.9999606299212597800, -0.5451302592941684700 ) ) ;
#4160 = COORDINATED_UNIVERSAL_TIME_OFFSET ( 5, 0, .BEHIND. ) ;
#4161 = CARTESIAN_POINT ( 'NONE',  ( 0.8648620103373251300, 0.9999999999999996700, -0.8057316436477763900 ) ) ;
#4162 = CARTESIAN_POINT ( 'NONE',  ( 0.8996638833839867300, 0.9999606299212597800, -0.5027132611538789300 ) ) ;
#4163 = CARTESIAN_POINT ( 'NONE',  ( 0.6944037785505704500, 0.9999606299212595600, -0.8276739361851062100 ) ) ;
#4164 = LINE ( 'NONE', #1509, #240 ) ;
#4165 = VERTEX_POINT ( 'NONE', #4896 ) ;
#4166 = VECTOR ( 'NONE', #3035, 39.37007874015748900 ) ;
#4167 = CARTESIAN_POINT ( 'NONE',  ( 0.6110963891441606500, 0.9999606299212597800, -0.8604736810596550500 ) ) ;
#4168 = CARTESIAN_POINT ( 'NONE',  ( 0.6063073905767220100, 0.9999606299212597800, -0.8564448798547910100 ) ) ;
#4169 = CARTESIAN_POINT ( 'NONE',  ( 0.7591906172531902600, 0.9999606299212597800, -0.8462067245400044500 ) ) ;
#4170 = FACE_OUTER_BOUND ( 'NONE', #1771, .T. ) ;
#4171 = CARTESIAN_POINT ( 'NONE',  ( 0.6021013157254497800, 0.9999606299212596700, -0.8424745561448174800 ) ) ;
#4172 = CARTESIAN_POINT ( 'NONE',  ( 0.6157563630031058800, 1.000000000000000400, -0.8486968600098528900 ) ) ;
#4173 = FACE_OUTER_BOUND ( 'NONE', #2529, .T. ) ;
#4174 = CARTESIAN_POINT ( 'NONE',  ( 0.8697035869981756300, 0.9999606299212598900, -0.7943522404540284100 ) ) ;
#4175 = CARTESIAN_POINT ( 'NONE',  ( 0.6186336770397309300, 1.000000000000000200, -0.8029257786886218100 ) ) ;
#4176 = CARTESIAN_POINT ( 'NONE',  ( 0.6403492017648372300, 0.9999606299212597800, -0.8210502167279285500 ) ) ;
#4177 = CARTESIAN_POINT ( 'NONE',  ( 0.5959663680780896700, 0.9999606299212597800, -0.7956492701129210800 ) ) ;
#4178 = VECTOR ( 'NONE', #3362, 39.37007874015748100 ) ;
#4179 = DIRECTION ( 'NONE',  ( 1.000000000000000000, 0.0000000000000000000, -2.603493823086944100E-017 ) ) ;
#4180 = ORIENTED_EDGE ( 'NONE', *, *, #2894, .T. ) ;
#4181 = FACE_OUTER_BOUND ( 'NONE', #3571, .T. ) ;
#4182 = CARTESIAN_POINT ( 'NONE',  ( 0.6637742366086790700, 0.9999606299212593400, -0.8851645420583162900 ) ) ;
#4183 = CARTESIAN_POINT ( 'NONE',  ( 0.7053060798483232800, 0.9999999999999998900, -0.8251447492179285700 ) ) ;
#4184 = EDGE_CURVE ( 'NONE', #5300, #4345, #483, .T. ) ;
#4185 = CARTESIAN_POINT ( 'NONE',  ( 0.8709691548539132400, 1.000000000000000200, -0.8980620383274591200 ) ) ;
#4186 = EDGE_CURVE ( 'NONE', #20, #117, #4564, .T. ) ;
#4187 = ORIENTED_EDGE ( 'NONE', *, *, #2595, .F. ) ;
#4188 = CARTESIAN_POINT ( 'NONE',  ( 0.6726770790721869900, 0.9999606299212601100, -0.8417477499045265000 ) ) ;
#4189 = VECTOR ( 'NONE', #872, 39.37007874015748100 ) ;
#4190 = CARTESIAN_POINT ( 'NONE',  ( 0.6825490510928411400, 1.000000000000000200, -0.7951495840248969900 ) ) ;
#4191 = AXIS2_PLACEMENT_3D ( 'NONE', #2463, #2948, #26 ) ;
#4192 = CARTESIAN_POINT ( 'NONE',  ( 0.7430220806912820600, 0.9999606299212507900, -0.8048415345542089300 ) ) ;
#4193 = CARTESIAN_POINT ( 'NONE',  ( 0.7685840856359693600, 0.9999999999999998900, -0.8651149810869822600 ) ) ;
#4194 = VERTEX_POINT ( 'NONE', #2495 ) ;
#4195 = VECTOR ( 'NONE', #5531, 39.37007874015748100 ) ;
#4196 = CARTESIAN_POINT ( 'NONE',  ( 0.6265211881268046800, 0.9999606299212597800, -0.8268402999870347900 ) ) ;
#4197 = CARTESIAN_POINT ( 'NONE',  ( 0.7263794196620745300, 0.9999606299212506800, -0.8442368126428543300 ) ) ;
#4198 = CARTESIAN_POINT ( 'NONE',  ( 0.6033807706443280500, 0.9999606299212597800, -0.7960765287777948900 ) ) ;
#4199 = DIRECTION ( 'NONE',  ( 0.5773502691896290600, 0.5773502691896190700, 0.5773502691896290600 ) ) ;
#4200 = B_SPLINE_CURVE_WITH_KNOTS ( 'NONE', 3,
 ( #448, #2882, #4895, #1918, #5382, #2415, #5899, #2900, #6398, #3397, #466, #3904, #954, #4412, #1432, #4914, #1941, #5406, #2433 ),
 .UNSPECIFIED., .F., .F.,
 ( 4, 1, 1, 1, 1, 1, 1, 1, 1, 1, 1, 1, 1, 1, 1, 1, 4 ),
 ( 0.0000000000000000000, 0.08412499755509551800, 0.1645926146141852000, 0.2404076344618210300, 0.3133803856978125100, 0.3825554119012817300, 0.4493210957063721300, 0.5140188204243306700, 0.5772526214781109600, 0.6383166065431165000, 0.6954523136793128200, 0.7501335620901260500, 0.8018792343497646000, 0.8521228718548782300, 0.9011493547058082600, 0.9506226970545701400, 1.000000000000000000 ),
 .UNSPECIFIED. ) ;
#4201 = ORIENTED_EDGE ( 'NONE', *, *, #55, .T. ) ;
#4202 = DIRECTION ( 'NONE',  ( 1.000000000000000000, -0.0000000000000000000, 0.0000000000000000000 ) ) ;
#4203 = CARTESIAN_POINT ( 'NONE',  ( 0.8874010683583207800, 0.9999606299212601100, -0.8254156991859015200 ) ) ;
#4204 = CARTESIAN_POINT ( 'NONE',  ( 0.6528229858611448400, 0.9999606299212597800, -0.8701312342242492100 ) ) ;
#4205 = CARTESIAN_POINT ( 'NONE',  ( 0.7585778352028377200, 0.9999606299212601100, -0.8622607403998493500 ) ) ;
#4206 = CARTESIAN_POINT ( 'NONE',  ( 0.8624271098903802900, 1.000000000000000400, -0.7951925975796311200 ) ) ;
#4207 = CARTESIAN_POINT ( 'NONE',  ( 0.8829339715361261800, 0.9999606299212598900, -0.8941740398001999400 ) ) ;
#4208 = ORIENTED_EDGE ( 'NONE', *, *, #3768, .T. ) ;
#4209 = ORIENTED_EDGE ( 'NONE', *, *, #4057, .F. ) ;
#4210 = CARTESIAN_POINT ( 'NONE',  ( 0.8733637839367578400, 1.000000000000000000, -0.8416799762904679800 ) ) ;
#4211 = CARTESIAN_POINT ( 'NONE',  ( 0.7677428638808744300, 0.9999606299212597800, -0.8705319688606599800 ) ) ;
#4212 = CARTESIAN_POINT ( 'NONE',  ( 0.7566694416745823900, 0.9999606299212598900, -0.8186822233612424100 ) ) ;
#4213 = CARTESIAN_POINT ( 'NONE',  ( 0.8562457707875206200, 1.000000000000000000, -0.8544154026743598900 ) ) ;
#4214 = ORIENTED_EDGE ( 'NONE', *, *, #3346, .T. ) ;
#4215 = CARTESIAN_POINT ( 'NONE',  ( 0.6716589205868196400, 1.000000000000000000, -0.8980773596015574300 ) ) ;
#4216 = ORIENTED_EDGE ( 'NONE', *, *, #4606, .F. ) ;
#4217 = CARTESIAN_POINT ( 'NONE',  ( 0.6044356463037270400, 0.9999999999999998900, -0.8839356025869652400 ) ) ;
#4218 = CARTESIAN_POINT ( 'NONE',  ( 0.8644885459951468000, 0.9999606299212597800, -0.8316178884500595700 ) ) ;
#4219 = CARTESIAN_POINT ( 'NONE',  ( 0.7289050718246802300, 1.000000000000050200, -0.8185437283646475000 ) ) ;
#4220 = CARTESIAN_POINT ( 'NONE',  ( 0.6922184048952357800, 1.000000000000000000, -0.8665610243742847300 ) ) ;
#4221 = CARTESIAN_POINT ( 'NONE',  ( 0.6503495900031444100, 0.9999999999999996700, -0.8284545384861493600 ) ) ;
#4222 = CARTESIAN_POINT ( 'NONE',  ( 0.7949601091990808900, 0.9999606299212602200, -0.8773068923311887500 ) ) ;
#4223 = VERTEX_POINT ( 'NONE', #5981 ) ;
#4224 = EDGE_CURVE ( 'NONE', #4728, #1091, #1617, .T. ) ;
#4225 = CARTESIAN_POINT ( 'NONE',  ( 0.8983877645069781000, 1.000000000000000000, -0.8490793071779068100 ) ) ;
#4226 = CARTESIAN_POINT ( 'NONE',  ( 0.7430104568230788700, 0.9999606299212597800, -0.8875498890071277200 ) ) ;
#4227 = CARTESIAN_POINT ( 'NONE',  ( 1.000000000000000200, 1.000000000000000000, -1.000000000000000200 ) ) ;
#4228 = CARTESIAN_POINT ( 'NONE',  ( 0.8504926039192169900, 0.9999606299212597800, -0.8043050585586798400 ) ) ;
#4230 = CARTESIAN_POINT ( 'NONE',  ( 0.8916643220525432000, 0.9999999999999996700, -0.8846171352781907500 ) ) ;
#4229 = AXIS2_PLACEMENT_3D ( 'NONE', #1060, #1551, #5027 ) ;
#4231 = CARTESIAN_POINT ( 'NONE',  ( 0.8876315700130501500, 0.9999999999999998900, -0.8592524981677526200 ) ) ;
#4232 = VERTEX_POINT ( 'NONE', #5474 ) ;
#4233 = EDGE_CURVE ( 'NONE', #5447, #6390, #6226, .T. ) ;
#4234 = CARTESIAN_POINT ( 'NONE',  ( 0.6423401860545313600, 1.000000000000000000, -0.8713704213580693000 ) ) ;
#4235 = CARTESIAN_POINT ( 'NONE',  ( 0.8717137828693124500, 1.000000000000000000, -0.8416105923193604200 ) ) ;
#4236 = EDGE_LOOP ( 'NONE', ( #4094, #2724, #2493, #1615 ) ) ;
#4237 = EDGE_CURVE ( 'NONE', #5971, #5331, #4411, .T. ) ;
#4238 = CARTESIAN_POINT ( 'NONE',  ( 0.7026426933553757700, 1.000000000000000200, -0.8693689714239283300 ) ) ;
#4239 = CARTESIAN_POINT ( 'NONE',  ( 0.6063692209167793600, 1.000000000000000000, -0.8087400395627908400 ) ) ;
#4240 = CARTESIAN_POINT ( 'NONE',  ( 0.8446244737959156500, 0.9999606299212601100, -0.8604059152896350600 ) ) ;
#4241 = CARTESIAN_POINT ( 'NONE',  ( 0.7378720822121361800, 0.9999606299212510100, -0.8059670042682042200 ) ) ;
#4242 = CARTESIAN_POINT ( 'NONE',  ( 0.7378720822121361800, 0.9999606299212601100, -0.8059670042682042200 ) ) ;
#4243 = CARTESIAN_POINT ( 'NONE',  ( 0.6596776508429654800, 0.9999606299212601100, -0.8104958504606369900 ) ) ;
#4244 = ORIENTED_EDGE ( 'NONE', *, *, #4440, .T. ) ;
#4245 = FACE_OUTER_BOUND ( 'NONE', #5873, .T. ) ;
#4246 = ORIENTED_EDGE ( 'NONE', *, *, #2562, .T. ) ;
#4247 = CARTESIAN_POINT ( 'NONE',  ( 0.8934958052518819900, 0.9999999999999998900, -0.8138285235835331900 ) ) ;
#4248 = CARTESIAN_POINT ( 'NONE',  ( 0.7430220806912820600, 0.9999606299212507900, -0.8048415345542089300 ) ) ;
#4249 = VECTOR ( 'NONE', #4391, 39.37007874015748100 ) ;
#4250 = CARTESIAN_POINT ( 'NONE',  ( 0.8459796534587462600, 1.000000000000000200, -0.8183069775693829800 ) ) ;
#4251 = CARTESIAN_POINT ( 'NONE',  ( 0.8975256712784213100, 0.9999606299212595600, -0.8655727273130706700 ) ) ;
#4252 = LINE ( 'NONE', #4862, #320 ) ;
#4253 = CARTESIAN_POINT ( 'NONE',  ( 0.6528229858611448400, 0.9999606299212597800, -0.8701312342242492100 ) ) ;
#4254 = ORIENTED_EDGE ( 'NONE', *, *, #3929, .T. ) ;
#4255 = ORIENTED_EDGE ( 'NONE', *, *, #1608, .F. ) ;
#4256 = FACE_OUTER_BOUND ( 'NONE', #5053, .T. ) ;
#4257 = CARTESIAN_POINT ( 'NONE',  ( 0.6483686894187442600, 0.9999606299212602200, -0.8883624408605741400 ) ) ;
#4258 = LINE ( 'NONE', #2978, #2773 ) ;
#4259 = DIRECTION ( 'NONE',  ( -2.603493823086944100E-017, 0.0000000000000000000, -1.000000000000000000 ) ) ;
#4260 = CARTESIAN_POINT ( 'NONE',  ( 0.6666638833839867400, 1.000000000000000000, -0.5063097178467925700 ) ) ;
#4261 = CARTESIAN_POINT ( 'NONE',  ( 0.8533274649460909100, 1.000000000000000000, -0.8007243320446779700 ) ) ;
#4262 = ORIENTED_EDGE ( 'NONE', *, *, #5702, .F. ) ;
#4263 = VERTEX_POINT ( 'NONE', #1540 ) ;
#4264 = FACE_OUTER_BOUND ( 'NONE', #3855, .T. ) ;
#4265 = CARTESIAN_POINT ( 'NONE',  ( 0.6886126918660302500, 1.000000000000000000, -0.8786832086940021800 ) ) ;
#4266 = CARTESIAN_POINT ( 'NONE',  ( 0.6744083925402404300, 1.000000000000000000, -0.8061547151886786500 ) ) ;
#4267 = CARTESIAN_POINT ( 'NONE',  ( 0.8717224288142855200, 0.9999606299212597800, -0.4935097178467924300 ) ) ;
#4268 = VERTEX_POINT ( 'NONE', #2534 ) ;
#4269 = CARTESIAN_POINT ( 'NONE',  ( 0.8730507893161333400, 1.000000000000000200, -0.7946305174490138100 ) ) ;
#4270 = ORIENTED_EDGE ( 'NONE', *, *, #2806, .T. ) ;
#4271 = VECTOR ( 'NONE', #3952, 39.37007874015748100 ) ;
#4272 = DIRECTION ( 'NONE',  ( 0.0000000000000000000, 0.0000000000000000000, 1.000000000000000000 ) ) ;
#4273 = EDGE_CURVE ( 'NONE', #1839, #4410, #4258, .T. ) ;
#4274 = CARTESIAN_POINT ( 'NONE',  ( 0.6992730331659090500, 0.9999606299212598900, -0.8413515315978441500 ) ) ;
#4275 = DIRECTION ( 'NONE',  ( -0.0000000000000000000, 1.000000000000000000, -0.0000000000000000000 ) ) ;
#4276 = CARTESIAN_POINT ( 'NONE',  ( 0.6042353023857660600, 0.9999606299212597800, -0.8557067656924960400 ) ) ;
#4277 = EDGE_CURVE ( 'NONE', #5683, #3155, #4102, .T. ) ;
#4278 = CARTESIAN_POINT ( 'NONE',  ( 0.5064393814528370700, 1.000000000000000000, -0.3332054203944309100 ) ) ;
#4279 = APPROVAL ( #2335, 'UNSPECIFIED' ) ;
#4280 = ORIENTED_EDGE ( 'NONE', *, *, #5743, .F. ) ;
#4281 = CARTESIAN_POINT ( 'NONE',  ( 0.6623650708183044200, 1.000000000000000200, -0.8970428915089245800 ) ) ;
#4282 = DIRECTION ( 'NONE',  ( -0.0000000000000000000, 1.000000000000000000, -0.0000000000000000000 ) ) ;
#4283 = CARTESIAN_POINT ( 'NONE',  ( 0.7951062483221902300, 0.9999606299212602200, -0.8647372066435508000 ) ) ;
#4284 = CARTESIAN_POINT ( 'NONE',  ( 0.6160539280959932400, 1.000000000000000000, -0.8252573897307299300 ) ) ;
#4285 = EDGE_LOOP ( 'NONE', ( #4246, #4305, #1030, #6228, #1170, #1891, #5025, #2631 ) ) ;
#4286 = CARTESIAN_POINT ( 'NONE',  ( 0.5961920709996391100, 0.9999606299207709500, -0.8074678958231482600 ) ) ;
#4287 = CARTESIAN_POINT ( 'NONE',  ( 0.7167675451790243000, 1.000000000000000200, -0.8634975451653420500 ) ) ;
#4288 = ORIENTED_EDGE ( 'NONE', *, *, #3849, .T. ) ;
#4289 = CARTESIAN_POINT ( 'NONE',  ( 0.6545727748150317300, 0.9999606299212597800, -0.8618603789187334600 ) ) ;
#4290 = ADVANCED_FACE ( 'NONE', ( #5266 ), #1251, .T. ) ;
#4291 = ORIENTED_EDGE ( 'NONE', *, *, #2842, .T. ) ;
#4292 = CARTESIAN_POINT ( 'NONE',  ( 1.000000000000000200, 1.000000000000000000, -1.000000000000000200 ) ) ;
#4293 = CARTESIAN_POINT ( 'NONE',  ( 0.7053502112399326900, 1.000000000000000000, -0.8237800615169516000 ) ) ;
#4294 = CARTESIAN_POINT ( 'NONE',  ( 0.8592405835927318100, 0.9999606299212597800, -0.8110383982222855200 ) ) ;
#4295 = CARTESIAN_POINT ( 'NONE',  ( 0.5064393814528370700, 0.9999606299212597800, -0.3332054203944309100 ) ) ;
#4296 = CARTESIAN_POINT ( 'NONE',  ( 0.8474124165263422500, 0.9999999999999998900, -0.8811964705897420400 ) ) ;
#4297 = VERTEX_POINT ( 'NONE', #143 ) ;
#4298 = DIRECTION ( 'NONE',  ( 0.0000000000000000000, 0.0000000000000000000, 1.000000000000000000 ) ) ;
#4299 = ORIENTED_EDGE ( 'NONE', *, *, #5060, .T. ) ;
#4300 = CARTESIAN_POINT ( 'NONE',  ( 0.6501966245922055100, 0.9999606299212597800, -0.8297919666091332400 ) ) ;
#4301 = CARTESIAN_POINT ( 'NONE',  ( 0.6618676250120716400, 0.9999606299212596700, -0.8563195202878488600 ) ) ;
#4302 = PLANE ( 'NONE',  #2017 ) ;
#4303 = DIRECTION ( 'NONE',  ( 1.000000000000000000, 0.0000000000000000000, 0.0000000000000000000 ) ) ;
#4304 = CARTESIAN_POINT ( 'NONE',  ( 0.6945537624879150100, 1.000000000000000000, -0.8198071007445723000 ) ) ;
#4305 = ORIENTED_EDGE ( 'NONE', *, *, #2435, .T. ) ;
#4306 = CARTESIAN_POINT ( 'NONE',  ( 0.6063692209167793600, 1.000000000000000000, -0.8087400395627908400 ) ) ;
#4307 = CARTESIAN_POINT ( 'NONE',  ( 0.7264037846691836500, 0.9999606299212598900, -0.8906711521563194200 ) ) ;
#4308 = ORIENTED_EDGE ( 'NONE', *, *, #1002, .T. ) ;
#4309 = CARTESIAN_POINT ( 'NONE',  ( 0.6695865573980470700, 0.9999606299212597800, -0.8425954777952127100 ) ) ;
#4310 = ORIENTED_EDGE ( 'NONE', *, *, #227, .F. ) ;
#4311 = EDGE_CURVE ( 'NONE', #6299, #5166, #3940, .T. ) ;
#4312 = CARTESIAN_POINT ( 'NONE',  ( 0.8749759528794299700, 0.9999606299212596700, -0.8419369130840691500 ) ) ;
#4313 = CARTESIAN_POINT ( 'NONE',  ( 0.6427647263853990500, 0.9999999999999998900, -0.8761793525829777400 ) ) ;
#4314 = CARTESIAN_POINT ( 'NONE',  ( 0.6827705427387713600, 0.9999999999999996700, -0.8503887164131017600 ) ) ;
#4315 = DIRECTION ( 'NONE',  ( 1.570092458683788500E-016, -0.7071067811865413600, -0.7071067811865536800 ) ) ;
#4316 = CARTESIAN_POINT ( 'NONE',  ( 0.8458605391281902600, 0.9999606299212597800, -0.8192865215333755600 ) ) ;
#4318 = CARTESIAN_POINT ( 'NONE',  ( 0.8603605893049506300, 0.9999606299212593400, -0.8958332239456484600 ) ) ;
#4317 = AXIS2_PLACEMENT_3D ( 'NONE', #5958, #2953, #30 ) ;
#4319 = VERTEX_POINT ( 'NONE', #588 ) ;
#4320 = CARTESIAN_POINT ( 'NONE',  ( 0.6122636566274711800, 1.000000000000000200, -0.8127666005617721900 ) ) ;
#4321 = EDGE_LOOP ( 'NONE', ( #2025, #994, #4487, #2041, #485 ) ) ;
#4322 = B_SPLINE_CURVE_WITH_KNOTS ( 'NONE', 3,
 ( #3265, #1312, #3945, #986, #4448, #1473, #4949, #1971, #5449, #2474, #5959, #2954, #31, #3454, #523, #3963, #1012, #4461, #1493 ),
 .UNSPECIFIED., .F., .F.,
 ( 4, 1, 1, 1, 1, 1, 1, 1, 1, 1, 1, 1, 1, 1, 1, 1, 4 ),
 ( 0.0000000000000000000, 0.09271675908828240500, 0.1801828503269492200, 0.2644844746646986500, 0.3464547069403139400, 0.4250710312591291000, 0.4992283855822995400, 0.5714123754260515000, 0.6423085886576509500, 0.6788506151926689800, 0.7174739186893375200, 0.7581199166695004000, 0.8008069053587524300, 0.8468253388439294100, 0.8950746429128073600, 0.9461164316244252700, 1.000000000000000000 ),
 .UNSPECIFIED. ) ;
#4323 = SHAPE_DEFINITION_REPRESENTATION ( #434, #951 ) ;
#4324 = CARTESIAN_POINT ( 'NONE',  ( 0.7427143039800782100, 0.9999606299212597800, -0.7943360894784513600 ) ) ;
#4325 = CARTESIAN_POINT ( 'NONE',  ( 0.8801162493927763300, 0.9999999999999998900, -0.8093053165417641900 ) ) ;
#4326 = ADVANCED_FACE ( 'NONE', ( #1307, #5110, #1457 ), #1607, .T. ) ;
#4327 = CARTESIAN_POINT ( 'NONE',  ( 0.8445473584937205300, 0.9999606299212597800, -0.8640782922372404200 ) ) ;
#4328 = CARTESIAN_POINT ( 'NONE',  ( 0.6897561912056050500, 0.9999606299212597800, -0.8479302741227458000 ) ) ;
#4329 = VECTOR ( 'NONE', #5587, 39.37007874015748100 ) ;
#4330 = SECURITY_CLASSIFICATION_LEVEL ( 'unclassified' ) ;
#4331 = CARTESIAN_POINT ( 'NONE',  ( 0.8702984618577465100, 0.9999606299212593400, -0.8875134920018761300 ) ) ;
#4332 = LINE ( 'NONE', #6035, #4166 ) ;
#4333 = DIRECTION ( 'NONE',  ( 0.0000000000000000000, -1.513736117553753000E-012, 1.000000000000000000 ) ) ;
#4334 = CARTESIAN_POINT ( 'NONE',  ( 0.7417606572979164000, 1.000000000000000000, -0.8980394702805862800 ) ) ;
#4335 = VECTOR ( 'NONE', #4367, 39.37007874015748900 ) ;
#4336 = CARTESIAN_POINT ( 'NONE',  ( 0.7670978461694164500, 0.9999606299212597800, -0.8192535270554144300 ) ) ;
#4337 = VECTOR ( 'NONE', #950, 39.37007874015748100 ) ;
#4338 = CARTESIAN_POINT ( 'NONE',  ( 0.8832173315651835600, 1.000000000000000400, -0.8475413968131990700 ) ) ;
#4339 = CARTESIAN_POINT ( 'NONE',  ( 0.6684274489695495300, 1.000000000000000000, -0.8980131502559849400 ) ) ;
#4340 = CARTESIAN_POINT ( 'NONE',  ( 0.8717224288142854100, 0.9999606299212597800, -0.5063097178467925700 ) ) ;
#4341 = DIRECTION ( 'NONE',  ( -0.0000000000000000000, 1.000000000000000000, -0.0000000000000000000 ) ) ;
#4342 = PLANE ( 'NONE',  #968 ) ;
#4343 = VERTEX_POINT ( 'NONE', #2594 ) ;
#4344 = FACE_OUTER_BOUND ( 'NONE', #4374, .T. ) ;
#4345 = VERTEX_POINT ( 'NONE', #4584 ) ;
#4346 = CARTESIAN_POINT ( 'NONE',  ( 0.6265205498011334800, 1.000000000000000200, -0.8238318833538843500 ) ) ;
#4347 = VECTOR ( 'NONE', #2346, 39.37007874015748100 ) ;
#4348 = CARTESIAN_POINT ( 'NONE',  ( 0.7479218537306283600, 1.000000000000000000, -0.8059951647269946200 ) ) ;
#4349 = ORIENTED_EDGE ( 'NONE', *, *, #671, .T. ) ;
#4350 = VECTOR ( 'NONE', #5815, 39.37007874015748100 ) ;
#4351 = CARTESIAN_POINT ( 'NONE',  ( 0.8614607148815626200, 1.000000000000000200, -0.8824926620421138500 ) ) ;
#4352 = CARTESIAN_POINT ( 'NONE',  ( 0.8455235229720218200, 0.9999606299212595600, -0.8749530632248977400 ) ) ;
#4353 = DIRECTION ( 'NONE',  ( 0.7071067811865821000, 0.0000000000000000000, -0.7071067811865130400 ) ) ;
#4354 = ORIENTED_EDGE ( 'NONE', *, *, #5702, .T. ) ;
#4355 = VECTOR ( 'NONE', #6351, 39.37007874015748100 ) ;
#4356 = CARTESIAN_POINT ( 'NONE',  ( 0.7569597955962638100, 1.000000000000000200, -0.7994477559869012100 ) ) ;
#4357 = CARTESIAN_POINT ( 'NONE',  ( 0.8878272834777626300, 0.9999606299212596700, -0.8617495339248922900 ) ) ;
#4358 = CARTESIAN_POINT ( 'NONE',  ( 0.6760667284009762600, 0.9999606299212597800, -0.8979543040041245700 ) ) ;
#4359 = EDGE_CURVE ( 'NONE', #5593, #5105, #3783, .T. ) ;
#4360 = DIRECTION ( 'NONE',  ( -0.0000000000000000000, 1.000000000000000000, -0.0000000000000000000 ) ) ;
#4361 = CARTESIAN_POINT ( 'NONE',  ( 0.6239330119028114700, 1.000000000000000000, -0.8713418226216509400 ) ) ;
#4362 = CARTESIAN_POINT ( 'NONE',  ( 0.6046986637201606800, 1.000000000000000000, -0.8960746992842451000 ) ) ;
#4363 = CARTESIAN_POINT ( 'NONE',  ( 0.8455235229720218200, 0.9999999999999996700, -0.8749530632248977400 ) ) ;
#4364 = EDGE_CURVE ( 'NONE', #6075, #3826, #6104, .T. ) ;
#4365 = ORIENTED_EDGE ( 'NONE', *, *, #1480, .T. ) ;
#4366 = CARTESIAN_POINT ( 'NONE',  ( 0.6095487823076821700, 1.000000000000000200, -0.7973932226950694000 ) ) ;
#4367 = DIRECTION ( 'NONE',  ( -0.5773502691896411600, 0.5773502691896511600, 0.5773502691895847600 ) ) ;
#4368 = CARTESIAN_POINT ( 'NONE',  ( 0.6174724079271564100, 1.000000000000000400, -0.8539765244082803100 ) ) ;
#4369 = CARTESIAN_POINT ( 'NONE',  ( 0.7591718399602583900, 0.9999999999999998900, -0.8442573666140431600 ) ) ;
#4370 = CARTESIAN_POINT ( 'NONE',  ( 0.8553575789097765900, 0.9999606299212593400, -0.8685192550663595200 ) ) ;
#4371 = ORIENTED_EDGE ( 'NONE', *, *, #1434, .T. ) ;
#4372 = CARTESIAN_POINT ( 'NONE',  ( 0.8694546653138124400, 0.9999606299212596700, -0.8980517787519469700 ) ) ;
#4373 = CARTESIAN_POINT ( 'NONE',  ( 0.6501966245922055100, 1.000000000000000000, -0.8297919666091332400 ) ) ;
#4374 = EDGE_LOOP ( 'NONE', ( #4758, #1673, #783, #813, #6015, #4927, #3238, #5905 ) ) ;
#4375 = CARTESIAN_POINT ( 'NONE',  ( 0.2838299188446097300, 1.000000000000000000, -0.4548579749740585000 ) ) ;
#4376 = CARTESIAN_POINT ( 'NONE',  ( 0.6966021832335456100, 1.000000000000000000, -0.8871971595059464600 ) ) ;
#4377 = PLANE ( 'NONE',  #6122 ) ;
#4378 = CARTESIAN_POINT ( 'NONE',  ( 0.6129637754906407400, 0.9999606299212602200, -0.8745776905149242900 ) ) ;
#4379 = CARTESIAN_POINT ( 'NONE',  ( 0.6185606063734115900, 0.9999606299212598900, -0.8877065582312834200 ) ) ;
#4380 = CARTESIAN_POINT ( 'NONE',  ( 0.8694546653138124400, 0.9999999999999998900, -0.8980517787519469700 ) ) ;
#4381 = PLANE ( 'NONE',  #1561 ) ;
#4382 = ORIENTED_EDGE ( 'NONE', *, *, #25, .F. ) ;
#4383 = CARTESIAN_POINT ( 'NONE',  ( 0.7910062914650114500, 0.9999999999999996700, -0.8743648667582570900 ) ) ;
#4384 = CARTESIAN_POINT ( 'NONE',  ( 0.7297922226564244100, 0.9999606299212596700, -0.8765996521616501400 ) ) ;
#4385 = VERTEX_POINT ( 'NONE', #5635 ) ;
#4386 = CARTESIAN_POINT ( 'NONE',  ( 0.6265593731717509200, 1.000000000000000000, -0.8253394635203844500 ) ) ;
#4387 = EDGE_CURVE ( 'NONE', #5108, #5450, #6296, .T. ) ;
#4388 = CARTESIAN_POINT ( 'NONE',  ( 0.8878333457136184900, 0.9999606299212598900, -0.8669348530046002700 ) ) ;
#4389 = EDGE_CURVE ( 'NONE', #280, #5106, #5253, .T. ) ;
#4390 = CARTESIAN_POINT ( 'NONE',  ( 0.0000000000000000000, 0.9921259842519684100, -0.9944322300693975200 ) ) ;
#4391 = DIRECTION ( 'NONE',  ( 1.000000000000000000, 0.0000000000000000000, 0.0000000000000000000 ) ) ;
#4392 = B_SPLINE_CURVE_WITH_KNOTS ( 'NONE', 3,
 ( #3176, #1725, #2220, #5708, #2712, #6207, #3194, #281, #3713, #768, #4217, #1254, #4721, #1748, #5217, #2248, #5726, #2733, #6230 ),
 .UNSPECIFIED., .F., .F.,
 ( 4, 1, 1, 1, 1, 1, 1, 1, 1, 1, 1, 1, 1, 1, 1, 1, 4 ),
 ( 0.0000000000000000000, 0.08594776776712505200, 0.1646612895918343500, 0.2391822142960185500, 0.3092369848563646400, 0.3766943517160653600, 0.4407479895346236900, 0.5032957377886641000, 0.5666613310136046100, 0.6011212985389523500, 0.6409394331421679500, 0.6866273269858724800, 0.7373982524124159700, 0.7941894459313109100, 0.8569408067006945000, 0.9257597107636977900, 1.000000000000000000 ),
 .UNSPECIFIED. ) ;
#4393 = CARTESIAN_POINT ( 'NONE',  ( 0.6157563630031058800, 0.9999606299212601100, -0.8486968600098528900 ) ) ;
#4394 = ORIENTED_EDGE ( 'NONE', *, *, #2023, .T. ) ;
#4395 = CARTESIAN_POINT ( 'NONE',  ( 0.5947220682479831300, 0.9999606299212598900, -0.8849356659823141000 ) ) ;
#4396 = CARTESIAN_POINT ( 'NONE',  ( 0.6239330119028114700, 1.000000000000000000, -0.8713418226216509400 ) ) ;
#4397 = CARTESIAN_POINT ( 'NONE',  ( 0.7375474601372531400, 1.000000000000050200, -0.8864175344476557000 ) ) ;
#4398 = B_SPLINE_CURVE_WITH_KNOTS ( 'NONE', 3,
 ( #3223, #1776, #5243, #2270, #5759, #2753, #6259, #3246, #326, #3759, #817 ),
 .UNSPECIFIED., .F., .F.,
 ( 4, 1, 1, 1, 1, 1, 1, 1, 4 ),
 ( 0.0000000000000000000, 0.1693237986142559800, 0.3253554330119017300, 0.4689155231524376700, 0.6003115468851079100, 0.7188463901177630800, 0.8249851745593384000, 0.9187577878191786100, 1.000000000000000000 ),
 .UNSPECIFIED. ) ;
#4399 = FACE_OUTER_BOUND ( 'NONE', #5514, .T. ) ;
#4400 = CARTESIAN_POINT ( 'NONE',  ( 0.8182837458043267200, 1.000000000000000000, -0.7956492701129210800 ) ) ;
#4401 = ORIENTED_EDGE ( 'NONE', *, *, #1155, .T. ) ;
#4402 = LINE ( 'NONE', #3763, #469 ) ;
#4403 = CARTESIAN_POINT ( 'NONE',  ( 0.8109632759089460100, 0.9999606299212598900, -0.8969156245163240100 ) ) ;
#4404 = AXIS2_PLACEMENT_3D ( 'NONE', #4987, #2996, #68 ) ;
#4405 = VECTOR ( 'NONE', #5830, 39.37007874015748100 ) ;
#4406 = CARTESIAN_POINT ( 'NONE',  ( 0.9960629921259841500, 0.003937007874015860700, -0.003937007874015860700 ) ) ;
#4407 = B_SPLINE_CURVE_WITH_KNOTS ( 'NONE', 3,
 ( #5293, #4346, #5336, #2366, #5852, #2856, #6352, #3348, #425, #3860, #905, #4366, #1392, #4866, #1892, #5360, #2385, #5869, #2875 ),
 .UNSPECIFIED., .F., .F.,
 ( 4, 1, 1, 1, 1, 1, 1, 1, 1, 1, 1, 1, 1, 1, 1, 1, 4 ),
 ( 0.0000000000000000000, 0.09271675908828240500, 0.1801828503269492200, 0.2644844746646986500, 0.3464547069403139400, 0.4250710312591291000, 0.4992283855822995400, 0.5714123754260515000, 0.6423085886576509500, 0.6788506151926689800, 0.7174739186893375200, 0.7581199166695004000, 0.8008069053587524300, 0.8468253388439294100, 0.8950746429128073600, 0.9461164316244252700, 1.000000000000000000 ),
 .UNSPECIFIED. ) ;
#4408 = ORIENTED_EDGE ( 'NONE', *, *, #4854, .T. ) ;
#4409 = LINE ( 'NONE', #3903, #5585 ) ;
#4410 = VERTEX_POINT ( 'NONE', #3641 ) ;
#4411 = LINE ( 'NONE', #3987, #2919 ) ;
#4412 = CARTESIAN_POINT ( 'NONE',  ( 0.8778815895697177400, 1.000000000000000000, -0.8860581323314590300 ) ) ;
#4413 = CARTESIAN_POINT ( 'NONE',  ( 0.6575360906113553200, 0.9999606299212596700, -0.8466877476235965500 ) ) ;
#4414 = CARTESIAN_POINT ( 'NONE',  ( 0.8842057908183356100, 1.000000000000000400, -0.8797595944375885500 ) ) ;
#4415 = EDGE_LOOP ( 'NONE', ( #3935, #2814, #5554, #5442, #462, #2468, #2185 ) ) ;
#4416 = CARTESIAN_POINT ( 'NONE',  ( 0.8483226495973194000, 0.9999606299212598900, -0.8086155804131995900 ) ) ;
#4417 = LINE ( 'NONE', #2261, #3081 ) ;
#4418 = CARTESIAN_POINT ( 'NONE',  ( 0.6767254241646703000, 0.9999606299212598900, -0.8062018013714773400 ) ) ;
#4419 = CARTESIAN_POINT ( 'NONE',  ( 0.8818564079558396400, 0.9999606299212601100, -0.8828200384979703100 ) ) ;
#4420 = DIRECTION ( 'NONE',  ( 0.7071067811865536800, 0.7071067811865413600, 0.0000000000000000000 ) ) ;
#4421 = CARTESIAN_POINT ( 'NONE',  ( 0.7629726011277132600, 0.9999999999999995600, -0.8075789773412570500 ) ) ;
#4422 = CARTESIAN_POINT ( 'NONE',  ( 0.7288587916201233500, 0.9999606299212598900, -0.8737197803284731900 ) ) ;
#4423 = CARTESIAN_POINT ( 'NONE',  ( 0.6744083925402404300, 1.000000000000000000, -0.8061547151886786500 ) ) ;
#4424 = FACE_OUTER_BOUND ( 'NONE', #3823, .T. ) ;
#4425 = CARTESIAN_POINT ( 'NONE',  ( 0.6006691101548224900, 1.000000000000000000, -0.8965965055630784600 ) ) ;
#4426 = DIRECTION ( 'NONE',  ( -0.0000000000000000000, 1.000000000000000000, -0.0000000000000000000 ) ) ;
#4427 = ORIENTED_EDGE ( 'NONE', *, *, #2766, .T. ) ;
#4428 = ORIENTED_EDGE ( 'NONE', *, *, #3761, .T. ) ;
#4429 = CARTESIAN_POINT ( 'NONE',  ( 0.7274446371132600200, 1.000000000000000000, -0.8664752834510141000 ) ) ;
#4430 = DIRECTION ( 'NONE',  ( 0.7588454441657008800, 0.0000000000000000000, -0.6512707515841318400 ) ) ;
#4431 = CARTESIAN_POINT ( 'NONE',  ( 0.6465284954103279700, 1.000000000000000200, -0.8556173394898913800 ) ) ;
#4432 = EDGE_CURVE ( 'NONE', #2624, #477, #4578, .T. ) ;
#4433 = ADVANCED_FACE ( 'NONE', ( #1153 ), #3661, .T. ) ;
#4434 = B_SPLINE_CURVE_WITH_KNOTS ( 'NONE', 3,
 ( #4215, #3712, #4718, #1747, #5215, #2247, #5724, #2731, #6227, #3213, #297, #3733, #788, #4238, #1268 ),
 .UNSPECIFIED., .F., .F.,
 ( 4, 1, 1, 1, 1, 1, 1, 1, 1, 1, 1, 1, 4 ),
 ( 0.0000000000000000000, 0.09191484500950633500, 0.1793500136985484700, 0.2627602509497603000, 0.3438245629315450600, 0.4230536694981499300, 0.5001537638566722100, 0.5774020559630029800, 0.6564709802344421700, 0.7376500484536395700, 0.8208783262149136300, 0.9079232481193407800, 1.000000000000000000 ),
 .UNSPECIFIED. ) ;
#4435 = CARTESIAN_POINT ( 'NONE',  ( 0.8749797046774119300, 0.9999606299212598900, -0.8872126413494475500 ) ) ;
#4436 = CARTESIAN_POINT ( 'NONE',  ( 0.7044347811448323800, 1.000000000000000400, -0.8157348784975093600 ) ) ;
#4437 = VERTEX_POINT ( 'NONE', #719 ) ;
#4438 = CARTESIAN_POINT ( 'NONE',  ( 0.6880720064050892500, 1.000000000000000000, -0.8097965328250483800 ) ) ;
#4439 = ADVANCED_FACE ( 'NONE', ( #1009 ), #1221, .F. ) ;
#4440 = EDGE_CURVE ( 'NONE', #1935, #696, #4058, .T. ) ;
#4441 = CARTESIAN_POINT ( 'NONE',  ( 0.6185036700999804200, 0.9999606299212596700, -0.8466188899592979000 ) ) ;
#4442 = CARTESIAN_POINT ( 'NONE',  ( 0.7696752812478786500, 1.000000000000000200, -0.8484505897900496100 ) ) ;
#4443 = CARTESIAN_POINT ( 'NONE',  ( 0.6720077341928506500, 0.9999606299212597800, -0.8862587338913301400 ) ) ;
#4444 = B_SPLINE_CURVE_WITH_KNOTS ( 'NONE', 3,
 ( #2449, #5426, #3433, #506, #3944, #985, #4447, #1472, #4947, #1970, #5448 ),
 .UNSPECIFIED., .F., .F.,
 ( 4, 1, 1, 1, 1, 1, 1, 1, 4 ),
 ( 0.0000000000000000000, 0.1693237986142559800, 0.3253554330119017300, 0.4689155231524376700, 0.6003115468851079100, 0.7188463901177630800, 0.8249851745593384000, 0.9187577878191786100, 1.000000000000000000 ),
 .UNSPECIFIED. ) ;
#4445 = CARTESIAN_POINT ( 'NONE',  ( 0.7334937792190374700, 1.000000000000000000, -0.8095723855014053100 ) ) ;
#4446 = CARTESIAN_POINT ( 'NONE',  ( 0.6238052882976883300, 1.000000000000000400, -0.8749395792511751600 ) ) ;
#4447 = CARTESIAN_POINT ( 'NONE',  ( 0.6848432612246923000, 1.000000000000000200, -0.8497223485393293800 ) ) ;
#4448 = CARTESIAN_POINT ( 'NONE',  ( 0.6245619768882266800, 0.9999606299212596700, -0.8126857596289045500 ) ) ;
#4449 = CARTESIAN_POINT ( 'NONE',  ( 0.5064393814528370700, 0.9999606299212597800, -0.3332054203944309100 ) ) ;
#4450 = CARTESIAN_POINT ( 'NONE',  ( 0.6504325242623354400, 0.9999606299212596700, -0.8511434523432579400 ) ) ;
#4451 = CARTESIAN_POINT ( 'NONE',  ( 0.6866097168424030200, 0.9999606299212601100, -0.7962291178442932900 ) ) ;
#4452 = CARTESIAN_POINT ( 'NONE',  ( 0.6945537624879150100, 0.9999606299212597800, -0.8198071007445723000 ) ) ;
#4453 = EDGE_LOOP ( 'NONE', ( #288, #2302, #5923, #1054, #487, #2576 ) ) ;
#4454 = CARTESIAN_POINT ( 'NONE',  ( 0.6564390086918614500, 1.000000000000000000, -0.8595603383730281400 ) ) ;
#4455 = ORIENTED_EDGE ( 'NONE', *, *, #2245, .F. ) ;
#4456 = CARTESIAN_POINT ( 'NONE',  ( 0.6731524534166873900, 0.9999606299212597800, -0.8980356636877576700 ) ) ;
#4457 = ADVANCED_FACE ( 'NONE', ( #2616 ), #4695, .T. ) ;
#4458 = CARTESIAN_POINT ( 'NONE',  ( 0.007874015748031721500, 1.000000000000000000, -2.049995136288982800E-019 ) ) ;
#4459 = PLANE ( 'NONE',  #4975 ) ;
#4460 = VERTEX_POINT ( 'NONE', #6203 ) ;
#4461 = CARTESIAN_POINT ( 'NONE',  ( 0.5968421702008905900, 0.9999606299212597800, -0.7956527238933689400 ) ) ;
#4462 = ADVANCED_FACE ( 'NONE', ( #4807 ), #5748, .T. ) ;
#4463 = ORIENTED_EDGE ( 'NONE', *, *, #6160, .F. ) ;
#4464 = DIRECTION ( 'NONE',  ( -1.570092458683788500E-016, 0.7071067811865413600, 0.7071067811865536800 ) ) ;
#4465 = CARTESIAN_POINT ( 'NONE',  ( 0.8740925454601735600, 1.000000000000000200, -0.8977704844281928500 ) ) ;
#4466 = AXIS2_PLACEMENT_3D ( 'NONE', #1519, #3484, #2022 ) ;
#4467 = DIRECTION ( 'NONE',  ( -0.9922778767136677400, 0.0000000000000000000, 0.1240347345892084700 ) ) ;
#4468 = EDGE_CURVE ( 'NONE', #4800, #4871, #3486, .T. ) ;
#4469 = LINE ( 'NONE', #5427, #1844 ) ;
#4470 = CARTESIAN_POINT ( 'NONE',  ( 0.7894860355566486500, 0.9999606299212602200, -0.8612866139745392100 ) ) ;
#4471 = LINE ( 'NONE', #4874, #3140 ) ;
#4472 = EDGE_CURVE ( 'NONE', #1005, #2609, #3623, .T. ) ;
#4473 = PLANE ( 'NONE',  #6410 ) ;
#4474 = CARTESIAN_POINT ( 'NONE',  ( 0.6922184048952358900, 1.000000000000000200, -0.8665610243742848400 ) ) ;
#4475 = CARTESIAN_POINT ( 'NONE',  ( 0.3052134181456790900, 1.000000000000000000, -0.5063941171341138600 ) ) ;
#4476 = DIRECTION ( 'NONE',  ( 0.0000000000000000000, 0.0000000000000000000, -1.000000000000000000 ) ) ;
#4477 = CARTESIAN_POINT ( 'NONE',  ( 0.6721924002195728300, 1.000000000000000000, -0.8531419597657975400 ) ) ;
#4478 = ORIENTED_EDGE ( 'NONE', *, *, #5828, .T. ) ;
#4479 = VECTOR ( 'NONE', #5916, 39.37007874015748100 ) ;
#4480 = CARTESIAN_POINT ( 'NONE',  ( 0.7004193562225714500, 0.9999606299212597800, -0.8803719249082165900 ) ) ;
#4481 = LINE ( 'NONE', #1348, #3308 ) ;
#4482 = CARTESIAN_POINT ( 'NONE',  ( 0.8978595683093155700, 0.9999606299212598900, -0.8347936297603609800 ) ) ;
#4483 = CARTESIAN_POINT ( 'NONE',  ( 0.7479218537306283600, 1.000000000000000000, -0.8059951647269946200 ) ) ;
#4484 = VECTOR ( 'NONE', #5738, 39.37007874015748100 ) ;
#4485 = CARTESIAN_POINT ( 'NONE',  ( 0.5064393814528370700, 0.9999606299212597800, -0.3332054203944309100 ) ) ;
#4486 = DIRECTION ( 'NONE',  ( 1.000000000000000000, 0.0000000000000000000, 0.0000000000000000000 ) ) ;
#4487 = ORIENTED_EDGE ( 'NONE', *, *, #2148, .T. ) ;
#4488 = LINE ( 'NONE', #1846, #1704 ) ;
#4489 = DIRECTION ( 'NONE',  ( 0.6512707515841222900, -0.0000000000000000000, -0.7588454441657092000 ) ) ;
#4490 = CARTESIAN_POINT ( 'NONE',  ( 0.8938653285892127500, 0.9999999999999996700, -0.8802270320788387900 ) ) ;
#4491 = CARTESIAN_POINT ( 'NONE',  ( 0.7052174071811415600, 0.9999606299212596700, -0.8196986926178516700 ) ) ;
#4492 = VECTOR ( 'NONE', #5660, 39.37007874015748100 ) ;
#4493 = CARTESIAN_POINT ( 'NONE',  ( 0.6061916420981863200, 0.9999606299212597800, -0.8415119791263441200 ) ) ;
#4494 = ADVANCED_FACE ( 'NONE', ( #3459 ), #1306, .F. ) ;
#4495 = PLANE ( 'NONE',  #4466 ) ;
#4496 = DIRECTION ( 'NONE',  ( -1.000000000000000000, -0.0000000000000000000, -0.0000000000000000000 ) ) ;
#4497 = CARTESIAN_POINT ( 'NONE',  ( 0.6021013157254497800, 0.9999999999999998900, -0.8424745561448174800 ) ) ;
#4498 = EDGE_LOOP ( 'NONE', ( #6252, #1905, #502, #61 ) ) ;
#4499 = CARTESIAN_POINT ( 'NONE',  ( 0.8668333470952482900, 0.9999606299212597800, -0.8423933535639953600 ) ) ;
#4500 = LINE ( 'NONE', #1694, #2179 ) ;
#4501 = CARTESIAN_POINT ( 'NONE',  ( 0.6744083925402404300, 0.9999606299212597800, -0.8061547151886786500 ) ) ;
#4502 = CARTESIAN_POINT ( 'NONE',  ( 0.8621434454271006400, 0.9999606299212602200, -0.8322834253861367500 ) ) ;
#4503 = CARTESIAN_POINT ( 'NONE',  ( 0.007874015748031653800, 0.003937007874015861600, -0.003937007874015792200 ) ) ;
#4504 = CARTESIAN_POINT ( 'NONE',  ( 0.8839596362954190700, 0.9999606299212597800, -0.7996609799923789500 ) ) ;
#4505 = CARTESIAN_POINT ( 'NONE',  ( 0.7566694416745823900, 0.9999606299212509000, -0.8186822233612424100 ) ) ;
#4506 = VERTEX_POINT ( 'NONE', #825 ) ;
#4507 = CARTESIAN_POINT ( 'NONE',  ( 0.007874015748031721500, 1.000000000000000000, -0.007874015748031584400 ) ) ;
#4508 = DIRECTION ( 'NONE',  ( -1.000000000000000000, 0.0000000000000000000, 0.0000000000000000000 ) ) ;
#4509 = CARTESIAN_POINT ( 'NONE',  ( 0.4936393814528367600, 0.9999606299212597800, -0.1281468749641331000 ) ) ;
#4510 = CARTESIAN_POINT ( 'NONE',  ( 1.000000000000000000, 0.9921259842519683000, -0.007874015748031584400 ) ) ;
#4511 = EDGE_CURVE ( 'NONE', #3173, #6407, #1758, .T. ) ;
#4512 = EDGE_CURVE ( 'NONE', #2609, #5401, #1013, .T. ) ;
#4513 = ORIENTED_EDGE ( 'NONE', *, *, #5705, .F. ) ;
#4514 = CARTESIAN_POINT ( 'NONE',  ( 0.5967407024562303400, 0.9999999999999998900, -0.8429251310100865900 ) ) ;
#4515 = CARTESIAN_POINT ( 'NONE',  ( 0.8889082418019000900, 0.9999606299212597800, -0.8414669631874652800 ) ) ;
#4516 = CARTESIAN_POINT ( 'NONE',  ( 0.5064393814528370700, 0.9999606299212597800, -0.1281468749641309100 ) ) ;
#4517 = CARTESIAN_POINT ( 'NONE',  ( 0.6915758187421191500, 0.9999606299212595600, -0.8712147669180533300 ) ) ;
#4518 = DIRECTION ( 'NONE',  ( -1.000000000000000000, 0.0000000000000000000, 0.0000000000000000000 ) ) ;
#4519 = ORIENTED_EDGE ( 'NONE', *, *, #1516, .T. ) ;
#4520 = CARTESIAN_POINT ( 'NONE',  ( 0.6894833945840218600, 0.9999606299212598900, -0.8109206522782754800 ) ) ;
#4521 = CARTESIAN_POINT ( 'NONE',  ( 0.8501120674231729100, 0.9999999999999998900, -0.8422125120655347100 ) ) ;
#4522 = AXIS2_PLACEMENT_3D ( 'NONE', #601, #4545, #1578 ) ;
#4523 = CARTESIAN_POINT ( 'NONE',  ( 0.7263799172117476600, 1.000000000000050200, -0.8481560743057173800 ) ) ;
#4524 = ADVANCED_FACE ( 'NONE', ( #6138 ), #1371, .T. ) ;
#4525 = CARTESIAN_POINT ( 'NONE',  ( 0.5925397873600203300, 1.000000000000000000, -0.8849455532568604200 ) ) ;
#4526 = ORIENTED_EDGE ( 'NONE', *, *, #4563, .T. ) ;
#4527 = CARTESIAN_POINT ( 'NONE',  ( 0.7591718399602583900, 0.9999999999999998900, -0.8442573666140431600 ) ) ;
#4528 = CARTESIAN_POINT ( 'NONE',  ( 0.8867515385499374900, 0.9999606299212597800, -0.8547323527303307700 ) ) ;
#4529 = CARTESIAN_POINT ( 'NONE',  ( 0.6434844230053367000, 0.9999606299212601100, -0.8113457884023427300 ) ) ;
#4530 = ORIENTED_EDGE ( 'NONE', *, *, #4224, .T. ) ;
#4531 = DIRECTION ( 'NONE',  ( -0.4832823832550001700, -0.0000000000000000000, 0.8754645270000190900 ) ) ;
#4532 = CARTESIAN_POINT ( 'NONE',  ( 0.6101471786089021100, 1.000000000000000200, -0.8802960271098861900 ) ) ;
#4533 = CARTESIAN_POINT ( 'NONE',  ( 0.8883585105241297300, 0.9999606299212597800, -0.8429962351910224000 ) ) ;
#4534 = ORIENTED_EDGE ( 'NONE', *, *, #1944, .T. ) ;
#4535 = CARTESIAN_POINT ( 'NONE',  ( 0.5028429247599257600, 0.9999606299212597800, -0.1002054203944308900 ) ) ;
#4536 = CARTESIAN_POINT ( 'NONE',  ( 0.7014886445759778200, 0.9999606299212598900, -0.8384172223326734600 ) ) ;
#4537 = CARTESIAN_POINT ( 'NONE',  ( 0.6863186519714894500, 0.9999999999999995600, -0.8814364871989337500 ) ) ;
#4538 = CARTESIAN_POINT ( 'NONE',  ( 0.6903797008186163300, 0.9999606299212601100, -0.8752796492165058100 ) ) ;
#4539 = CARTESIAN_POINT ( 'NONE',  ( 0.7053502112399326900, 0.9999606299212597800, -0.8237800615169516000 ) ) ;
#4540 = CARTESIAN_POINT ( 'NONE',  ( 0.8445735115109028700, 0.9999606299212602200, -0.8628328359571440000 ) ) ;
#4541 = DATE_AND_TIME ( #5881, #766 ) ;
#4542 = CARTESIAN_POINT ( 'NONE',  ( 0.8707743544535386800, 1.000000000000000200, -0.8048852938995791900 ) ) ;
#4543 = CARTESIAN_POINT ( 'NONE',  ( 0.6712477458224480600, 0.9999606299212598900, -0.8862522244772048600 ) ) ;
#4544 = DIRECTION ( 'NONE',  ( 2.480795431559006800E-016, 0.0000000000000000000, -1.000000000000000000 ) ) ;
#4545 = DIRECTION ( 'NONE',  ( -0.0000000000000000000, 0.0000000000000000000, -1.000000000000000000 ) ) ;
#4546 = ORIENTED_EDGE ( 'NONE', *, *, #2482, .F. ) ;
#4547 = VECTOR ( 'NONE', #1903, 39.37007874015748100 ) ;
#4548 = CARTESIAN_POINT ( 'NONE',  ( 0.0000000000000000000, 0.007874015748031721500, -0.007874015748031584400 ) ) ;
#4549 = CARTESIAN_POINT ( 'NONE',  ( 0.7344188488568587100, 1.000000000000000000, -0.7959212968753427400 ) ) ;
#4550 = ORIENTED_EDGE ( 'NONE', *, *, #1327, .T. ) ;
#4551 = EDGE_CURVE ( 'NONE', #5186, #1499, #740, .T. ) ;
#4552 = CARTESIAN_POINT ( 'NONE',  ( 0.7398469688248704400, 0.9999606299212597800, -0.7944437112587636700 ) ) ;
#4553 = CARTESIAN_POINT ( 'NONE',  ( 0.6003791194558252300, 0.9999606299212597800, -0.8846034937432725200 ) ) ;
#4554 = LINE ( 'NONE', #306, #619 ) ;
#4555 = LINE ( 'NONE', #2808, #3378 ) ;
#4556 = ORIENTED_EDGE ( 'NONE', *, *, #99, .F. ) ;
#4557 = CARTESIAN_POINT ( 'NONE',  ( 0.8749756640671623200, 1.000000000000000200, -0.8319084553414580800 ) ) ;
#4558 = CARTESIAN_POINT ( 'NONE',  ( 0.8891220540411261000, 0.9999606299212595600, -0.8884105292686528300 ) ) ;
#4559 = ADVANCED_FACE ( 'NONE', ( #5975 ), #2859, .F. ) ;
#4560 = EDGE_CURVE ( 'NONE', #2730, #4232, #4645, .T. ) ;
#4561 = ORIENTED_EDGE ( 'NONE', *, *, #6113, .T. ) ;
#4562 = FACE_OUTER_BOUND ( 'NONE', #5361, .T. ) ;
#4563 = EDGE_CURVE ( 'NONE', #3703, #3668, #858, .T. ) ;
#4564 = LINE ( 'NONE', #1495, #1778 ) ;
#4565 = CARTESIAN_POINT ( 'NONE',  ( 0.6742085894214486800, 0.9999606299212597800, -0.8862104910673974700 ) ) ;
#4566 = CARTESIAN_POINT ( 'NONE',  ( 0.6720077341928506500, 0.9999606299212597800, -0.8862587338913301400 ) ) ;
#4567 = CARTESIAN_POINT ( 'NONE',  ( 0.7591906172531902600, 1.000000000000000000, -0.8462067245400044500 ) ) ;
#4568 = CARTESIAN_POINT ( 'NONE',  ( 0.6575360906113553200, 1.000000000000000000, -0.8466877476235965500 ) ) ;
#4569 = CARTESIAN_POINT ( 'NONE',  ( 0.8820323359455147800, 0.9999606299212597800, -0.8117266702710795900 ) ) ;
#4570 = ORIENTED_EDGE ( 'NONE', *, *, #1568, .T. ) ;
#4571 = CARTESIAN_POINT ( 'NONE',  ( 0.6604631913879953600, 0.9999999999999998900, -0.8837654848756966200 ) ) ;
#4572 = ORIENTED_EDGE ( 'NONE', *, *, #1739, .F. ) ;
#4573 = LINE ( 'NONE', #4124, #6224 ) ;
#4574 = CARTESIAN_POINT ( 'NONE',  ( 0.8551034957828951300, 0.9999606299212593400, -0.8609344281511247500 ) ) ;
#4575 = CARTESIAN_POINT ( 'NONE',  ( 0.2838299188446100100, 0.9999606299212597800, -0.5451302592941684700 ) ) ;
#4576 = CARTESIAN_POINT ( 'NONE',  ( 0.6210479753884726700, 0.9999999999999995600, -0.8589558562050145800 ) ) ;
#4577 = CARTESIAN_POINT ( 'NONE',  ( 0.7158783515833033700, 1.000000000000000000, -0.8438739038356646300 ) ) ;
#4578 = B_SPLINE_CURVE_WITH_KNOTS ( 'NONE', 3,
 ( #2640, #697, #4168, #1196, #4673, #1701, #5170, #2198, #5680, #2686, #6181 ),
 .UNSPECIFIED., .F., .F.,
 ( 4, 1, 1, 1, 1, 1, 1, 1, 4 ),
 ( 0.0000000000000000000, 0.1232115076675096300, 0.2406990252533369700, 0.3542612932167186800, 0.4669536443969397600, 0.5842822876469543300, 0.7105515410306877400, 0.8478091896452393300, 1.000000000000000000 ),
 .UNSPECIFIED. ) ;
#4579 = ORIENTED_EDGE ( 'NONE', *, *, #139, .T. ) ;
#4580 = ORIENTED_EDGE ( 'NONE', *, *, #4511, .F. ) ;
#4581 = CARTESIAN_POINT ( 'NONE',  ( 0.7252289338745079300, 1.000000000000000200, -0.8032575925363884000 ) ) ;
#4582 = VECTOR ( 'NONE', #5882, 39.37007874015748100 ) ;
#4583 = DIRECTION ( 'NONE',  ( -0.5773502691896222900, 0.5773502691896323900, -0.5773502691896224000 ) ) ;
#4584 = CARTESIAN_POINT ( 'NONE',  ( 0.6922184048952357800, 1.000000000000000000, -0.8665610243742847300 ) ) ;
#4585 = CARTESIAN_POINT ( 'NONE',  ( 0.8983744662368514700, 0.9999606299212597800, -0.8505977818603237500 ) ) ;
#4586 = ORIENTED_EDGE ( 'NONE', *, *, #5273, .T. ) ;
#4587 = ORIENTED_EDGE ( 'NONE', *, *, #1657, .F. ) ;
#4588 = CARTESIAN_POINT ( 'NONE',  ( 0.7437969774646642200, 1.000000000000000200, -0.8980465774448662700 ) ) ;
#4589 = VERTEX_POINT ( 'NONE', #6316 ) ;
#4590 = CARTESIAN_POINT ( 'NONE',  ( 0.7199732167285990400, 0.9999606299212602200, -0.8129637500543227500 ) ) ;
#4591 = CARTESIAN_POINT ( 'NONE',  ( 0.8983877645069781000, 0.9999606299212597800, -0.8490793071779068100 ) ) ;
#4592 = CARTESIAN_POINT ( 'NONE',  ( 0.6423175407853872800, 0.9999606299212597800, -0.8703774555932122200 ) ) ;
#4593 = CARTESIAN_POINT ( 'NONE',  ( 0.7574296045326695000, 0.9999999999999998900, -0.8705228439787582300 ) ) ;
#4594 = CARTESIAN_POINT ( 'NONE',  ( 0.6735055808540425500, 1.000000000000000000, -0.7943360894784513600 ) ) ;
#4595 = EDGE_LOOP ( 'NONE', ( #5163, #4725, #2155, #6179 ) ) ;
#4596 = CARTESIAN_POINT ( 'NONE',  ( 0.8874010683583207800, 1.000000000000000200, -0.8254156991859015200 ) ) ;
#4597 = CARTESIAN_POINT ( 'NONE',  ( 0.6534916946766909900, 0.9999606299212596700, -0.8751130812335870000 ) ) ;
#4598 = ADVANCED_FACE ( 'NONE', ( #702 ), #3309, .F. ) ;
#4599 = CARTESIAN_POINT ( 'NONE',  ( 0.8587787382505613900, 1.000000000000000000, -0.8490276863130815600 ) ) ;
#4600 = CARTESIAN_POINT ( 'NONE',  ( 0.8563146875033063000, 0.9999606299212597800, -0.8732119606537874800 ) ) ;
#4601 = ORIENTED_EDGE ( 'NONE', *, *, #5019, .T. ) ;
#4602 = CARTESIAN_POINT ( 'NONE',  ( 0.7158723386097338700, 0.9999606299212601100, -0.8482316814833481500 ) ) ;
#4603 = CARTESIAN_POINT ( 'NONE',  ( 0.5753453284274326900, 1.000000000000000000, -0.8849455532568604200 ) ) ;
#4604 = VERTEX_POINT ( 'NONE', #4808 ) ;
#4605 = CARTESIAN_POINT ( 'NONE',  ( 0.7162787634600004100, 0.9999606299212601100, -0.8331137254755923700 ) ) ;
#4606 = EDGE_CURVE ( 'NONE', #6128, #2515, #2317, .T. ) ;
#4607 = CARTESIAN_POINT ( 'NONE',  ( 0.6698279155730696400, 0.9999999999999996700, -0.7944132063476665500 ) ) ;
#4608 = EDGE_CURVE ( 'NONE', #11, #2965, #4481, .T. ) ;
#4609 = CARTESIAN_POINT ( 'NONE',  ( 0.6174724079271564100, 0.9999606299212602200, -0.8539765244082803100 ) ) ;
#4610 = EDGE_LOOP ( 'NONE', ( #2157, #1391, #4860 ) ) ;
#4611 = CARTESIAN_POINT ( 'NONE',  ( 0.7597472196908875400, 0.9999606299212598900, -0.8899044519722574300 ) ) ;
#4612 = CC_DESIGN_APPROVAL ( #4279, ( #3936 ) ) ;
#4613 = CARTESIAN_POINT ( 'NONE',  ( 0.7589479128613836300, 0.9999999999999998900, -0.8573606234840254200 ) ) ;
#4614 = CARTESIAN_POINT ( 'NONE',  ( 0.8969143988468566400, 0.9999999999999995600, -0.8266588453928458400 ) ) ;
#4615 = CARTESIAN_POINT ( 'NONE',  ( 0.6653129685593348600, 0.9999606299212598900, -0.8976283961692269600 ) ) ;
#4616 = CARTESIAN_POINT ( 'NONE',  ( 0.7491983948820778400, 0.9999606299212601100, -0.8855046618114305000 ) ) ;
#4617 = CARTESIAN_POINT ( 'NONE',  ( 0.6185606063734115900, 0.9999606299212598900, -0.8877065582312834200 ) ) ;
#4618 = CARTESIAN_POINT ( 'NONE',  ( 0.6948221819749034200, 0.9999606299212595600, -0.8241988150387114000 ) ) ;
#4619 = DIRECTION ( 'NONE',  ( 0.6512707515841222900, -0.0000000000000000000, -0.7588454441657092000 ) ) ;
#4620 = ORIENTED_EDGE ( 'NONE', *, *, #2894, .F. ) ;
#4621 = CARTESIAN_POINT ( 'NONE',  ( 0.8684124243103299400, 0.9999606299212596700, -0.8419570844271963000 ) ) ;
#4622 = CARTESIAN_POINT ( 'NONE',  ( 0.6948221819749034200, 0.9999999999999996700, -0.8241988150387114000 ) ) ;
#4623 = CARTESIAN_POINT ( 'NONE',  ( 0.7244036631431997100, 0.9999606299212597800, -0.8879565238667496100 ) ) ;
#4624 = CARTESIAN_POINT ( 'NONE',  ( 0.6618676250120716400, 1.000000000000000000, -0.8563195202878488600 ) ) ;
#4625 = CARTESIAN_POINT ( 'NONE',  ( 0.8687112952881774800, 1.000000000000000200, -0.8871944944146260600 ) ) ;
#4626 = CARTESIAN_POINT ( 'NONE',  ( 0.6160539280959932400, 0.9999606299212597800, -0.8252573897307299300 ) ) ;
#4627 = CARTESIAN_POINT ( 'NONE',  ( 0.6403492017648372300, 1.000000000000000000, -0.8210502167279285500 ) ) ;
#4628 = CARTESIAN_POINT ( 'NONE',  ( 0.7645765423540037400, 0.9999606299212596700, -0.8110799030655851900 ) ) ;
#4629 = ORIENTED_EDGE ( 'NONE', *, *, #2329, .T. ) ;
#4630 = CARTESIAN_POINT ( 'NONE',  ( 0.6160539280959932400, 1.000000000000000000, -0.8252573897307299300 ) ) ;
#4631 = CARTESIAN_POINT ( 'NONE',  ( 0.7442107386842882200, 1.000000000000000000, -0.8875061143145960300 ) ) ;
#4632 = CARTESIAN_POINT ( 'NONE',  ( 0.8899387566675087700, 0.9999606299212602200, -0.8065921964576566700 ) ) ;
#4633 = CARTESIAN_POINT ( 'NONE',  ( 0.5999372609053050800, 1.000000000000000200, -0.8549611465760207400 ) ) ;
#4634 = CARTESIAN_POINT ( 'NONE',  ( 0.9960629921259841500, 0.9960629921259841500, -0.003937007874016134000 ) ) ;
#4635 = CARTESIAN_POINT ( 'NONE',  ( 0.6662842395588242100, 0.9999606299212598900, -0.7948522497522140200 ) ) ;
#4636 = EDGE_LOOP ( 'NONE', ( #5639, #5720, #2812, #2111 ) ) ;
#4637 = LINE ( 'NONE', #1289, #3296 ) ;
#4638 = CARTESIAN_POINT ( 'NONE',  ( 0.6903876711850096500, 0.9999999999999996700, -0.8344412118724970900 ) ) ;
#4639 = VECTOR ( 'NONE', #2337, 39.37007874015748100 ) ;
#4640 = CARTESIAN_POINT ( 'NONE',  ( 1.000000000000000200, 0.9921259842519684100, -1.000000000000000200 ) ) ;
#4641 = CARTESIAN_POINT ( 'NONE',  ( 0.6712477458224480600, 1.000000000000000200, -0.8862522244772048600 ) ) ;
#4642 = CARTESIAN_POINT ( 'NONE',  ( 0.6781620353680974900, 1.000000000000000000, -0.8401241990275581900 ) ) ;
#4643 = LINE ( 'NONE', #4324, #5973 ) ;
#4644 = CARTESIAN_POINT ( 'NONE',  ( 0.8569734924308209900, 0.9999606299212598900, -0.8170206881784692900 ) ) ;
#4645 = LINE ( 'NONE', #1833, #2160 ) ;
#4646 = EDGE_CURVE ( 'NONE', #117, #750, #357, .T. ) ;
#4647 = CARTESIAN_POINT ( 'NONE',  ( 0.8550942069849334400, 1.000000000000000000, -0.8659649181124180500 ) ) ;
#4648 = CARTESIAN_POINT ( 'NONE',  ( 0.7244036631431997100, 1.000000000000000000, -0.8879565238667496100 ) ) ;
#4649 = FACE_OUTER_BOUND ( 'NONE', #505, .T. ) ;
#4650 = CARTESIAN_POINT ( 'NONE',  ( 0.8008880941636029600, 1.000000000000000200, -0.8690254043350716900 ) ) ;
#4651 = ORIENTED_EDGE ( 'NONE', *, *, #468, .T. ) ;
#4652 = VECTOR ( 'NONE', #4705, 39.37007874015748100 ) ;
#4653 = CARTESIAN_POINT ( 'NONE',  ( 0.2838299188446097300, 1.000000000000000000, -0.4548579749740585000 ) ) ;
#4654 = B_SPLINE_CURVE_WITH_KNOTS ( 'NONE', 3,
 ( #335, #1281, #1301, #4779, #1806, #5275, #2300, #5792, #2793, #6288, #3278 ),
 .UNSPECIFIED., .F., .F.,
 ( 4, 1, 1, 1, 1, 1, 1, 1, 4 ),
 ( 0.0000000000000000000, 0.1346179213543785600, 0.2657048455909549700, 0.3948557066713094300, 0.5241965953957002900, 0.6505543932893896900, 0.7704873276626046400, 0.8857022806946893700, 1.000000000000000000 ),
 .UNSPECIFIED. ) ;
#4655 = AXIS2_PLACEMENT_3D ( 'NONE', #2432, #2916, #6418 ) ;
#4656 = CARTESIAN_POINT ( 'NONE',  ( 0.6159856700745780500, 0.9999606299212596700, -0.8280113431410876000 ) ) ;
#4657 = CARTESIAN_POINT ( 'NONE',  ( 0.8805281437401661900, 0.9999999999999996700, -0.7973109012671345500 ) ) ;
#4658 = ORIENTED_EDGE ( 'NONE', *, *, #4019, .T. ) ;
#4659 = LINE ( 'NONE', #2108, #5984 ) ;
#4660 = CARTESIAN_POINT ( 'NONE',  ( 0.6264451016766959800, 0.9999606299212602200, -0.8209020992008628800 ) ) ;
#4661 = CARTESIAN_POINT ( 'NONE',  ( 0.6490867819990350200, 0.9999999999999998900, -0.8034941382132904100 ) ) ;
#4662 = CARTESIAN_POINT ( 'NONE',  ( 0.6781620353680974900, 0.9999606299212597800, -0.8401241990275581900 ) ) ;
#4663 = CARTESIAN_POINT ( 'NONE',  ( 0.8501120674231729100, 0.9999999999999996700, -0.8422125120655347100 ) ) ;
#4664 = CARTESIAN_POINT ( 'NONE',  ( 0.6534916946766909900, 0.9999999999999998900, -0.8751130812335870000 ) ) ;
#4665 = VECTOR ( 'NONE', #5143, 39.37007874015748100 ) ;
#4666 = DIRECTION ( 'NONE',  ( -0.0000000000000000000, 1.000000000000000000, -0.0000000000000000000 ) ) ;
#4667 = CARTESIAN_POINT ( 'NONE',  ( 0.8673210394922951100, 1.000000000000000000, -0.8049695657575235400 ) ) ;
#4668 = DIRECTION ( 'NONE',  ( -1.000000000000000000, 0.0000000000000000000, 2.220446049250312600E-016 ) ) ;
#4669 = CARTESIAN_POINT ( 'NONE',  ( 0.6928962971408474400, 0.9999606299212596700, -0.8313556344271214600 ) ) ;
#4670 = DIRECTION ( 'NONE',  ( -0.0000000000000000000, 1.000000000000000000, -0.0000000000000000000 ) ) ;
#4671 = EDGE_LOOP ( 'NONE', ( #2184, #5000, #1746, #3448 ) ) ;
#4672 = CARTESIAN_POINT ( 'NONE',  ( 0.6121567954317552700, 0.9999606299212597800, -0.8623564446860873000 ) ) ;
#4673 = CARTESIAN_POINT ( 'NONE',  ( 0.6097541291296197900, 0.9999606299212601100, -0.8588784225839303200 ) ) ;
#4674 = ORIENTED_EDGE ( 'NONE', *, *, #1793, .F. ) ;
#4675 = CARTESIAN_POINT ( 'NONE',  ( 0.7621158852973652900, 0.9999606299212597800, -0.8862649710550782900 ) ) ;
#4676 = ORIENTED_EDGE ( 'NONE', *, *, #3291, .T. ) ;
#4677 = CARTESIAN_POINT ( 'NONE',  ( 0.5986694836872933400, 0.9999606299212597800, -0.8428080802518546100 ) ) ;
#4678 = CARTESIAN_POINT ( 'NONE',  ( 0.6185036700999804200, 1.000000000000000200, -0.8466188899592979000 ) ) ;
#4679 = CARTESIAN_POINT ( 'NONE',  ( 0.8690258662581323800, 0.9999606299212598900, -0.7943360894784514700 ) ) ;
#4680 = EDGE_LOOP ( 'NONE', ( #3937, #2092, #3099, #1156 ) ) ;
#4681 = CARTESIAN_POINT ( 'NONE',  ( 0.6159609203236812200, 0.9999999999999998900, -0.8005960616393371600 ) ) ;
#4682 = CARTESIAN_POINT ( 'NONE',  ( 0.6398542252840826400, 0.9999606299212595600, -0.8246967270760403600 ) ) ;
#4683 = CARTESIAN_POINT ( 'NONE',  ( 0.8747916908499588900, 0.9999606299212601100, -0.8056605474068441200 ) ) ;
#4684 = CARTESIAN_POINT ( 'NONE',  ( 0.6604631913879953600, 0.9999606299212596700, -0.8837654848756966200 ) ) ;
#4685 = B_SPLINE_CURVE_WITH_KNOTS ( 'NONE', 3,
 ( #517, #2502, #2987, #59, #3491, #558, #3996 ),
 .UNSPECIFIED., .F., .F.,
 ( 4, 1, 1, 1, 4 ),
 ( 0.0000000000000000000, 0.2837744943495250100, 0.5395840214497873400, 0.7756449623277160700, 1.000000000000000000 ),
 .UNSPECIFIED. ) ;
#4686 = CARTESIAN_POINT ( 'NONE',  ( 0.8690258662581321600, 0.9999606299212596700, -0.7943360894784513600 ) ) ;
#4688 = CARTESIAN_POINT ( 'NONE',  ( 0.8722273240599000000, 1.000000000000000200, -0.8980314455458231500 ) ) ;
#4687 = AXIS2_PLACEMENT_3D ( 'NONE', #1511, #2014, #5490 ) ;
#4689 = CARTESIAN_POINT ( 'NONE',  ( 0.6695865573980470700, 0.9999606299212597800, -0.8425954777952127100 ) ) ;
#4690 = CARTESIAN_POINT ( 'NONE',  ( 0.6750883681185888600, 1.000000000000000000, -0.7943751720160278100 ) ) ;
#4691 = B_SPLINE_CURVE_WITH_KNOTS ( 'NONE', 3,
 ( #4253, #4759, #1788, #5249, #2281, #5767, #2765 ),
 .UNSPECIFIED., .F., .F.,
 ( 4, 1, 1, 1, 4 ),
 ( 0.0000000000000000000, 0.2837744943495250100, 0.5395840214497873400, 0.7756449623277160700, 1.000000000000000000 ),
 .UNSPECIFIED. ) ;
#4692 = EDGE_CURVE ( 'NONE', #3310, #4437, #5814, .T. ) ;
#4693 = VERTEX_POINT ( 'NONE', #1895 ) ;
#4694 = CARTESIAN_POINT ( 'NONE',  ( 0.6506396900781962200, 0.9999606299212595600, -0.8259180957931777600 ) ) ;
#4695 = PLANE ( 'NONE',  #355 ) ;
#4696 = EDGE_CURVE ( 'NONE', #229, #1077, #1857, .T. ) ;
#4697 = ORIENTED_EDGE ( 'NONE', *, *, #636, .F. ) ;
#4698 = CARTESIAN_POINT ( 'NONE',  ( 0.7692498610837432700, 1.000000000000000200, -0.8592292050176660900 ) ) ;
#4699 = CARTESIAN_POINT ( 'NONE',  ( 1.000000000000000200, 0.007874015748031721500, -1.000000000000000200 ) ) ;
#4700 = CARTESIAN_POINT ( 'NONE',  ( 0.6265593731717509200, 0.9999606299212597800, -0.8253394635203844500 ) ) ;
#4701 = CARTESIAN_POINT ( 'NONE',  ( 0.7264144129962814000, 0.9999606299212504500, -0.8404736962013050800 ) ) ;
#4702 = ORIENTED_EDGE ( 'NONE', *, *, #5015, .T. ) ;
#4703 = CARTESIAN_POINT ( 'NONE',  ( 0.6010314402847351000, 0.9999606299212597800, -0.7958390710345040200 ) ) ;
#4704 = CARTESIAN_POINT ( 'NONE',  ( 0.3385826771653582800, 1.330708661417320900, -0.6614173228346417200 ) ) ;
#4705 = DIRECTION ( 'NONE',  ( -0.0000000000000000000, 1.000000000000000000, -0.0000000000000000000 ) ) ;
#4706 = CARTESIAN_POINT ( 'NONE',  ( 0.8888066861006900200, 0.9999606299212598900, -0.8358331145711701500 ) ) ;
#4707 = DIRECTION ( 'NONE',  ( -0.0000000000000000000, 1.000000000000000000, -0.0000000000000000000 ) ) ;
#4708 = CARTESIAN_POINT ( 'NONE',  ( 0.7574296045326695000, 0.9999606299212596700, -0.8705228439787582300 ) ) ;
#4709 = PERSON_AND_ORGANIZATION ( #1546, #2977 ) ;
#4710 = CARTESIAN_POINT ( 'NONE',  ( 0.8604140238354764900, 0.9999999999999996700, -0.7959034908227862200 ) ) ;
#4711 = CARTESIAN_POINT ( 'NONE',  ( 0.8845822555727795900, 0.9999606299212596700, -0.8929561104597199000 ) ) ;
#4712 = CARTESIAN_POINT ( 'NONE',  ( 0.8765077275525804400, 0.9999999999999998900, -0.8424338289925144000 ) ) ;
#4713 = CARTESIAN_POINT ( 'NONE',  ( 0.7692498610837432700, 0.9999606299212598900, -0.8592292050176660900 ) ) ;
#4714 = EDGE_LOOP ( 'NONE', ( #3405, #513, #844, #3902 ) ) ;
#4715 = FACE_OUTER_BOUND ( 'NONE', #4610, .T. ) ;
#4716 = CARTESIAN_POINT ( 'NONE',  ( 0.7581023423194213100, 0.9999606299212598900, -0.8259323101431755900 ) ) ;
#4717 = CARTESIAN_POINT ( 'NONE',  ( 0.8577665740249232900, 0.9999999999999998900, -0.8506926837645194500 ) ) ;
#4718 = CARTESIAN_POINT ( 'NONE',  ( 0.6760667284009762600, 1.000000000000000000, -0.8979543040041245700 ) ) ;
#4719 = B_SPLINE_CURVE_WITH_KNOTS ( 'NONE', 3,
 ( #3497, #3983, #4051, #1090, #4549, #1580, #5055, #2078, #5558, #2572, #6064, #3062, #138, #3567, #628, #4074, #1112, #4577, #1600 ),
 .UNSPECIFIED., .F., .F.,
 ( 4, 1, 1, 1, 1, 1, 1, 1, 1, 1, 1, 1, 1, 1, 1, 1, 4 ),
 ( 0.0000000000000000000, 0.04461140070214060500, 0.08771103364401446100, 0.1305519678448846000, 0.1734812435493580700, 0.2172750310008206800, 0.2633226479506828300, 0.3118589299127195200, 0.3634664861580806900, 0.4194362964783537300, 0.4808868625215602100, 0.5492072408141092100, 0.6242104105436904200, 0.7063843999137394700, 0.7964922683424533500, 0.8942066700976112300, 1.000000000000000000 ),
 .UNSPECIFIED. ) ;
#4720 = VECTOR ( 'NONE', #2190, 39.37007874015748100 ) ;
#4721 = CARTESIAN_POINT ( 'NONE',  ( 0.6019104203389116200, 1.000000000000000200, -0.8844398548227142600 ) ) ;
#4722 = CARTESIAN_POINT ( 'NONE',  ( 0.8599122113262484000, 0.9999606299212596700, -0.8332894872590538300 ) ) ;
#4723 = FACE_OUTER_BOUND ( 'NONE', #6304, .T. ) ;
#4724 = CARTESIAN_POINT ( 'NONE',  ( 0.7298464031266743700, 1.000000000000050200, -0.8156724819112085600 ) ) ;
#4725 = ORIENTED_EDGE ( 'NONE', *, *, #2359, .F. ) ;
#4726 = CARTESIAN_POINT ( 'NONE',  ( 0.7266067218255157800, 0.9999606299212603400, -0.8350735700142983800 ) ) ;
#4727 = CARTESIAN_POINT ( 'NONE',  ( 0.6506396900781962200, 0.9999999999999996700, -0.8259180957931777600 ) ) ;
#4728 = VERTEX_POINT ( 'NONE', #4406 ) ;
#4729 = LINE ( 'NONE', #3646, #3387 ) ;
#4730 = CARTESIAN_POINT ( 'NONE',  ( 0.8021000112142466800, 0.9999606299212597800, -0.8839244369568096700 ) ) ;
#4731 = LINE ( 'NONE', #2374, #787 ) ;
#4732 = DIRECTION ( 'NONE',  ( 0.7588454441657092000, 0.0000000000000000000, 0.6512707515841224000 ) ) ;
#4733 = CARTESIAN_POINT ( 'NONE',  ( 0.4549032392927833100, 1.000000000000000000, -0.1495303742652009700 ) ) ;
#4734 = EDGE_CURVE ( 'NONE', #1733, #2035, #5611, .T. ) ;
#4735 = CARTESIAN_POINT ( 'NONE',  ( 0.9921259842519686300, 0.0000000000000000000, -0.9921259842519686300 ) ) ;
#4736 = CARTESIAN_POINT ( 'NONE',  ( 0.8493201058281509800, 0.9999606299212595600, -0.8063691390766378800 ) ) ;
#4737 = CARTESIAN_POINT ( 'NONE',  ( 0.8928303098622687500, 1.000000000000000400, -0.8825091274219135600 ) ) ;
#4738 = ORIENTED_EDGE ( 'NONE', *, *, #1702, .T. ) ;
#4739 = EDGE_CURVE ( 'NONE', #6172, #3920, #545, .T. ) ;
#4740 = CARTESIAN_POINT ( 'NONE',  ( 0.8878636043672871700, 0.9999999999999998900, -0.8634624287667511700 ) ) ;
#4741 = VECTOR ( 'NONE', #4531, 39.37007874015748900 ) ;
#4742 = AXIS2_PLACEMENT_3D ( 'NONE', #4292, #6305, #3874 ) ;
#4743 = CARTESIAN_POINT ( 'NONE',  ( 0.6423847020904434000, 1.000000000000000200, -0.8733223919602446400 ) ) ;
#4744 = CARTESIAN_POINT ( 'NONE',  ( 0.6063692209167793600, 0.9999606299212597800, -0.8087400395627908400 ) ) ;
#4745 = ORIENTED_EDGE ( 'NONE', *, *, #636, .T. ) ;
#4746 = LINE ( 'NONE', #6303, #800 ) ;
#4747 = CARTESIAN_POINT ( 'NONE',  ( 0.8445473584937205300, 0.9999606299212597800, -0.8640782922372404200 ) ) ;
#4748 = CARTESIAN_POINT ( 'NONE',  ( 0.7395274723931895000, 0.9999606299212506800, -0.8053454694345980600 ) ) ;
#4749 = CARTESIAN_POINT ( 'NONE',  ( 0.7412405716125948200, 0.9999606299212597800, -0.8048968501197235600 ) ) ;
#4750 = CARTESIAN_POINT ( 'NONE',  ( 0.6622115323256674300, 0.9999606299212596700, -0.8089385798003032600 ) ) ;
#4751 = CARTESIAN_POINT ( 'NONE',  ( 0.6528229858611448400, 0.9999606299212597800, -0.8701312342242492100 ) ) ;
#4752 = CARTESIAN_POINT ( 'NONE',  ( 0.8912304158936590300, 1.000000000000000000, -0.8087999735381648000 ) ) ;
#4753 = CARTESIAN_POINT ( 'NONE',  ( 0.8983877645069781000, 0.9999606299212597800, -0.8490793071779068100 ) ) ;
#4754 = CARTESIAN_POINT ( 'NONE',  ( 0.6897561912056050500, 1.000000000000000000, -0.8479302741227458000 ) ) ;
#4755 = CARTESIAN_POINT ( 'NONE',  ( 0.8458605391281903700, 1.000000000000000200, -0.8192865215333757800 ) ) ;
#4756 = CARTESIAN_POINT ( 'NONE',  ( 0.8978995844637467400, 0.9999606299212598900, -0.8618399896419549600 ) ) ;
#4757 = ORIENTED_EDGE ( 'NONE', *, *, #5354, .F. ) ;
#4758 = ORIENTED_EDGE ( 'NONE', *, *, #55, .F. ) ;
#4759 = CARTESIAN_POINT ( 'NONE',  ( 0.6528577955478694900, 0.9999606299212596700, -0.8690879721924490400 ) ) ;
#4760 = CARTESIAN_POINT ( 'NONE',  ( 0.6502331429531351700, 0.9999606299212593400, -0.8903556441459900000 ) ) ;
#4761 = CARTESIAN_POINT ( 'NONE',  ( 0.6086113202413974100, 0.9999606299212596700, -0.8097117274253781100 ) ) ;
#4762 = CARTESIAN_POINT ( 'NONE',  ( 0.8077783007285690400, 0.9999606299212597800, -0.8757532888155724600 ) ) ;
#4763 = ORIENTED_EDGE ( 'NONE', *, *, #5653, .F. ) ;
#4764 = CARTESIAN_POINT ( 'NONE',  ( 0.6721924002195728300, 0.9999606299212597800, -0.8531419597657975400 ) ) ;
#4765 = CARTESIAN_POINT ( 'NONE',  ( 0.8504926039192169900, 1.000000000000000200, -0.8043050585586798400 ) ) ;
#4766 = DIRECTION ( 'NONE',  ( -1.000000000000000000, 0.0000000000000000000, 0.0000000000000000000 ) ) ;
#4767 = ORIENTED_EDGE ( 'NONE', *, *, #3379, .F. ) ;
#4768 = CARTESIAN_POINT ( 'NONE',  ( 0.6863186519714894500, 0.9999999999999995600, -0.8814364871989337500 ) ) ;
#4769 = CARTESIAN_POINT ( 'NONE',  ( 0.5064393814528370700, 0.9999606299212597800, -0.1281468749641309100 ) ) ;
#4770 = ORIENTED_EDGE ( 'NONE', *, *, #278, .F. ) ;
#4771 = DIRECTION ( 'NONE',  ( 0.0000000000000000000, 0.0000000000000000000, 1.000000000000000000 ) ) ;
#4772 = EDGE_CURVE ( 'NONE', #196, #3385, #2991, .T. ) ;
#4773 = CARTESIAN_POINT ( 'NONE',  ( 0.8697035869981756300, 1.000000000000000200, -0.7943522404540284100 ) ) ;
#4774 = CARTESIAN_POINT ( 'NONE',  ( 0.007874015748031721500, 1.000000000000000000, -0.007874015748031584400 ) ) ;
#4775 = CARTESIAN_POINT ( 'NONE',  ( 0.7014886445759778200, 0.9999606299212598900, -0.8384172223326734600 ) ) ;
#4776 = CARTESIAN_POINT ( 'NONE',  ( 0.5972667681985258700, 0.9999606299212596700, -0.8074797705912386500 ) ) ;
#4778 = CARTESIAN_POINT ( 'NONE',  ( 0.5925397873600203300, 0.9999606299212597800, -0.8849455532568604200 ) ) ;
#4777 = AXIS2_PLACEMENT_3D ( 'NONE', #3067, #5076, #2107 ) ;
#4779 = CARTESIAN_POINT ( 'NONE',  ( 0.8852305445327907100, 1.000000000000000400, -0.8386033981520586400 ) ) ;
#4780 = ORIENTED_EDGE ( 'NONE', *, *, #2055, .T. ) ;
#4781 = EDGE_CURVE ( 'NONE', #193, #4343, #4444, .T. ) ;
#4782 = CARTESIAN_POINT ( 'NONE',  ( 0.6653129685593348600, 1.000000000000000200, -0.8976283961692269600 ) ) ;
#4783 = ADVANCED_FACE ( 'NONE', ( #5663 ), #5939, .T. ) ;
#4784 = CARTESIAN_POINT ( 'NONE',  ( 0.7922241659105739900, 0.9999606299212595600, -0.8628920443127412500 ) ) ;
#4785 = CARTESIAN_POINT ( 'NONE',  ( 0.0000000000000000000, 0.0000000000000000000, 0.0000000000000000000 ) ) ;
#4786 = CARTESIAN_POINT ( 'NONE',  ( 0.6810512431395697700, 1.000000000000000000, -0.8067878793116768400 ) ) ;
#4787 = CARTESIAN_POINT ( 'NONE',  ( 0.5938940048893172100, 0.9999606299212597800, -0.8547423986640573200 ) ) ;
#4788 = CARTESIAN_POINT ( 'NONE',  ( 0.5972667681985258700, 0.9999606299207708400, -0.8074797705912386500 ) ) ;
#4789 = CARTESIAN_POINT ( 'NONE',  ( 0.7174856067285695400, 0.9999999999999998900, -0.8685432678406864700 ) ) ;
#4790 = EDGE_LOOP ( 'NONE', ( #4530, #3664, #1915, #6337, #1677 ) ) ;
#4791 = VECTOR ( 'NONE', #1287, 39.37007874015748100 ) ;
#4792 = CARTESIAN_POINT ( 'NONE',  ( 0.6556174153995758500, 0.9999606299212597800, -0.8605234698476643700 ) ) ;
#4793 = ORIENTED_EDGE ( 'NONE', *, *, #2055, .F. ) ;
#4794 = EDGE_LOOP ( 'NONE', ( #4513, #2662, #4951, #1567 ) ) ;
#4795 = CARTESIAN_POINT ( 'NONE',  ( 0.6721924002195728300, 0.9999606299212597800, -0.8531419597657975400 ) ) ;
#4796 = LINE ( 'NONE', #2693, #6282 ) ;
#4797 = CARTESIAN_POINT ( 'NONE',  ( 0.8626894494160729500, 0.9999606299212597800, -0.8069971604516439400 ) ) ;
#4798 = CARTESIAN_POINT ( 'NONE',  ( 0.8487220882825834400, 1.000000000000000400, -0.8839999331874315300 ) ) ;
#4799 = VECTOR ( 'NONE', #1314, 39.37007874015748100 ) ;
#4800 = VERTEX_POINT ( 'NONE', #2473 ) ;
#4801 = CARTESIAN_POINT ( 'NONE',  ( 0.6744083925402404300, 0.9999606299212597800, -0.8061547151886786500 ) ) ;
#4802 = EDGE_LOOP ( 'NONE', ( #4812, #4216, #1353, #4408 ) ) ;
#4803 = VERTEX_POINT ( 'NONE', #3962 ) ;
#4804 = FACE_OUTER_BOUND ( 'NONE', #3750, .T. ) ;
#4805 = CARTESIAN_POINT ( 'NONE',  ( 0.6524969191784063500, 0.9999606299212597800, -0.8192800083138267500 ) ) ;
#4806 = CARTESIAN_POINT ( 'NONE',  ( 0.6664768602851337500, 0.9999606299212593400, -0.8546839824795071600 ) ) ;
#4807 = FACE_OUTER_BOUND ( 'NONE', #2166, .T. ) ;
#4808 = CARTESIAN_POINT ( 'NONE',  ( 0.4549032392927833100, 0.9999606299212597800, -0.1495303742652009700 ) ) ;
#4809 = CARTESIAN_POINT ( 'NONE',  ( 0.5753453284274326900, 0.9999606299212597800, -0.8547423986640573200 ) ) ;
#4810 = PERSON_AND_ORGANIZATION_ROLE ( 'design_owner' ) ;
#4811 = CARTESIAN_POINT ( 'NONE',  ( 0.6948292777281017700, 1.000000000000000000, -0.8228423537954222500 ) ) ;
#4812 = ORIENTED_EDGE ( 'NONE', *, *, #2023, .F. ) ;
#4813 = FACE_OUTER_BOUND ( 'NONE', #4680, .T. ) ;
#4814 = PLANE ( 'NONE',  #1409 ) ;
#4815 = CARTESIAN_POINT ( 'NONE',  ( 0.7286491198649537300, 0.9999606299212596700, -0.8929540901942918400 ) ) ;
#4816 = ADVANCED_FACE ( 'NONE', ( #4173 ), #4459, .F. ) ;
#4817 = VERTEX_POINT ( 'NONE', #522 ) ;
#4818 = CARTESIAN_POINT ( 'NONE',  ( 0.8765077275525804400, 0.9999606299212596700, -0.8424338289925144000 ) ) ;
#4819 = VECTOR ( 'NONE', #678, 39.37007874015748100 ) ;
#4820 = CARTESIAN_POINT ( 'NONE',  ( 0.6442659414834750500, 0.9999999999999996700, -0.8814767170262441900 ) ) ;
#4821 = EDGE_CURVE ( 'NONE', #4728, #3102, #1695, .T. ) ;
#4822 = CARTESIAN_POINT ( 'NONE',  ( 0.6848432612246923000, 1.000000000000000200, -0.8497223485393293800 ) ) ;
#4823 = CARTESIAN_POINT ( 'NONE',  ( 0.0000000000000000000, 1.000000000000000000, -1.000000000000000000 ) ) ;
#4824 = DIRECTION ( 'NONE',  ( -0.0000000000000000000, 1.000000000000000000, -0.0000000000000000000 ) ) ;
#4825 = CARTESIAN_POINT ( 'NONE',  ( 0.8627043091504399400, 0.9999606299212602200, -0.8968622224507723000 ) ) ;
#4826 = EDGE_CURVE ( 'NONE', #5123, #5683, #1530, .T. ) ;
#4827 = CARTESIAN_POINT ( 'NONE',  ( 0.6136447479683073700, 0.9999999999999998900, -0.8147492342084479100 ) ) ;
#4828 = VERTEX_POINT ( 'NONE', #5466 ) ;
#4829 = LINE ( 'NONE', #2591, #3479 ) ;
#4830 = PLANE ( 'NONE',  #1200 ) ;
#4831 = CARTESIAN_POINT ( 'NONE',  ( 0.8820323359455147800, 1.000000000000000000, -0.8117266702710795900 ) ) ;
#4832 = CARTESIAN_POINT ( 'NONE',  ( 0.5961920709996391100, 0.9999606299212597800, -0.8967641789670877100 ) ) ;
#4833 = DATE_TIME_ROLE ( 'classification_date' ) ;
#4834 = CARTESIAN_POINT ( 'NONE',  ( 0.8687112952881774800, 0.9999606299212597800, -0.8871944944146260600 ) ) ;
#4835 = CARTESIAN_POINT ( 'NONE',  ( 0.6561264558947328400, 1.000000000000000200, -0.8598720105174547700 ) ) ;
#4836 = CARTESIAN_POINT ( 'NONE',  ( 0.7428374146645597700, 1.000000000000000000, -0.8980773596015574300 ) ) ;
#4837 = CARTESIAN_POINT ( 'NONE',  ( 0.7659382348719238100, 0.9999606299212595600, -0.8149800103696637200 ) ) ;
#4838 = CARTESIAN_POINT ( 'NONE',  ( 0.8843385305009136000, 1.000000000000000200, -0.8490911260577274100 ) ) ;
#4839 = CARTESIAN_POINT ( 'NONE',  ( 0.6716589205868196400, 1.000000000000000000, -0.8980773596015574300 ) ) ;
#4840 = CARTESIAN_POINT ( 'NONE',  ( 0.8852305445327907100, 0.9999606299212602200, -0.8386033981520586400 ) ) ;
#4841 = CARTESIAN_POINT ( 'NONE',  ( 0.5961920709996391100, 1.000000000000000000, -0.8074678958231482600 ) ) ;
#4842 = DIRECTION ( 'NONE',  ( -0.0000000000000000000, 0.0000000000000000000, -1.000000000000000000 ) ) ;
#4843 = ADVANCED_FACE ( 'NONE', ( #5493 ), #1028, .F. ) ;
#4844 = DIRECTION ( 'NONE',  ( -0.4832823832550001700, -0.0000000000000000000, 0.8754645270000190900 ) ) ;
#4845 = ORIENTED_EDGE ( 'NONE', *, *, #1864, .F. ) ;
#4846 = CARTESIAN_POINT ( 'NONE',  ( 0.6666638833839867400, 0.9999606299212597800, -0.5063097178467925700 ) ) ;
#4847 = DIRECTION ( 'NONE',  ( 1.000000000000000000, 0.0000000000000000000, 0.0000000000000000000 ) ) ;
#4848 = CARTESIAN_POINT ( 'NONE',  ( 0.7508184490866198800, 0.9999999999999998900, -0.8081503105965957000 ) ) ;
#4849 = ORIENTED_EDGE ( 'NONE', *, *, #2021, .T. ) ;
#4850 = CARTESIAN_POINT ( 'NONE',  ( 0.8601669674949685700, 1.000000000000000000, -0.8809435322334019400 ) ) ;
#4851 = ORIENTED_EDGE ( 'NONE', *, *, #5783, .F. ) ;
#4852 = CARTESIAN_POINT ( 'NONE',  ( 0.8474124165263422500, 0.9999606299212596700, -0.8811964705897420400 ) ) ;
#4853 = CARTESIAN_POINT ( 'NONE',  ( 0.5064393814528370700, 1.000000000000000000, -0.1281468749641309100 ) ) ;
#4854 = EDGE_CURVE ( 'NONE', #5548, #595, #5339, .T. ) ;
#4855 = CARTESIAN_POINT ( 'NONE',  ( 0.7544996343443635100, 1.000000000000000200, -0.7975905221162195000 ) ) ;
#4856 = VERTEX_POINT ( 'NONE', #3476 ) ;
#4857 = EDGE_CURVE ( 'NONE', #4910, #280, #1382, .T. ) ;
#4858 = CARTESIAN_POINT ( 'NONE',  ( 0.8878636043672871700, 0.9999606299212596700, -0.8634624287667511700 ) ) ;
#4859 = CARTESIAN_POINT ( 'NONE',  ( 0.6802940787144646800, 0.9999606299212601100, -0.8972738603876556600 ) ) ;
#4860 = ORIENTED_EDGE ( 'NONE', *, *, #2512, .F. ) ;
#4861 = ORIENTED_EDGE ( 'NONE', *, *, #4311, .F. ) ;
#4862 = CARTESIAN_POINT ( 'NONE',  ( 0.8878823194312205300, 0.9999606299212597800, -0.8643450320536171200 ) ) ;
#4863 = CARTESIAN_POINT ( 'NONE',  ( 0.6065198837600153100, 1.000000000000000200, -0.8956623908563675600 ) ) ;
#4865 = CARTESIAN_POINT ( 'NONE',  ( 0.8474124165263422500, 0.9999999999999998900, -0.8811964705897420400 ) ) ;
#4864 = AXIS2_PLACEMENT_3D ( 'NONE', #3975, #1022, #4476 ) ;
#4866 = CARTESIAN_POINT ( 'NONE',  ( 0.6055824096577764300, 1.000000000000000200, -0.7964140296541991600 ) ) ;
#4867 = PERSON_AND_ORGANIZATION ( #1546, #2977 ) ;
#4868 = DIRECTION ( 'NONE',  ( 0.0000000000000000000, -1.000000000000000000, -0.0000000000000000000 ) ) ;
#4869 = CARTESIAN_POINT ( 'NONE',  ( 0.6135133868226986300, 1.000000000000000200, -0.8507253737139211000 ) ) ;
#4870 = CARTESIAN_POINT ( 'NONE',  ( 0.7418427097796992400, 0.9999606299212596700, -0.8875529597883546900 ) ) ;
#4871 = VERTEX_POINT ( 'NONE', #1044 ) ;
#4872 = CARTESIAN_POINT ( 'NONE',  ( 0.8550942069849334400, 0.9999606299212596700, -0.8659649181124180500 ) ) ;
#4873 = LINE ( 'NONE', #1819, #5182 ) ;
#4874 = CARTESIAN_POINT ( 'NONE',  ( 0.4936393814528367600, 0.9999606299212597800, -0.3332054203944309100 ) ) ;
#4875 = VECTOR ( 'NONE', #5245, 39.37007874015748100 ) ;
#4876 = CARTESIAN_POINT ( 'NONE',  ( 0.005567769930602744400, 0.9921259842519684100, -1.000000000000000000 ) ) ;
#4877 = FACE_OUTER_BOUND ( 'NONE', #3288, .T. ) ;
#4878 = CARTESIAN_POINT ( 'NONE',  ( 0.8182837458043267200, 1.000000000000000000, -0.7956492701129210800 ) ) ;
#4879 = CARTESIAN_POINT ( 'NONE',  ( 0.6987118612371930900, 0.9999999999999996700, -0.8839518334515769100 ) ) ;
#4880 = B_SPLINE_CURVE_WITH_KNOTS ( 'NONE', 3,
 ( #3889, #452, #4900, #1924, #5388, #2418, #5906, #2903, #6404, #3403, #472, #3908, #960, #4416, #1437, #4917, #1947, #5411, #2438 ),
 .UNSPECIFIED., .F., .F.,
 ( 4, 1, 1, 1, 1, 1, 1, 1, 1, 1, 1, 1, 1, 1, 1, 1, 4 ),
 ( 0.0000000000000000000, 0.06088887227493784700, 0.1195698595390045600, 0.1770086864547040500, 0.2328328620422930300, 0.2887098514312701500, 0.3452480678761835600, 0.4018410378465908700, 0.4602600551093372100, 0.5202927207486571800, 0.5810288037061101000, 0.6435430669886551500, 0.7084486539598076100, 0.7759626742227476700, 0.8469855610621828100, 0.9216527770129201400, 1.000000000000000000 ),
 .UNSPECIFIED. ) ;
#4881 = DIRECTION ( 'NONE',  ( -0.0000000000000000000, 0.0000000000000000000, -1.000000000000000000 ) ) ;
#4882 = CARTESIAN_POINT ( 'NONE',  ( 0.6113097873632850100, 0.9999606299212597800, -0.8786291690059271400 ) ) ;
#4883 = CARTESIAN_POINT ( 'NONE',  ( 0.6204596767819262600, 0.9999606299212602200, -0.8848805104196830800 ) ) ;
#4884 = ORIENTED_EDGE ( 'NONE', *, *, #2398, .T. ) ;
#4885 = CARTESIAN_POINT ( 'NONE',  ( 0.6134275668270540200, 1.000000000000000200, -0.8696798283811503200 ) ) ;
#4886 = B_SPLINE_CURVE_WITH_KNOTS ( 'NONE', 3,
 ( #2227, #5137, #776, #4222, #1259, #4730, #1755, #5222, #2255, #5733, #2738 ),
 .UNSPECIFIED., .F., .F.,
 ( 4, 1, 1, 1, 1, 1, 1, 1, 4 ),
 ( 0.0000000000000000000, 0.1352840289639596600, 0.2694096554749907400, 0.4028008870521623300, 0.5361909441160782600, 0.6652106699871648300, 0.7853428009871230600, 0.8963177665284705100, 1.000000000000000000 ),
 .UNSPECIFIED. ) ;
#4887 = LINE ( 'NONE', #216, #2242 ) ;
#4888 = ORIENTED_EDGE ( 'NONE', *, *, #3092, .F. ) ;
#4889 = DIRECTION ( 'NONE',  ( 0.0000000000000000000, -0.0000000000000000000, 1.000000000000000000 ) ) ;
#4890 = LINE ( 'NONE', #2292, #936 ) ;
#4891 = CARTESIAN_POINT ( 'NONE',  ( 0.7949601091990808900, 1.000000000000000400, -0.8773068923311887500 ) ) ;
#4892 = CARTESIAN_POINT ( 'NONE',  ( 0.7281080439041242000, 0.9999606299212598900, -0.8703354124218006800 ) ) ;
#4893 = VECTOR ( 'NONE', #4008, 39.37007874015748100 ) ;
#4894 = CARTESIAN_POINT ( 'NONE',  ( 0.5753453284274326900, 0.9999606299212597800, -0.8547423986640573200 ) ) ;
#4895 = CARTESIAN_POINT ( 'NONE',  ( 0.8878333457136184900, 1.000000000000000200, -0.8669348530046002700 ) ) ;
#4896 = CARTESIAN_POINT ( 'NONE',  ( 0.9921259842519683000, 0.0000000000000000000, -0.007874015748031995600 ) ) ;
#4897 = EDGE_CURVE ( 'NONE', #1787, #5561, #3272, .T. ) ;
#4898 = LINE ( 'NONE', #4267, #5046 ) ;
#4899 = CARTESIAN_POINT ( 'NONE',  ( 0.8876049642504835200, 0.9999606299212595600, -0.8694295180947547700 ) ) ;
#4900 = CARTESIAN_POINT ( 'NONE',  ( 0.8667519349988569400, 0.9999606299212596700, -0.7943900400690612200 ) ) ;
#4901 = EDGE_CURVE ( 'NONE', #2353, #2634, #3864, .T. ) ;
#4902 = CARTESIAN_POINT ( 'NONE',  ( 0.5451755236128935600, 0.9999606299212597800, -0.1495303742652018300 ) ) ;
#4903 = CARTESIAN_POINT ( 'NONE',  ( 0.5925397873600203300, 0.9999606299212597800, -0.8849455532568604200 ) ) ;
#4904 = CARTESIAN_POINT ( 'NONE',  ( 0.7263611013914480500, 1.000000000000050200, -0.8462067245400045600 ) ) ;
#4905 = CARTESIAN_POINT ( 'NONE',  ( 0.7360663521016060900, 1.000000000000050200, -0.8854706630791743200 ) ) ;
#4906 = EDGE_CURVE ( 'NONE', #2075, #4076, #2692, .T. ) ;
#4907 = CARTESIAN_POINT ( 'NONE',  ( 0.6514342255214308200, 1.000000000000000200, -0.8223660264594923100 ) ) ;
#4908 = CARTESIAN_POINT ( 'NONE',  ( 0.8114716212630150900, 0.9999606299212597800, -0.8980773596015574300 ) ) ;
#4909 = CARTESIAN_POINT ( 'NONE',  ( 0.6042353023857660600, 1.000000000000000000, -0.8557067656924960400 ) ) ;
#4910 = VERTEX_POINT ( 'NONE', #602 ) ;
#4911 = CARTESIAN_POINT ( 'NONE',  ( 0.5753453284274326900, 1.000000000000000000, -0.8074678958231482600 ) ) ;
#4912 = DIRECTION ( 'NONE',  ( -0.7071067811865413600, 0.7071067811865536800, 1.292536702527472000E-016 ) ) ;
#4913 = VERTEX_POINT ( 'NONE', #4548 ) ;
#4914 = CARTESIAN_POINT ( 'NONE',  ( 0.8749797046774119300, 1.000000000000000200, -0.8872126413494475500 ) ) ;
#4915 = CARTESIAN_POINT ( 'NONE',  ( 0.6557637605418399400, 0.9999606299212601100, -0.8475622904568324000 ) ) ;
#4916 = CARTESIAN_POINT ( 'NONE',  ( 0.8830773159976556000, 0.9999999999999998900, -0.8813758192757522600 ) ) ;
#4917 = CARTESIAN_POINT ( 'NONE',  ( 0.8467344470048331400, 0.9999606299212602200, -0.8136179477821795500 ) ) ;
#4918 = CARTESIAN_POINT ( 'NONE',  ( 0.6789530496082839500, 0.9999606299212597800, -0.8064356355539106200 ) ) ;
#4919 = CARTESIAN_POINT ( 'NONE',  ( 0.8792413525760162100, 0.9999606299212597800, -0.8851511263877236400 ) ) ;
#4920 = CARTESIAN_POINT ( 'NONE',  ( 0.7867674105770539100, 0.9999606299212597800, -0.8599951212019361100 ) ) ;
#4921 = CARTESIAN_POINT ( 'NONE',  ( 0.7591510181454752500, 0.9999999999999996700, -0.8017714978512661100 ) ) ;
#4922 = CARTESIAN_POINT ( 'NONE',  ( 0.7281080439041242000, 0.9999606299212598900, -0.8703354124218006800 ) ) ;
#4923 = CARTESIAN_POINT ( 'NONE',  ( 0.6046986637201606800, 1.000000000000000000, -0.8960746992842451000 ) ) ;
#4924 = CARTESIAN_POINT ( 'NONE',  ( 1.000000000000000000, 0.007874015748031721500, -2.603493823086943800E-017 ) ) ;
#4925 = VERTEX_POINT ( 'NONE', #1579 ) ;
#4926 = ADVANCED_FACE ( 'NONE', ( #5028 ), #5547, .T. ) ;
#4927 = ORIENTED_EDGE ( 'NONE', *, *, #4387, .F. ) ;
#4928 = CARTESIAN_POINT ( 'NONE',  ( 0.7266027879546889100, 1.000000000000000000, -0.8572514385046637900 ) ) ;
#4929 = CARTESIAN_POINT ( 'NONE',  ( 0.6686343943191821500, 0.9999606299212597800, -0.8428641307696548300 ) ) ;
#4930 = ORIENTED_EDGE ( 'NONE', *, *, #5147, .T. ) ;
#4931 = CARTESIAN_POINT ( 'NONE',  ( 0.6450097940506412900, 0.9999999999999996700, -0.8581957784438827300 ) ) ;
#4932 = EDGE_CURVE ( 'NONE', #3048, #1368, #1229, .T. ) ;
#4933 = CARTESIAN_POINT ( 'NONE',  ( 0.8734626995727002900, 0.9999606299212596700, -0.8875078634679095500 ) ) ;
#4934 = EDGE_CURVE ( 'NONE', #6250, #5568, #1455, .T. ) ;
#4935 = CARTESIAN_POINT ( 'NONE',  ( 0.7031560504275762300, 1.000000000000000200, -0.8119574852364183100 ) ) ;
#4936 = CARTESIAN_POINT ( 'NONE',  ( 0.6894833945840218600, 1.000000000000000200, -0.8109206522782754800 ) ) ;
#4937 = CARTESIAN_POINT ( 'NONE',  ( 0.6229267657078572100, 0.9999606299212595600, -0.8410944846509784700 ) ) ;
#4938 = DIRECTION ( 'NONE',  ( -0.0000000000000000000, 1.000000000000000000, -0.0000000000000000000 ) ) ;
#4939 = CARTESIAN_POINT ( 'NONE',  ( 0.6396911795164478300, 1.000000000000000000, -0.8284787859746635100 ) ) ;
#4940 = CC_DESIGN_PERSON_AND_ORGANIZATION_ASSIGNMENT ( #3998, #2819, ( #3936 ) ) ;
#4941 = LINE ( 'NONE', #4260, #4791 ) ;
#4942 = CARTESIAN_POINT ( 'NONE',  ( 0.7363327929195510000, 0.9999999999999995600, -0.8069195446151783400 ) ) ;
#4943 = VECTOR ( 'NONE', #642, 39.37007874015748100 ) ;
#4944 = CARTESIAN_POINT ( 'NONE',  ( 0.6239330119028114700, 1.000000000000000000, -0.8713418226216509400 ) ) ;
#4945 = ORIENTED_EDGE ( 'NONE', *, *, #5431, .T. ) ;
#4946 = LINE ( 'NONE', #129, #2310 ) ;
#4947 = CARTESIAN_POINT ( 'NONE',  ( 0.6883179918097366300, 1.000000000000000200, -0.8485528554286383400 ) ) ;
#4948 = ORIENTED_EDGE ( 'NONE', *, *, #1119, .F. ) ;
#4949 = CARTESIAN_POINT ( 'NONE',  ( 0.6209418533055242100, 0.9999606299212593400, -0.8057789127052834600 ) ) ;
#4950 = CARTESIAN_POINT ( 'NONE',  ( 0.8523590952101876000, 0.9999606299212601100, -0.8018480053517415000 ) ) ;
#4951 = ORIENTED_EDGE ( 'NONE', *, *, #1657, .T. ) ;
#4952 = CARTESIAN_POINT ( 'NONE',  ( 0.6465284954103279700, 0.9999606299212601100, -0.8556173394898913800 ) ) ;
#4953 = VECTOR ( 'NONE', #3658, 39.37007874015748100 ) ;
#4954 = VECTOR ( 'NONE', #3127, 39.37007874015748100 ) ;
#4955 = CARTESIAN_POINT ( 'NONE',  ( 0.8717224288142854100, 1.000000000000000000, -0.5063097178467925700 ) ) ;
#4956 = ADVANCED_FACE ( 'NONE', ( #86 ), #3431, .T. ) ;
#4957 = ORIENTED_EDGE ( 'NONE', *, *, #4826, .F. ) ;
#4958 = CARTESIAN_POINT ( 'NONE',  ( 0.6825490510928411400, 0.9999606299212601100, -0.7951495840248969900 ) ) ;
#4959 = LINE ( 'NONE', #3033, #1014 ) ;
#4960 = CARTESIAN_POINT ( 'NONE',  ( 0.6947990179039854600, 0.9999606299212596700, -0.8216116548735122900 ) ) ;
#4961 = ADVANCED_FACE ( 'NONE', ( #2389 ), #6175, .T. ) ;
#4962 = DIRECTION ( 'NONE',  ( 0.0000000000000000000, 1.000000000000000000, 0.0000000000000000000 ) ) ;
#4963 = CARTESIAN_POINT ( 'NONE',  ( 0.8579847362084968000, 1.000000000000000000, -0.8137952513296630200 ) ) ;
#4964 = CARTESIAN_POINT ( 'NONE',  ( 0.3331548727153805800, 0.9999606299212597800, -0.4971905738270271400 ) ) ;
#4965 = CARTESIAN_POINT ( 'NONE',  ( 0.6716589205868196400, 0.9999606299212597800, -0.8980773596015574300 ) ) ;
#4966 = VECTOR ( 'NONE', #3575, 39.37007874015748100 ) ;
#4967 = B_SPLINE_CURVE_WITH_KNOTS ( 'NONE', 3,
 ( #228, #6198, #4210, #1243, #4712, #1741, #5211, #2238, #5719, #2726, #6223, #3205, #292, #3728, #782, #4231, #1265, #4740, #1760 ),
 .UNSPECIFIED., .F., .F.,
 ( 4, 1, 1, 1, 1, 1, 1, 1, 1, 1, 1, 1, 1, 1, 1, 1, 4 ),
 ( 0.0000000000000000000, 0.05343513490584850300, 0.1055018598988582800, 0.1565256309121778000, 0.2081407567631196100, 0.2604235271861906100, 0.3144196021146532000, 0.3703210988382157900, 0.4295989642794054700, 0.4909858930407010000, 0.5540450368840156300, 0.6194960685752022300, 0.6873760664201034000, 0.7590855673415848300, 0.8350776171647551500, 0.9150204474840063500, 0.9999999999999998900 ),
 .UNSPECIFIED. ) ;
#4968 = DIRECTION ( 'NONE',  ( 0.0000000000000000000, -1.000000000000000000, 0.0000000000000000000 ) ) ;
#4969 = DIRECTION ( 'NONE',  ( 0.7588454441657024300, 0.0000000000000000000, -0.6512707515841301700 ) ) ;
#4970 = CARTESIAN_POINT ( 'NONE',  ( 1.000000000000000000, 0.007874015748031721500, -0.007874015748031584400 ) ) ;
#4971 = ORIENTED_EDGE ( 'NONE', *, *, #2329, .F. ) ;
#4972 = CARTESIAN_POINT ( 'NONE',  ( 0.8777300066325111100, 0.9999999999999996700, -0.8968301365384286900 ) ) ;
#4973 = EDGE_CURVE ( 'NONE', #3988, #1421, #6209, .T. ) ;
#4974 = CARTESIAN_POINT ( 'NONE',  ( 0.7867674105770539100, 0.9999606299212597800, -0.8599951212019361100 ) ) ;
#4975 = AXIS2_PLACEMENT_3D ( 'NONE', #3453, #1492, #4969 ) ;
#4976 = VERTEX_POINT ( 'NONE', #2676 ) ;
#4977 = CARTESIAN_POINT ( 'NONE',  ( 0.7456813391734713500, 1.000000000000000000, -0.8979861283347322400 ) ) ;
#4978 = ORIENTED_EDGE ( 'NONE', *, *, #2021, .F. ) ;
#4979 = CARTESIAN_POINT ( 'NONE',  ( 0.6160539280959932400, 1.000000000000000000, -0.8252573897307299300 ) ) ;
#4980 = CARTESIAN_POINT ( 'NONE',  ( 0.8553231624625676800, 0.9999606299212602200, -0.8586348151575420300 ) ) ;
#4981 = EDGE_LOOP ( 'NONE', ( #4587, #5755, #3576, #2689, #2426, #5950 ) ) ;
#4982 = CARTESIAN_POINT ( 'NONE',  ( 0.7024848151881814000, 0.9999606299212598900, -0.8722768179403940200 ) ) ;
#4983 = ADVANCED_FACE ( 'NONE', ( #4877 ), #1309, .T. ) ;
#4984 = CARTESIAN_POINT ( 'NONE',  ( 0.8969143988468566400, 0.9999606299212593400, -0.8266588453928458400 ) ) ;
#4985 = CARTESIAN_POINT ( 'NONE',  ( 0.7494138916855571700, 1.000000000000000000, -0.8069378428933818800 ) ) ;
#4986 = DIRECTION ( 'NONE',  ( -0.0000000000000000000, 0.0000000000000000000, -1.000000000000000000 ) ) ;
#4987 = CARTESIAN_POINT ( 'NONE',  ( 0.8717224288142854100, 0.9999606299212597800, -0.5063097178467925700 ) ) ;
#4988 = ORIENTED_EDGE ( 'NONE', *, *, #4932, .T. ) ;
#4989 = ORIENTED_EDGE ( 'NONE', *, *, #1604, .F. ) ;
#4990 = PLANE ( 'NONE',  #4687 ) ;
#4991 = CARTESIAN_POINT ( 'NONE',  ( 0.8956688830705426000, 0.9999999999999996700, -0.8751278672091245000 ) ) ;
#4992 = B_SPLINE_CURVE_WITH_KNOTS ( 'NONE', 3,
 ( #1188, #2655, #5672, #2674, #6174, #3164, #247, #3675, #732, #4183, #1211 ),
 .UNSPECIFIED., .F., .F.,
 ( 4, 1, 1, 1, 1, 1, 1, 1, 4 ),
 ( 0.0000000000000000000, 0.1337850715093809600, 0.2593853989987144300, 0.3808217004101771000, 0.4995309368699223400, 0.6183575741441208500, 0.7398956903217179800, 0.8662956414442503100, 1.000000000000000000 ),
 .UNSPECIFIED. ) ;
#4993 = CARTESIAN_POINT ( 'NONE',  ( 0.7031560504275762300, 0.9999606299212597800, -0.8119574852364183100 ) ) ;
#4994 = ORIENTED_EDGE ( 'NONE', *, *, #1327, .F. ) ;
#4995 = CARTESIAN_POINT ( 'NONE',  ( 0.6049776619751309200, 0.9999606299212597800, -0.8419145062737338800 ) ) ;
#4996 = ORIENTED_EDGE ( 'NONE', *, *, #1650, .F. ) ;
#4997 = CARTESIAN_POINT ( 'NONE',  ( 0.5753453284274326900, 0.9999606299212597800, -0.8074678958231482600 ) ) ;
#4998 = CARTESIAN_POINT ( 'NONE',  ( 0.5986694836872933400, 1.000000000000000000, -0.8428080802518546100 ) ) ;
#4999 = ORIENTED_EDGE ( 'NONE', *, *, #1367, .F. ) ;
#5000 = ORIENTED_EDGE ( 'NONE', *, *, #3042, .F. ) ;
#5001 = CARTESIAN_POINT ( 'NONE',  ( 0.8700394176332273400, 0.9999606299212598900, -0.8416443699736005900 ) ) ;
#5002 = CARTESIAN_POINT ( 'NONE',  ( 0.8599122113262484000, 0.9999606299212596700, -0.8332894872590538300 ) ) ;
#5003 = ORIENTED_EDGE ( 'NONE', *, *, #2318, .T. ) ;
#5004 = VERTEX_POINT ( 'NONE', #2276 ) ;
#5005 = CARTESIAN_POINT ( 'NONE',  ( 0.8805281437401661900, 0.9999606299212595600, -0.7973109012671345500 ) ) ;
#5006 = CARTESIAN_POINT ( 'NONE',  ( 0.7574536563208244000, 0.9999606299212506800, -0.8220605308019312000 ) ) ;
#5007 = CARTESIAN_POINT ( 'NONE',  ( 0.8733637839367578400, 0.9999606299212597800, -0.8416799762904679800 ) ) ;
#5008 = DIRECTION ( 'NONE',  ( -1.000000000000000000, 0.0000000000000000000, 2.220446049250312600E-016 ) ) ;
#5009 = DIRECTION ( 'NONE',  ( -0.7071067811865536800, 0.0000000000000000000, -0.7071067811865413600 ) ) ;
#5010 = CARTESIAN_POINT ( 'NONE',  ( 0.6133982375041472400, 0.9999606299212598900, -0.8705428795270832000 ) ) ;
#5011 = CALENDAR_DATE ( 2018, 15, 3 ) ;
#5012 = DIRECTION ( 'NONE',  ( -0.0000000000000000000, 1.000000000000000000, -0.0000000000000000000 ) ) ;
#5013 = CARTESIAN_POINT ( 'NONE',  ( 0.5954057336387677000, 1.000000000000000000, -0.8429242361439246400 ) ) ;
#5014 = ADVANCED_FACE ( 'NONE', ( #6045 ), #2210, .T. ) ;
#5015 = EDGE_CURVE ( 'NONE', #609, #1475, #2236, .T. ) ;
#5016 = DIRECTION ( 'NONE',  ( -0.0000000000000000000, 1.000000000000000000, -0.0000000000000000000 ) ) ;
#5017 = ORIENTED_EDGE ( 'NONE', *, *, #837, .F. ) ;
#5018 = FACE_OUTER_BOUND ( 'NONE', #241, .T. ) ;
#5019 = EDGE_CURVE ( 'NONE', #1489, #5812, #1073, .T. ) ;
#5020 = CARTESIAN_POINT ( 'NONE',  ( 0.8445473584937205300, 0.9999606299212597800, -0.8640782922372404200 ) ) ;
#5021 = CARTESIAN_POINT ( 'NONE',  ( 0.6910450940087514700, 0.9999606299212593400, -0.8733296929540944600 ) ) ;
#5022 = CARTESIAN_POINT ( 'NONE',  ( 0.8077783007285690400, 1.000000000000000000, -0.8757532888155724600 ) ) ;
#5023 = CARTESIAN_POINT ( 'NONE',  ( 0.6918560138355316400, 0.9999606299212597800, -0.8135101382745471000 ) ) ;
#5024 = CARTESIAN_POINT ( 'NONE',  ( 0.8486195660649202800, 1.000000000000000400, -0.8447413050377417000 ) ) ;
#5025 = ORIENTED_EDGE ( 'NONE', *, *, #99, .T. ) ;
#5026 = LINE ( 'NONE', #4575, #2532 ) ;
#5027 = DIRECTION ( 'NONE',  ( -0.7071067811865413600, 0.7071067811865536800, 1.570092458683761100E-016 ) ) ;
#5028 = FACE_OUTER_BOUND ( 'NONE', #2918, .T. ) ;
#5029 = CARTESIAN_POINT ( 'NONE',  ( 0.7263611013914480500, 1.000000000000050200, -0.8462067245400045600 ) ) ;
#5030 = DIRECTION ( 'NONE',  ( -0.0000000000000000000, 1.000000000000000000, -0.0000000000000000000 ) ) ;
#5031 = CARTESIAN_POINT ( 'NONE',  ( 0.7591906172531902600, 1.000000000000000000, -0.8462067245400044500 ) ) ;
#5032 = ORIENTED_EDGE ( 'NONE', *, *, #350, .T. ) ;
#5033 = VECTOR ( 'NONE', #3029, 39.37007874015748100 ) ;
#5034 = CARTESIAN_POINT ( 'NONE',  ( 0.8876315700130501500, 0.9999606299212596700, -0.8592524981677526200 ) ) ;
#5035 = CARTESIAN_POINT ( 'NONE',  ( 0.6411235382975615200, 0.9999606299212602200, -0.8176161403066490900 ) ) ;
#5036 = FACE_OUTER_BOUND ( 'NONE', #5077, .T. ) ;
#5037 = PLANE ( 'NONE',  #6018 ) ;
#5038 = CARTESIAN_POINT ( 'NONE',  ( 0.6087783734728206000, 1.000000000000000200, -0.8816971728274015700 ) ) ;
#5039 = CARTESIAN_POINT ( 'NONE',  ( 0.8872734672935782600, 0.9999606299212596700, -0.8411143239640732600 ) ) ;
#5040 = EDGE_LOOP ( 'NONE', ( #5191, #4129, #6082, #4427, #2944, #1987, #2700, #2361 ) ) ;
#5041 = LINE ( 'NONE', #2975, #3716 ) ;
#5042 = CARTESIAN_POINT ( 'NONE',  ( 0.7696795822596136400, 0.9999606299212598900, -0.8441133465142808300 ) ) ;
#5043 = CARTESIAN_POINT ( 'NONE',  ( 0.7044621993025367300, 0.9999606299212602200, -0.8316344196420100100 ) ) ;
#5044 = CARTESIAN_POINT ( 'NONE',  ( 0.6849701813840529700, 1.000000000000000900, -0.8825716328183858000 ) ) ;
#5045 = CARTESIAN_POINT ( 'NONE',  ( 0.6886126918660302500, 0.9999606299212597800, -0.8786832086940021800 ) ) ;
#5046 = VECTOR ( 'NONE', #1800, 39.37007874015748100 ) ;
#5047 = PLANE ( 'NONE',  #5522 ) ;
#5048 = CARTESIAN_POINT ( 'NONE',  ( 0.8445473584937205300, 0.9999606299212597800, -0.8640782922372404200 ) ) ;
#5049 = CARTESIAN_POINT ( 'NONE',  ( 0.8724103109306170500, 0.9999999999999998900, -0.8049720510771495300 ) ) ;
#5050 = CARTESIAN_POINT ( 'NONE',  ( 0.6697787916787173400, 0.9999606299212601100, -0.8862396426651335500 ) ) ;
#5051 = ADVANCED_FACE ( 'NONE', ( #4723 ), #5270, .F. ) ;
#5052 = DIRECTION ( 'NONE',  ( -0.0000000000000000000, 1.000000000000000000, -0.0000000000000000000 ) ) ;
#5053 = EDGE_LOOP ( 'NONE', ( #3170, #267, #2251, #6403 ) ) ;
#5054 = CARTESIAN_POINT ( 'NONE',  ( 0.6239330119028114700, 0.9999606299212597800, -0.8713418226216509400 ) ) ;
#5055 = CARTESIAN_POINT ( 'NONE',  ( 0.7295429712874305100, 1.000000000000000200, -0.7988487150862362300 ) ) ;
#5056 = CARTESIAN_POINT ( 'NONE',  ( 0.7370582341039939600, 0.9999606299212596700, -0.7949861067070274100 ) ) ;
#5057 = CARTESIAN_POINT ( 'NONE',  ( 0.5986781317981181300, 0.9999606299212597800, -0.8847830381176371400 ) ) ;
#5058 = EDGE_CURVE ( 'NONE', #741, #1005, #990, .T. ) ;
#5059 = CARTESIAN_POINT ( 'NONE',  ( 0.8721825944729531000, 1.000000000000000400, -0.8312469556619613800 ) ) ;
#5060 = EDGE_CURVE ( 'NONE', #6393, #5683, #4555, .T. ) ;
#5061 = CARTESIAN_POINT ( 'NONE',  ( 0.8916643220525432000, 0.9999606299212595600, -0.8846171352781907500 ) ) ;
#5062 = CARTESIAN_POINT ( 'NONE',  ( 0.8503389295132162100, 0.9999606299212597800, -0.5450458600068470700 ) ) ;
#5063 = CARTESIAN_POINT ( 'NONE',  ( 0.7591906172531902600, 1.000000000000000000, -0.8462067245400044500 ) ) ;
#5064 = CARTESIAN_POINT ( 'NONE',  ( 0.6727538656261655700, 0.9999606299212597800, -0.8862423786640982700 ) ) ;
#5065 = VERTEX_POINT ( 'NONE', #6309 ) ;
#5066 = CARTESIAN_POINT ( 'NONE',  ( 0.7591719235172166300, 0.9999606299212598900, -0.8481766129728355300 ) ) ;
#5067 = CARTESIAN_POINT ( 'NONE',  ( 0.6541985924895790100, 1.000000000000000000, -0.8484186114825773600 ) ) ;
#5068 = CARTESIAN_POINT ( 'NONE',  ( 0.8829327805566532500, 0.9999606299212593400, -0.8131877575610747500 ) ) ;
#5069 = CARTESIAN_POINT ( 'NONE',  ( 0.6590173265444062600, 0.9999999999999996700, -0.8828500764721840500 ) ) ;
#5070 = CARTESIAN_POINT ( 'NONE',  ( 0.8553231624625676800, 0.9999606299212602200, -0.8586348151575420300 ) ) ;
#5071 = ORIENTED_EDGE ( 'NONE', *, *, #4692, .F. ) ;
#5072 = CARTESIAN_POINT ( 'NONE',  ( 0.8702984618577465100, 0.9999606299212595600, -0.8875134920018761300 ) ) ;
#5073 = CARTESIAN_POINT ( 'NONE',  ( 0.6194204802863024800, 1.000000000000000000, -0.8563328561339163000 ) ) ;
#5074 = CARTESIAN_POINT ( 'NONE',  ( 0.7232586766456732300, 0.9999999999999996700, -0.8060140532822603900 ) ) ;
#5075 = CARTESIAN_POINT ( 'NONE',  ( 0.4549032392927833100, 1.000000000000000000, -0.1495303742652009700 ) ) ;
#5076 = DIRECTION ( 'NONE',  ( -2.184283870114846800E-013, 1.000000000000000000, 5.832245412038733000E-012 ) ) ;
#5077 = EDGE_LOOP ( 'NONE', ( #3527, #4280, #310, #873 ) ) ;
#5078 = DIRECTION ( 'NONE',  ( 0.7071067811865536800, -1.225145004162355400E-014, 0.7071067811865413600 ) ) ;
#5079 = ADVANCED_FACE ( 'NONE', ( #3216 ), #862, .T. ) ;
#5080 = CARTESIAN_POINT ( 'NONE',  ( 0.7456813391734713500, 1.000000000000000000, -0.8979861283347322400 ) ) ;
#5081 = CARTESIAN_POINT ( 'NONE',  ( 0.7176734541482449000, 0.9999606299212601100, -0.8219964590659389900 ) ) ;
#5082 = CARTESIAN_POINT ( 'NONE',  ( 0.8983765779892077800, 0.9999606299212596700, -0.8473829521205533700 ) ) ;
#5083 = CARTESIAN_POINT ( 'NONE',  ( 0.6433670921774113900, 0.9999606299212602200, -0.8789071725510412300 ) ) ;
#5084 = CARTESIAN_POINT ( 'NONE',  ( 0.7566552764864003000, 1.000000000000000400, -0.8738998763178732500 ) ) ;
#5085 = CARTESIAN_POINT ( 'NONE',  ( 0.7980334959504624700, 0.9999606299212597800, -0.8668645841094310100 ) ) ;
#5086 = CARTESIAN_POINT ( 'NONE',  ( 0.8882651919465388600, 0.9999999999999995600, -0.8304427248350855200 ) ) ;
#5087 = CARTESIAN_POINT ( 'NONE',  ( 0.6530978526151027800, 0.9999606299212602200, -0.8735267419030114900 ) ) ;
#5088 = ORIENTED_EDGE ( 'NONE', *, *, #3087, .T. ) ;
#5089 = CARTESIAN_POINT ( 'NONE',  ( 0.8599183846304743200, 1.000000000000000000, -0.8474938979335641100 ) ) ;
#5090 = CARTESIAN_POINT ( 'NONE',  ( 0.8553575789097765900, 0.9999606299212595600, -0.8685192550663595200 ) ) ;
#5091 = EDGE_LOOP ( 'NONE', ( #5886, #2785, #459, #6173 ) ) ;
#5092 = VECTOR ( 'NONE', #6184, 39.37007874015748900 ) ;
#5093 = CARTESIAN_POINT ( 'NONE',  ( 1.000000000000000200, 0.0000000000000000000, -1.000000000000000200 ) ) ;
#5094 = CARTESIAN_POINT ( 'NONE',  ( 0.6561264558947327300, 1.000000000000000200, -0.8598720105174545400 ) ) ;
#5095 = EDGE_CURVE ( 'NONE', #4079, #866, #1923, .T. ) ;
#5096 = CARTESIAN_POINT ( 'NONE',  ( 0.7159220089900183400, 0.9999606299212597800, -0.8394653487315413300 ) ) ;
#5097 = ORIENTED_EDGE ( 'NONE', *, *, #6121, .F. ) ;
#5098 = DIRECTION ( 'NONE',  ( 0.0000000000000000000, 0.0000000000000000000, -1.000000000000000000 ) ) ;
#5099 = VECTOR ( 'NONE', #1020, 39.37007874015748100 ) ;
#5100 = VECTOR ( 'NONE', #1083, 39.37007874015748100 ) ;
#5101 = CARTESIAN_POINT ( 'NONE',  ( 0.6629378324549066700, 0.9999999999999996700, -0.7955665980346918700 ) ) ;
#5102 = CARTESIAN_POINT ( 'NONE',  ( 0.6135133868226986300, 0.9999606299212598900, -0.8507253737139211000 ) ) ;
#5103 = EDGE_CURVE ( 'NONE', #3545, #2940, #781, .T. ) ;
#5104 = CARTESIAN_POINT ( 'NONE',  ( 0.7608703485404897400, 0.9999606299212598900, -0.8882553959720693700 ) ) ;
#5105 = VERTEX_POINT ( 'NONE', #2345 ) ;
#5106 = VERTEX_POINT ( 'NONE', #401 ) ;
#5107 = LINE ( 'NONE', #2147, #3621 ) ;
#5108 = VERTEX_POINT ( 'NONE', #6333 ) ;
#5109 = CARTESIAN_POINT ( 'NONE',  ( 0.7580819270917587000, 1.000000000000000200, -0.8666448187293492900 ) ) ;
#5110 = FACE_BOUND ( 'NONE', #4981, .T. ) ;
#5111 = CARTESIAN_POINT ( 'NONE',  ( 0.8962286454143275600, 1.000000000000000400, -0.8230337414079320600 ) ) ;
#5112 = CARTESIAN_POINT ( 'NONE',  ( 0.6705634188677653800, 0.9999606299212601100, -0.8980555919808617100 ) ) ;
#5113 = CARTESIAN_POINT ( 'NONE',  ( 0.7476315205446143500, 0.9999606299212597800, -0.8864379219105134000 ) ) ;
#5114 = CARTESIAN_POINT ( 'NONE',  ( 0.6220164356849976500, 0.9999606299212593400, -0.8817617522768566000 ) ) ;
#5115 = CARTESIAN_POINT ( 'NONE',  ( 0.6947781934609214000, 0.9999606299212597800, -0.8256139194255447400 ) ) ;
#5116 = ORIENTED_EDGE ( 'NONE', *, *, #6024, .T. ) ;
#5117 = CARTESIAN_POINT ( 'NONE',  ( 0.5451755236128935600, 1.000000000000000000, -0.1495303742652018300 ) ) ;
#5118 = VECTOR ( 'NONE', #6010, 39.37007874015748100 ) ;
#5119 = CARTESIAN_POINT ( 'NONE',  ( 0.8700394176332273400, 0.9999606299212598900, -0.8416443699736005900 ) ) ;
#5120 = CARTESIAN_POINT ( 'NONE',  ( 0.6944037785505704500, 0.9999999999999996700, -0.8276739361851062100 ) ) ;
#5121 = CARTESIAN_POINT ( 'NONE',  ( 0.7286491198649537300, 0.9999606299212596700, -0.8929540901942918400 ) ) ;
#5122 = CARTESIAN_POINT ( 'NONE',  ( 0.6640146431405655700, 1.000000000000000400, -0.8554662595488659000 ) ) ;
#5123 = VERTEX_POINT ( 'NONE', #888 ) ;
#5124 = CARTESIAN_POINT ( 'NONE',  ( 0.8656768300133385100, 1.000000000000000000, -0.8859286040094943600 ) ) ;
#5125 = LINE ( 'NONE', #4061, #28 ) ;
#5126 = CARTESIAN_POINT ( 'NONE',  ( 0.8563659842039478300, 0.9999606299212597800, -0.8205997021678452800 ) ) ;
#5127 = CARTESIAN_POINT ( 'NONE',  ( 0.6397463830742740100, 0.9999999999999998900, -0.8271982675647616700 ) ) ;
#5128 = CARTESIAN_POINT ( 'NONE',  ( 0.7611850694413494500, 0.9999606299212601100, -0.8044586174809665900 ) ) ;
#5129 = ORIENTED_EDGE ( 'NONE', *, *, #53, .F. ) ;
#5130 = CARTESIAN_POINT ( 'NONE',  ( 0.6160306509547960300, 0.9999606299212596700, -0.8261965344796447000 ) ) ;
#5131 = CARTESIAN_POINT ( 'NONE',  ( 0.7424065272688745700, 1.000000000000000000, -0.8875719145257998700 ) ) ;
#5132 = CARTESIAN_POINT ( 'NONE',  ( 0.8885835494369260800, 0.9999606299212592300, -0.8045583862513697700 ) ) ;
#5133 = CARTESIAN_POINT ( 'NONE',  ( 0.6022829081945659800, 1.000000000000000200, -0.8551919975959366700 ) ) ;
#5134 = CARTESIAN_POINT ( 'NONE',  ( 0.6629378324549066700, 0.9999606299212595600, -0.7955665980346918700 ) ) ;
#5135 = VERTEX_POINT ( 'NONE', #3324 ) ;
#5136 = CARTESIAN_POINT ( 'NONE',  ( 0.6887405234796995000, 1.000000000000000200, -0.8357348872261489700 ) ) ;
#5137 = CARTESIAN_POINT ( 'NONE',  ( 0.7881844153559058900, 0.9999606299212595600, -0.8726665543179125100 ) ) ;
#5138 = ORIENTED_EDGE ( 'NONE', *, *, #543, .T. ) ;
#5139 = CARTESIAN_POINT ( 'NONE',  ( 0.6676423017079092800, 0.9999999999999995600, -0.8859914549744271100 ) ) ;
#5140 = CARTESIAN_POINT ( 'NONE',  ( 0.6726770790721869900, 1.000000000000000200, -0.8417477499045265000 ) ) ;
#5141 = CARTESIAN_POINT ( 'NONE',  ( 0.8579847362084968000, 0.9999606299212597800, -0.8137952513296630200 ) ) ;
#5143 = DIRECTION ( 'NONE',  ( 1.000000000000000000, 0.0000000000000000000, -2.603493823086944100E-017 ) ) ;
#5142 = AXIS2_PLACEMENT_3D ( 'NONE', #5521, #2537, #6023 ) ;
#5144 = EDGE_LOOP ( 'NONE', ( #450, #6111, #4349, #1740 ) ) ;
#5145 = CARTESIAN_POINT ( 'NONE',  ( 0.8550528035694782100, 1.000000000000000000, -0.8633191096829375700 ) ) ;
#5146 = CARTESIAN_POINT ( 'NONE',  ( 0.7286491198649537300, 0.9999999999999998900, -0.8929540901942918400 ) ) ;
#5147 = EDGE_CURVE ( 'NONE', #5105, #5487, #1769, .T. ) ;
#5148 = CARTESIAN_POINT ( 'NONE',  ( 0.7951062483221902300, 1.000000000000000400, -0.8647372066435508000 ) ) ;
#5149 = EDGE_CURVE ( 'NONE', #3607, #5989, #339, .T. ) ;
#5150 = ORIENTED_EDGE ( 'NONE', *, *, #1440, .F. ) ;
#5151 = CARTESIAN_POINT ( 'NONE',  ( 0.6614173228346494900, 1.330708661417324900, -0.3385826771653505700 ) ) ;
#5152 = ORIENTED_EDGE ( 'NONE', *, *, #3005, .T. ) ;
#5153 = CARTESIAN_POINT ( 'NONE',  ( 0.6147938318202858000, 0.9999606299212598900, -0.8330073876172388000 ) ) ;
#5154 = CARTESIAN_POINT ( 'NONE',  ( 0.8787255636175354000, 1.000000000000000200, -0.7964150733112818100 ) ) ;
#5155 = CARTESIAN_POINT ( 'NONE',  ( 0.6257288035126588000, 0.9999606299212592300, -0.8166496959849863800 ) ) ;
#5156 = CARTESIAN_POINT ( 'NONE',  ( 0.6469537816275136000, 1.000000000000000400, -0.8058925502633530500 ) ) ;
#5157 = ORIENTED_EDGE ( 'NONE', *, *, #3199, .T. ) ;
#5158 = CARTESIAN_POINT ( 'NONE',  ( 0.6755611090386211000, 0.9999606299212596700, -0.8409048235608033200 ) ) ;
#5159 = CARTESIAN_POINT ( 'NONE',  ( 0.8473608304682381800, 1.000000000000000000, -0.8474726407326079700 ) ) ;
#5160 = EDGE_LOOP ( 'NONE', ( #2732, #2964, #2612 ) ) ;
#5161 = CARTESIAN_POINT ( 'NONE',  ( 0.6528735474437816800, 0.9999999999999996700, -0.8718543551348596500 ) ) ;
#5162 = CARTESIAN_POINT ( 'NONE',  ( 0.8690545515836736200, 1.000000000000000200, -0.8048851173598399200 ) ) ;
#5163 = ORIENTED_EDGE ( 'NONE', *, *, #3925, .F. ) ;
#5164 = DIRECTION ( 'NONE',  ( -0.0000000000000000000, 1.000000000000000000, -0.0000000000000000000 ) ) ;
#5165 = CARTESIAN_POINT ( 'NONE',  ( 0.6903876711850096500, 0.9999606299212595600, -0.8344412118724970900 ) ) ;
#5166 = VERTEX_POINT ( 'NONE', #5332 ) ;
#5167 = CARTESIAN_POINT ( 'NONE',  ( 0.7053502112399326900, 1.000000000000000000, -0.8237800615169516000 ) ) ;
#5168 = B_SPLINE_CURVE_WITH_KNOTS ( 'NONE', 3,
 ( #2174, #6042, #714, #4163, #1193, #4669, #1697, #5165, #2194, #5676, #2678, #6177, #3168, #252, #3680, #736, #4188, #1215, #4689 ),
 .UNSPECIFIED., .F., .F.,
 ( 4, 1, 1, 1, 1, 1, 1, 1, 1, 1, 1, 1, 1, 1, 1, 1, 4 ),
 ( 0.0000000000000000000, 0.06282749138135876300, 0.1223726895779769400, 0.1803837658619590900, 0.2364891989894693500, 0.2926289502320361700, 0.3503980605968385300, 0.4101926792197949100, 0.4734229773823764300, 0.5102124852509630800, 0.5552799601987793400, 0.6084730122619760300, 0.6698570376582453400, 0.7400379641843817200, 0.8179174674906487500, 0.9048122599055238300, 1.000000000000000000 ),
 .UNSPECIFIED. ) ;
#5169 = CARTESIAN_POINT ( 'NONE',  ( 0.6129072647463760200, 0.9999606299212598900, -0.8645376743504533700 ) ) ;
#5170 = CARTESIAN_POINT ( 'NONE',  ( 0.6121567954317552700, 0.9999606299212597800, -0.8623564446860873000 ) ) ;
#5171 = CARTESIAN_POINT ( 'NONE',  ( 0.7635055584417253000, 0.9999606299212597800, -0.8838884064323405700 ) ) ;
#5172 = ORIENTED_EDGE ( 'NONE', *, *, #5231, .F. ) ;
#5173 = DATE_AND_TIME ( #70, #1369 ) ;
#5174 = CARTESIAN_POINT ( 'NONE',  ( 0.5954057336387677000, 0.9999606299212597800, -0.8429242361439246400 ) ) ;
#5175 = CARTESIAN_POINT ( 'NONE',  ( 0.6209066193069477900, 1.000000000000000400, -0.8440877231125265600 ) ) ;
#5176 = DIRECTION ( 'NONE',  ( 0.0000000000000000000, -1.000000000000000000, 0.0000000000000000000 ) ) ;
#5177 = CARTESIAN_POINT ( 'NONE',  ( 0.6134782186329420500, 1.000000000000000000, -0.7990323723130885500 ) ) ;
#5178 = CARTESIAN_POINT ( 'NONE',  ( 0.6397463830742740100, 0.9999606299212596700, -0.8271982675647616700 ) ) ;
#5179 = LINE ( 'NONE', #6090, #1218 ) ;
#5180 = ORIENTED_EDGE ( 'NONE', *, *, #1192, .T. ) ;
#5181 = CARTESIAN_POINT ( 'NONE',  ( 0.8717137828693124500, 0.9999606299212597800, -0.8416105923193604200 ) ) ;
#5182 = VECTOR ( 'NONE', #5287, 39.37007874015748100 ) ;
#5183 = CARTESIAN_POINT ( 'NONE',  ( 0.8788083428952134800, 0.9999606299212602200, -0.8080286842144124300 ) ) ;
#5184 = ORIENTED_EDGE ( 'NONE', *, *, #4233, .F. ) ;
#5185 = CARTESIAN_POINT ( 'NONE',  ( 0.6577106148514552100, 0.9999606299212597800, -0.8817945838018067500 ) ) ;
#5186 = VERTEX_POINT ( 'NONE', #4361 ) ;
#5187 = EDGE_CURVE ( 'NONE', #5450, #121, #471, .T. ) ;
#5188 = LINE ( 'NONE', #5532, #3862 ) ;
#5189 = CARTESIAN_POINT ( 'NONE',  ( 0.8740925454601735600, 1.000000000000000200, -0.8977704844281928500 ) ) ;
#5190 = VECTOR ( 'NONE', #2995, 39.37007874015748100 ) ;
#5191 = ORIENTED_EDGE ( 'NONE', *, *, #1158, .T. ) ;
#5192 = EDGE_CURVE ( 'NONE', #1303, #6172, #621, .T. ) ;
#5193 = LINE ( 'NONE', #3974, #3707 ) ;
#5194 = CARTESIAN_POINT ( 'NONE',  ( 0.7447082738952831600, 0.9999606299212595600, -0.8048997695949413600 ) ) ;
#5195 = DIRECTION ( 'NONE',  ( 1.000000000000000000, 0.0000000000000000000, -2.431065006200951800E-014 ) ) ;
#5196 = VECTOR ( 'NONE', #1486, 39.37007874015748100 ) ;
#5197 = CARTESIAN_POINT ( 'NONE',  ( 0.7696351792608845400, 1.000000000000000000, -0.8528598462571084200 ) ) ;
#5198 = AXIS2_PLACEMENT_3D ( 'NONE', #3058, #3565, #624 ) ;
#5199 = CARTESIAN_POINT ( 'NONE',  ( 0.6767254241646703000, 1.000000000000000200, -0.8062018013714773400 ) ) ;
#5200 = CARTESIAN_POINT ( 'NONE',  ( 0.7266067218255157800, 0.9999606299212513400, -0.8350735700142983800 ) ) ;
#5201 = VERTEX_POINT ( 'NONE', #1888 ) ;
#5202 = FACE_BOUND ( 'NONE', #3336, .T. ) ;
#5203 = CARTESIAN_POINT ( 'NONE',  ( 0.5985475852883267400, 0.9999606299212597800, -0.7956594493044308900 ) ) ;
#5204 = CARTESIAN_POINT ( 'NONE',  ( 0.6501966245922055100, 1.000000000000000000, -0.8297919666091332400 ) ) ;
#5205 = CARTESIAN_POINT ( 'NONE',  ( 0.8889082418019000900, 0.9999606299212597800, -0.8414669631874652800 ) ) ;
#5206 = VERTEX_POINT ( 'NONE', #6370 ) ;
#5207 = VECTOR ( 'NONE', #1086, 39.37007874015748100 ) ;
#5208 = CARTESIAN_POINT ( 'NONE',  ( 0.7556985537884063400, 0.9999606299212596700, -0.8767653454023955900 ) ) ;
#5209 = CARTESIAN_POINT ( 'NONE',  ( 0.8584959870609326600, 1.000000000000000000, -0.7968111645895826800 ) ) ;
#5210 = CARTESIAN_POINT ( 'NONE',  ( 0.8861922233487654600, 0.9999606299212596700, -0.8916053520651025000 ) ) ;
#5211 = CARTESIAN_POINT ( 'NONE',  ( 0.8793994208414481800, 1.000000000000000000, -0.8439151036147715100 ) ) ;
#5212 = CARTESIAN_POINT ( 'NONE',  ( 0.7696752812478786500, 0.9999606299212598900, -0.8484505897900496100 ) ) ;
#5213 = CARTESIAN_POINT ( 'NONE',  ( 0.7589485398321320600, 0.9999606299212602200, -0.8351620933605694600 ) ) ;
#5214 = CARTESIAN_POINT ( 'NONE',  ( 0.8599183846304743200, 1.000000000000000000, -0.8474938979335641100 ) ) ;
#5215 = CARTESIAN_POINT ( 'NONE',  ( 0.6842308433790740300, 1.000000000000000000, -0.8961211047467886300 ) ) ;
#5216 = ORIENTED_EDGE ( 'NONE', *, *, #224, .F. ) ;
#5217 = CARTESIAN_POINT ( 'NONE',  ( 0.5986781317981181300, 1.000000000000000000, -0.8847830381176371400 ) ) ;
#5218 = CARTESIAN_POINT ( 'NONE',  ( 0.8556970228262273900, 0.9999606299212598900, -0.8360618730774281900 ) ) ;
#5219 = CARTESIAN_POINT ( 'NONE',  ( 0.7309538796430028500, 1.000000000000050000, -0.8132684993912462400 ) ) ;
#5220 = CARTESIAN_POINT ( 'NONE',  ( 0.7274750440919751600, 0.9999606299212603400, -0.8257969152859044900 ) ) ;
#5221 = CARTESIAN_POINT ( 'NONE',  ( 0.6514342255214308200, 1.000000000000000200, -0.8223660264594923100 ) ) ;
#5222 = CARTESIAN_POINT ( 'NONE',  ( 0.8077653093004220100, 0.9999606299212596700, -0.8910139484482050300 ) ) ;
#5223 = ORIENTED_EDGE ( 'NONE', *, *, #5863, .T. ) ;
#5224 = EDGE_CURVE ( 'NONE', #477, #5971, #3995, .T. ) ;
#5225 = PLANE ( 'NONE',  #3049 ) ;
#5226 = DIRECTION ( 'NONE',  ( -1.000000000000000000, 0.0000000000000000000, 2.220446049250312600E-016 ) ) ;
#5227 = CARTESIAN_POINT ( 'NONE',  ( 0.8483226495973194000, 0.9999606299212597800, -0.8086155804131995900 ) ) ;
#5228 = CARTESIAN_POINT ( 'NONE',  ( 0.8938653285892127500, 0.9999999999999996700, -0.8802270320788387900 ) ) ;
#5229 = ORIENTED_EDGE ( 'NONE', *, *, #4186, .T. ) ;
#5230 = CARTESIAN_POINT ( 'NONE',  ( 0.6561264558947328400, 0.9999606299212598900, -0.8598720105174547700 ) ) ;
#5231 = EDGE_CURVE ( 'NONE', #5561, #5135, #4252, .T. ) ;
#5232 = ORIENTED_EDGE ( 'NONE', *, *, #3554, .F. ) ;
#5233 = CARTESIAN_POINT ( 'NONE',  ( 0.6427647263853990500, 0.9999999999999998900, -0.8761793525829777400 ) ) ;
#5234 = DIRECTION ( 'NONE',  ( 0.0000000000000000000, -0.0000000000000000000, 1.000000000000000000 ) ) ;
#5235 = EDGE_CURVE ( 'NONE', #5265, #444, #5742, .T. ) ;
#5236 = CARTESIAN_POINT ( 'NONE',  ( 0.8077783007285690400, 1.000000000000000000, -0.8757532888155724600 ) ) ;
#5237 = DIRECTION ( 'NONE',  ( -0.0000000000000000000, 1.000000000000000000, -0.0000000000000000000 ) ) ;
#5238 = CARTESIAN_POINT ( 'NONE',  ( 0.8667519349988569400, 0.9999999999999998900, -0.7943900400690612200 ) ) ;
#5239 = CARTESIAN_POINT ( 'NONE',  ( 0.7412405716125948200, 0.9999606299212507900, -0.8048968501197235600 ) ) ;
#5240 = VERTEX_POINT ( 'NONE', #6408 ) ;
#5241 = CARTESIAN_POINT ( 'NONE',  ( 0.7430220806912820600, 0.9999606299212507900, -0.8048415345542089300 ) ) ;
#5242 = CARTESIAN_POINT ( 'NONE',  ( 0.6650004775171559600, 0.9999606299212597800, -0.8076817356762992000 ) ) ;
#5243 = CARTESIAN_POINT ( 'NONE',  ( 0.6751322205417627000, 0.9999606299212596700, -0.8524327310249149000 ) ) ;
#5244 = CARTESIAN_POINT ( 'NONE',  ( 0.8885835494369260800, 0.9999999999999994400, -0.8045583862513697700 ) ) ;
#5245 = DIRECTION ( 'NONE',  ( -0.0000000000000000000, 1.000000000000000000, -0.0000000000000000000 ) ) ;
#5246 = DIRECTION ( 'NONE',  ( -0.0000000000000000000, 1.000000000000000000, -0.0000000000000000000 ) ) ;
#5247 = CARTESIAN_POINT ( 'NONE',  ( 0.5950163050540634400, 0.9999606299212597800, -0.8547505159370942800 ) ) ;
#5248 = CARTESIAN_POINT ( 'NONE',  ( 0.8981923697813524200, 0.9999606299212596700, -0.8578309781985583600 ) ) ;
#5249 = CARTESIAN_POINT ( 'NONE',  ( 0.6535427835380448500, 0.9999606299212596700, -0.8643097714588337000 ) ) ;
#5250 = FACE_OUTER_BOUND ( 'NONE', #1714, .T. ) ;
#5251 = CARTESIAN_POINT ( 'NONE',  ( 0.6522866879129681800, 0.9999606299212602200, -0.8921836204934608900 ) ) ;
#5252 = CARTESIAN_POINT ( 'NONE',  ( 0.6122636566274711800, 0.9999606299212601100, -0.8127666005617721900 ) ) ;
#5253 = B_SPLINE_CURVE_WITH_KNOTS ( 'NONE', 3,
 ( #6142, #210, #4144, #1177, #4650, #1675, #5148, #2177, #5659, #2661, #6159 ),
 .UNSPECIFIED., .F., .F.,
 ( 4, 1, 1, 1, 1, 1, 1, 1, 4 ),
 ( 0.0000000000000000000, 0.1115694784847078600, 0.2312276298721083500, 0.3616269854306208800, 0.5010346984701831200, 0.6401569435219167700, 0.7693287052360765500, 0.8892759623006144500, 1.000000000000000000 ),
 .UNSPECIFIED. ) ;
#5254 = CARTESIAN_POINT ( 'NONE',  ( 0.8071331229932925400, 1.000000000000000000, -0.8750106339074103000 ) ) ;
#5255 = LINE ( 'NONE', #2419, #4249 ) ;
#5256 =( LENGTH_UNIT ( ) NAMED_UNIT ( * ) SI_UNIT ( $, .METRE. ) );
#5257 = CARTESIAN_POINT ( 'NONE',  ( 0.8483226495973194000, 1.000000000000000200, -0.8086155804131995900 ) ) ;
#5258 = LINE ( 'NONE', #1038, #1299 ) ;
#5259 = CARTESIAN_POINT ( 'NONE',  ( 0.6835010340121726600, 0.9999999999999998900, -0.8835665539754844500 ) ) ;
#5260 = CARTESIAN_POINT ( 'NONE',  ( 0.7158556563156902600, 0.9999606299212597800, -0.8461656876451773000 ) ) ;
#5261 = ORIENTED_EDGE ( 'NONE', *, *, #2364, .F. ) ;
#5262 = VECTOR ( 'NONE', #5591, 39.37007874015748900 ) ;
#5263 = CARTESIAN_POINT ( 'NONE',  ( 0.6265593731717509200, 0.9999606299212597800, -0.8253394635203844500 ) ) ;
#5264 = ADVANCED_FACE ( 'NONE', ( #5410 ), #3913, .F. ) ;
#5265 = VERTEX_POINT ( 'NONE', #4920 ) ;
#5266 = FACE_OUTER_BOUND ( 'NONE', #2437, .T. ) ;
#5267 = CARTESIAN_POINT ( 'NONE',  ( 0.6666638833839867400, 1.000000000000000000, -0.4935097178467924300 ) ) ;
#5268 = EDGE_CURVE ( 'NONE', #4803, #5201, #3841, .T. ) ;
#5269 = CARTESIAN_POINT ( 'NONE',  ( 0.7032373149086510500, 0.9999606299212601100, -0.8351824492224735300 ) ) ;
#5270 = PLANE ( 'NONE',  #2196 ) ;
#5271 = CARTESIAN_POINT ( 'NONE',  ( 0.8446175711349951400, 0.9999606299212596700, -0.8678613061893713000 ) ) ;
#5272 = ORIENTED_EDGE ( 'NONE', *, *, #3846, .T. ) ;
#5273 = EDGE_CURVE ( 'NONE', #4223, #6393, #2763, .T. ) ;
#5274 = EDGE_LOOP ( 'NONE', ( #3529, #6242, #3897, #1703 ) ) ;
#5275 = CARTESIAN_POINT ( 'NONE',  ( 0.8804112493267007800, 1.000000000000000200, -0.8345045191145897800 ) ) ;
#5276 = VECTOR ( 'NONE', #2990, 39.37007874015748100 ) ;
#5277 = CC_DESIGN_DATE_AND_TIME_ASSIGNMENT ( #5173, #6319, ( #3936 ) ) ;
#5278 = CARTESIAN_POINT ( 'NONE',  ( 0.6684274489695495300, 1.000000000000000000, -0.8980131502559849400 ) ) ;
#5279 = DIRECTION ( 'NONE',  ( 0.4832823832550002300, 0.0000000000000000000, 0.8754645270000190900 ) ) ;
#5280 = CARTESIAN_POINT ( 'NONE',  ( 0.7894860355566486500, 0.9999606299212602200, -0.8612866139745392100 ) ) ;
#5281 = FACE_OUTER_BOUND ( 'NONE', #1223, .T. ) ;
#5282 = CARTESIAN_POINT ( 'NONE',  ( 0.6848363750575893200, 1.000000000000000200, -0.8079766832196494400 ) ) ;
#5283 = CARTESIAN_POINT ( 'NONE',  ( 0.6042353023857660600, 1.000000000000000000, -0.8557067656924960400 ) ) ;
#5284 = CARTESIAN_POINT ( 'NONE',  ( 0.5992689107175079900, 0.9999606299207706200, -0.8075018930812958300 ) ) ;
#5285 = CARTESIAN_POINT ( 'NONE',  ( 0.7184574184661182100, 1.000000000000000000, -0.8731997334145378300 ) ) ;
#5286 = CARTESIAN_POINT ( 'NONE',  ( 0.6561264558947328400, 0.9999606299212598900, -0.8598720105174547700 ) ) ;
#5287 = DIRECTION ( 'NONE',  ( -1.000000000000000000, -0.0000000000000000000, -0.0000000000000000000 ) ) ;
#5288 = DIRECTION ( 'NONE',  ( 1.000000000000000000, 0.0000000000000000000, -0.0000000000000000000 ) ) ;
#5289 = CARTESIAN_POINT ( 'NONE',  ( 0.6731986715816438100, 0.9999606299212601100, -0.8528991977963940000 ) ) ;
#5290 = CARTESIAN_POINT ( 'NONE',  ( 0.8673210394922951100, 0.9999606299212597800, -0.8049695657575235400 ) ) ;
#5291 = CARTESIAN_POINT ( 'NONE',  ( 0.7456813391734713500, 0.9999606299212597800, -0.8979861283347322400 ) ) ;
#5292 = CARTESIAN_POINT ( 'NONE',  ( 0.8502381839076294000, 0.9999999999999998900, -0.8866087376697329200 ) ) ;
#5293 = CARTESIAN_POINT ( 'NONE',  ( 0.6265593731717509200, 1.000000000000000000, -0.8253394635203844500 ) ) ;
#5294 = ORIENTED_EDGE ( 'NONE', *, *, #3683, .T. ) ;
#5295 = CARTESIAN_POINT ( 'NONE',  ( 0.6554922597164457600, 0.9999606299212598900, -0.8143243265443435000 ) ) ;
#5296 = CARTESIAN_POINT ( 'NONE',  ( 0.6711711597500239500, 0.9999606299212597800, -0.8533939291966209400 ) ) ;
#5297 = ADVANCED_FACE ( 'NONE', ( #162 ), #5440, .F. ) ;
#5298 = ORIENTED_EDGE ( 'NONE', *, *, #4472, .T. ) ;
#5299 = DIRECTION ( 'NONE',  ( 0.7588454441657023200, -0.0000000000000000000, -0.6512707515841301700 ) ) ;
#5300 = VERTEX_POINT ( 'NONE', #2443 ) ;
#5301 = APPLICATION_PROTOCOL_DEFINITION ( 'international standard', 'config_control_design', 1994, #1835 ) ;
#5302 = CARTESIAN_POINT ( 'NONE',  ( 0.8719189673434484300, 1.000000000000000200, -0.8875719145257999800 ) ) ;
#5303 = CARTESIAN_POINT ( 'NONE',  ( 0.005567769930602607300, 0.9976937541825708900, -0.9944322300693974000 ) ) ;
#5304 = CARTESIAN_POINT ( 'NONE',  ( 0.7310777562362259500, 0.9999606299212598900, -0.8948524420680580300 ) ) ;
#5305 = ORIENTED_EDGE ( 'NONE', *, *, #5268, .T. ) ;
#5306 = CARTESIAN_POINT ( 'NONE',  ( 0.7696795822596136400, 1.000000000000000200, -0.8441133465142808300 ) ) ;
#5307 = EDGE_CURVE ( 'NONE', #3435, #2609, #379, .T. ) ;
#5308 = CARTESIAN_POINT ( 'NONE',  ( 0.8779971081264639200, 0.9999606299212598900, -0.8430530991514039200 ) ) ;
#5309 = CARTESIAN_POINT ( 'NONE',  ( 0.6467583054170489300, 0.9999999999999998900, -0.8862016335510632900 ) ) ;
#5310 = CARTESIAN_POINT ( 'NONE',  ( 0.6866889124200469300, 0.9999999999999995600, -0.8491045496883568000 ) ) ;
#5311 = ORIENTED_EDGE ( 'NONE', *, *, #5737, .T. ) ;
#5312 = CARTESIAN_POINT ( 'NONE',  ( 0.5961920709996391100, 1.000000000000000000, -0.8967641789670877100 ) ) ;
#5313 = CARTESIAN_POINT ( 'NONE',  ( 0.8651663032808411000, 0.9999606299212596700, -0.8975422389250145000 ) ) ;
#5314 = CARTESIAN_POINT ( 'NONE',  ( 0.6147307117921548800, 1.000000000000000200, -0.8170013790600103600 ) ) ;
#5315 = ORIENTED_EDGE ( 'NONE', *, *, #2398, .F. ) ;
#5316 = CARTESIAN_POINT ( 'NONE',  ( 0.6666638833839867400, 0.9999606299212597800, -0.5063097178467925700 ) ) ;
#5317 = CARTESIAN_POINT ( 'NONE',  ( 0.8837718579538483800, 1.000000000000000200, -0.8148346871430812700 ) ) ;
#5318 = AXIS2_PLACEMENT_3D ( 'NONE', #3922, #5922, #4430 ) ;
#5319 = ORIENTED_EDGE ( 'NONE', *, *, #4273, .T. ) ;
#5320 = APPROVAL_ROLE ( '' ) ;
#5321 = CARTESIAN_POINT ( 'NONE',  ( 0.8671639997347014800, 0.9999606299212595600, -0.8866757914934329000 ) ) ;
#5322 = ADVANCED_FACE ( 'NONE', ( #1449, #3928, #2607 ), #3446, .F. ) ;
#5323 = CARTESIAN_POINT ( 'NONE',  ( 0.8445711133999717100, 0.9999606299212597800, -0.8653581919838978500 ) ) ;
#5324 = ORIENTED_EDGE ( 'NONE', *, *, #6245, .F. ) ;
#5325 = APPROVAL_DATE_TIME ( #234, #4279 ) ;
#5326 = CARTESIAN_POINT ( 'NONE',  ( 0.7645765423540037400, 0.9999606299212595600, -0.8110799030655851900 ) ) ;
#5327 = VERTEX_POINT ( 'NONE', #530 ) ;
#5328 = CARTESIAN_POINT ( 'NONE',  ( 0.8852670343849381500, 0.9999999999999998900, -0.8508359394587483600 ) ) ;
#5329 = CARTESIAN_POINT ( 'NONE',  ( 0.7027238499709933500, 0.9999606299212597800, -0.8678742050087543400 ) ) ;
#5330 = CARTESIAN_POINT ( 'NONE',  ( 0.8804112493267007800, 0.9999606299212598900, -0.8345045191145897800 ) ) ;
#5331 = VERTEX_POINT ( 'NONE', #2004 ) ;
#5332 = CARTESIAN_POINT ( 'NONE',  ( 0.8996638833839867300, 0.9999606299212597800, -0.4971061745397057400 ) ) ;
#5333 = CARTESIAN_POINT ( 'NONE',  ( 0.5969651958259719600, 0.9999606299212598900, -0.8967586442190086400 ) ) ;
#5334 = CARTESIAN_POINT ( 'NONE',  ( 0.6720077341928506500, 0.9999606299212597800, -0.8862587338913301400 ) ) ;
#5335 = VECTOR ( 'NONE', #5052, 39.37007874015748100 ) ;
#5336 = CARTESIAN_POINT ( 'NONE',  ( 0.6264451016766959800, 1.000000000000000400, -0.8209020992008628800 ) ) ;
#5337 = VECTOR ( 'NONE', #2049, 39.37007874015748100 ) ;
#5338 = CARTESIAN_POINT ( 'NONE',  ( 0.6238988370021716400, 1.000000000000000000, -0.8702246535228015400 ) ) ;
#5339 = LINE ( 'NONE', #3982, #4012 ) ;
#5340 = CARTESIAN_POINT ( 'NONE',  ( 0.7534242204327759000, 0.9999999999999995600, -0.8113555979265063600 ) ) ;
#5341 = EDGE_LOOP ( 'NONE', ( #1010, #5919, #5371, #479 ) ) ;
#5342 = CARTESIAN_POINT ( 'NONE',  ( 0.8589602023842906100, 1.000000000000000200, -0.8792351485641676200 ) ) ;
#5343 = VECTOR ( 'NONE', #1926, 39.37007874015748100 ) ;
#5344 = ORIENTED_EDGE ( 'NONE', *, *, #2811, .T. ) ;
#5345 = VECTOR ( 'NONE', #5441, 39.37007874015748100 ) ;
#5346 = CARTESIAN_POINT ( 'NONE',  ( 0.8502381839076294000, 0.9999606299212596700, -0.8866087376697329200 ) ) ;
#5347 = CARTESIAN_POINT ( 'NONE',  ( 0.7518575336188239000, 0.9999999999999996700, -0.7961033752799653300 ) ) ;
#5348 = AXIS2_PLACEMENT_3D ( 'NONE', #1047, #1538, #5009 ) ;
#5349 = ORIENTED_EDGE ( 'NONE', *, *, #4512, .T. ) ;
#5350 = CARTESIAN_POINT ( 'NONE',  ( 0.8878823194312205300, 0.9999606299212597800, -0.8643450320536171200 ) ) ;
#5351 = VECTOR ( 'NONE', #3436, 39.37007874015748100 ) ;
#5352 = CARTESIAN_POINT ( 'NONE',  ( 0.6842308433790740300, 0.9999606299212597800, -0.8961211047467886300 ) ) ;
#5354 = EDGE_CURVE ( 'NONE', #1077, #5546, #4685, .T. ) ;
#5353 = B_SPLINE_CURVE_WITH_KNOTS ( 'NONE', 3,
 ( #6343, #5323, #3845, #896, #4352, #1377, #4852, #1882, #5346, #2373, #5858, #2864, #6360, #3357, #432, #3870, #912, #4372, #1399 ),
 .UNSPECIFIED., .F., .F.,
 ( 4, 1, 1, 1, 1, 1, 1, 1, 1, 1, 1, 1, 1, 1, 1, 1, 4 ),
 ( 0.0000000000000000000, 0.08053600938051930200, 0.1575051715253419900, 0.2303941112024256400, 0.2998251517006285700, 0.3668016534130303400, 0.4313192642618368700, 0.4942183518431536000, 0.5563766225189574800, 0.6167198372247829600, 0.6743120428934187300, 0.7300136391601242900, 0.7839920870087014900, 0.8374046133593580100, 0.8906781981301905600, 0.9443899566616618100, 1.000000000000000000 ),
 .UNSPECIFIED. ) ;
#5355 = DIRECTION ( 'NONE',  ( 0.7071067811865474600, 0.0000000000000000000, 0.7071067811865474600 ) ) ;
#5356 = DIRECTION ( 'NONE',  ( 1.000000000000000000, 0.0000000000000000000, 0.0000000000000000000 ) ) ;
#5357 = CARTESIAN_POINT ( 'NONE',  ( 0.6082231859610588400, 0.9999999999999998900, -0.8951721702432013900 ) ) ;
#5358 = CARTESIAN_POINT ( 'NONE',  ( 0.8502381839076294000, 0.9999999999999998900, -0.8866087376697329200 ) ) ;
#5359 = EDGE_CURVE ( 'NONE', #1041, #5745, #5258, .T. ) ;
#5360 = CARTESIAN_POINT ( 'NONE',  ( 0.6010314402847351000, 1.000000000000000000, -0.7958390710345040200 ) ) ;
#5361 = EDGE_LOOP ( 'NONE', ( #5311, #233, #2970, #5860, #2290 ) ) ;
#5362 = VECTOR ( 'NONE', #3538, 39.37007874015748100 ) ;
#5363 = CARTESIAN_POINT ( 'NONE',  ( 0.7867674105770539100, 0.9999606299212597800, -0.8718137469121635100 ) ) ;
#5364 = CARTESIAN_POINT ( 'NONE',  ( 1.000000000000000200, 1.000000000000000000, -0.9921259842519685200 ) ) ;
#5365 = CARTESIAN_POINT ( 'NONE',  ( 0.8182837458043267200, 0.9999606299212597800, -0.7956492701129210800 ) ) ;
#5366 = VERTEX_POINT ( 'NONE', #5992 ) ;
#5367 = CARTESIAN_POINT ( 'NONE',  ( 0.8550668360381341600, 0.9999606299212595600, -0.8642158285513901200 ) ) ;
#5368 = PLANE ( 'NONE',  #2062 ) ;
#5369 = DIRECTION ( 'NONE',  ( 0.4832823832550039400, -0.0000000000000000000, 0.8754645270000170900 ) ) ;
#5370 = CARTESIAN_POINT ( 'NONE',  ( 0.8114716212630150900, 1.000000000000000000, -0.8980773596015574300 ) ) ;
#5371 = ORIENTED_EDGE ( 'NONE', *, *, #5192, .T. ) ;
#5372 = CARTESIAN_POINT ( 'NONE',  ( 0.7004193562225714500, 1.000000000000000000, -0.8803719249082165900 ) ) ;
#5373 = CARTESIAN_POINT ( 'NONE',  ( 0.6087783734728206000, 0.9999606299212598900, -0.8816971728274015700 ) ) ;
#5374 = CARTESIAN_POINT ( 'NONE',  ( 0.6220164356849976500, 0.9999606299212593400, -0.8817617522768566000 ) ) ;
#5375 = CARTESIAN_POINT ( 'NONE',  ( 0.8550528035694782100, 0.9999606299212597800, -0.8633191096829375700 ) ) ;
#5376 = CARTESIAN_POINT ( 'NONE',  ( 0.8503389295132162100, 1.000000000000000000, -0.5450458600068470700 ) ) ;
#5377 = EDGE_LOOP ( 'NONE', ( #735, #3804, #6384, #3681 ) ) ;
#5378 = CARTESIAN_POINT ( 'NONE',  ( 0.7986952297189544600, 1.000000000000000000, -0.8804823252543078100 ) ) ;
#5379 = CARTESIAN_POINT ( 'NONE',  ( 0.7269806898910006200, 0.9999606299212596700, -0.8621086984919109600 ) ) ;
#5380 = EDGE_LOOP ( 'NONE', ( #27, #4214, #5736 ) ) ;
#5381 = DIRECTION ( 'NONE',  ( -0.7071067811865536800, -0.7071067811865413600, 0.0000000000000000000 ) ) ;
#5382 = CARTESIAN_POINT ( 'NONE',  ( 0.8872433008300487600, 0.9999999999999998900, -0.8717910099948386100 ) ) ;
#5383 = CARTESIAN_POINT ( 'NONE',  ( 0.6686343943191821500, 1.000000000000000000, -0.8428641307696548300 ) ) ;
#5384 = EDGE_CURVE ( 'NONE', #3262, #1839, #112, .T. ) ;
#5385 = B_SPLINE_CURVE_WITH_KNOTS ( 'NONE', 3,
 ( #2713, #2221, #769, #4218, #1255, #4722, #1749, #5218, #2249, #5727, #2734, #6231, #3215, #300, #3737, #790, #4240, #1269, #4747 ),
 .UNSPECIFIED., .F., .F.,
 ( 4, 1, 1, 1, 1, 1, 1, 1, 1, 1, 1, 1, 1, 1, 1, 1, 4 ),
 ( 0.0000000000000000000, 0.05404122374562317400, 0.1069654310112304300, 0.1594539785943360200, 0.2125581879348216200, 0.2660930470173581400, 0.3215611914258257300, 0.3793275444253753100, 0.4402431090674896500, 0.5026657750326939400, 0.5664400990795688300, 0.6312763839525156200, 0.6984011148730701100, 0.7684817318052744600, 0.8417846445762228200, 0.9188064485756204400, 1.000000000000000000 ),
 .UNSPECIFIED. ) ;
#5386 = CARTESIAN_POINT ( 'NONE',  ( 0.8872433008300487600, 0.9999606299212596700, -0.8717910099948386100 ) ) ;
#5387 = EDGE_CURVE ( 'NONE', #347, #5524, #2458, .T. ) ;
#5388 = CARTESIAN_POINT ( 'NONE',  ( 0.8624271098903802900, 0.9999606299212602200, -0.7951925975796311200 ) ) ;
#5389 = DIRECTION ( 'NONE',  ( -0.0000000000000000000, 1.000000000000000000, -0.0000000000000000000 ) ) ;
#5390 = ORIENTED_EDGE ( 'NONE', *, *, #5149, .T. ) ;
#5391 = B_SPLINE_SURFACE_WITH_KNOTS ( 'NONE', 3, 1, ( 
 ( #4762, #5236 ),
 ( #1794, #5254 ),
 ( #2286, #5774 ),
 ( #2774, #6270 ),
 ( #3261, #340 ),
 ( #3772, #827 ),
 ( #4283, #1308 ),
 ( #4784, #1811 ),
 ( #5280, #2305 ),
 ( #5796, #2797 ),
 ( #6297, #3283 ) ),
 .UNSPECIFIED., .F., .F., .F.,
 ( 4, 1, 1, 1, 1, 1, 1, 1, 4 ),
 ( 2, 2 ),
 ( 0.0000000000000000000, 0.1115694784847078600, 0.2312276298721083500, 0.3616269854306208800, 0.5010346984701831200, 0.6401569435219167700, 0.7693287052360765500, 0.8892759623006144500, 1.000000000000000000 ),
 ( 0.0000000000000000000, 1.000000000000000000 ),
 .UNSPECIFIED. ) ;
#5392 = CARTESIAN_POINT ( 'NONE',  ( 0.8878657548066345400, 0.9999606299212598900, -0.8652210001013535000 ) ) ;
#5393 = CARTESIAN_POINT ( 'NONE',  ( 0.7696960623289479400, 1.000000000000000000, -0.8461656876451773000 ) ) ;
#5395 = CARTESIAN_POINT ( 'NONE',  ( 0.7346794697994044600, 1.000000000000050200, -0.8842411082064810500 ) ) ;
#5394 = AXIS2_PLACEMENT_3D ( 'NONE', #917, #5883, #2887 ) ;
#5396 = EDGE_LOOP ( 'NONE', ( #2138, #5184, #3910, #2877, #4580, #3710, #2113, #1225, #879, #5712, #4105, #5998, #2053, #973, #1011, #3813 ) ) ;
#5397 = ORIENTED_EDGE ( 'NONE', *, *, #2481, .F. ) ;
#5398 = CARTESIAN_POINT ( 'NONE',  ( 0.6538098077780515300, 1.000000000000000000, -0.8165978710663375200 ) ) ;
#5399 = AXIS2_PLACEMENT_3D ( 'NONE', #1630, #3146, #226 ) ;
#5400 = CARTESIAN_POINT ( 'NONE',  ( 0.6063073905767220100, 1.000000000000000000, -0.8564448798547910100 ) ) ;
#5401 = VERTEX_POINT ( 'NONE', #1573 ) ;
#5402 = CARTESIAN_POINT ( 'NONE',  ( 0.7375474601372531400, 1.000000000000000200, -0.8864175344476557000 ) ) ;
#5403 = EDGE_LOOP ( 'NONE', ( #816, #2936, #2497, #4702 ) ) ;
#5404 = PLANE ( 'NONE',  #4655 ) ;
#5405 = VECTOR ( 'NONE', #2039, 39.37007874015748100 ) ;
#5406 = CARTESIAN_POINT ( 'NONE',  ( 0.8724332113497621500, 1.000000000000000000, -0.8875505780064257800 ) ) ;
#5407 = CARTESIAN_POINT ( 'NONE',  ( 0.6541985924895790100, 0.9999606299212596700, -0.8484186114825773600 ) ) ;
#5408 = FACE_OUTER_BOUND ( 'NONE', #847, .T. ) ;
#5409 = CARTESIAN_POINT ( 'NONE',  ( 0.8818564079558396400, 1.000000000000000400, -0.8828200384979703100 ) ) ;
#5410 = FACE_OUTER_BOUND ( 'NONE', #2430, .T. ) ;
#5411 = CARTESIAN_POINT ( 'NONE',  ( 0.8459796534587462600, 0.9999606299212601100, -0.8183069775693829800 ) ) ;
#5412 = CARTESIAN_POINT ( 'NONE',  ( 0.6810512431395697700, 0.9999606299212597800, -0.8067878793116768400 ) ) ;
#5413 = ADVANCED_FACE ( 'NONE', ( #8 ), #5047, .F. ) ;
#5414 = CARTESIAN_POINT ( 'NONE',  ( 0.8764572739893171600, 0.9999606299212595600, -0.8867379963922861200 ) ) ;
#5415 = CARTESIAN_POINT ( 'NONE',  ( 0.1001548727153806400, 0.9999606299212597800, -0.5063941171341138600 ) ) ;
#5416 = CARTESIAN_POINT ( 'NONE',  ( 0.7544996343443635100, 1.000000000000000200, -0.7975905221162195000 ) ) ;
#5417 = VERTEX_POINT ( 'NONE', #1501 ) ;
#5418 = CARTESIAN_POINT ( 'NONE',  ( 0.7274446371132600200, 0.9999606299212597800, -0.8664752834510141000 ) ) ;
#5419 = ORIENTED_EDGE ( 'NONE', *, *, #5519, .T. ) ;
#5420 = LINE ( 'NONE', #1603, #325 ) ;
#5421 = ORIENTED_EDGE ( 'NONE', *, *, #2112, .F. ) ;
#5422 = CARTESIAN_POINT ( 'NONE',  ( 0.7264144129962814000, 0.9999999999999996700, -0.8404736962013050800 ) ) ;
#5423 = VECTOR ( 'NONE', #635, 39.37007874015748900 ) ;
#5424 = CARTESIAN_POINT ( 'NONE',  ( 0.6082231859610588400, 0.9999999999999998900, -0.8951721702432013900 ) ) ;
#5425 = ORIENTED_EDGE ( 'NONE', *, *, #6402, .T. ) ;
#5426 = CARTESIAN_POINT ( 'NONE',  ( 0.6731986715816438100, 1.000000000000000200, -0.8528991977963940000 ) ) ;
#5427 = CARTESIAN_POINT ( 'NONE',  ( 0.6396911795164478300, 0.9999606299212597800, -0.8284787859746635100 ) ) ;
#5428 = LINE ( 'NONE', #1873, #5594 ) ;
#5429 = CARTESIAN_POINT ( 'NONE',  ( 0.7263799172117476600, 1.000000000000000200, -0.8481560743057173800 ) ) ;
#5430 = CARTESIAN_POINT ( 'NONE',  ( 0.6437780563467289100, 1.000000000000000200, -0.8609701526192689000 ) ) ;
#5431 = EDGE_CURVE ( 'NONE', #5166, #4693, #6286, .T. ) ;
#5432 = ORIENTED_EDGE ( 'NONE', *, *, #4055, .T. ) ;
#5433 = FACE_OUTER_BOUND ( 'NONE', #5040, .T. ) ;
#5434 = CARTESIAN_POINT ( 'NONE',  ( 0.8724332113497621500, 0.9999606299212597800, -0.8875505780064257800 ) ) ;
#5435 = AXIS2_PLACEMENT_3D ( 'NONE', #3172, #3685, #739 ) ;
#5436 = CARTESIAN_POINT ( 'NONE',  ( 0.7013674529451978700, 1.000000000000000400, -0.8084278319214405200 ) ) ;
#5437 = CARTESIAN_POINT ( 'NONE',  ( 0.6907279292393070400, 1.000000000000000000, -0.8121841257378786800 ) ) ;
#5438 = EDGE_CURVE ( 'NONE', #4232, #4319, #4946, .T. ) ;
#5439 = CARTESIAN_POINT ( 'NONE',  ( 0.6257390876532752400, 0.9999606299212597800, -0.8338959204709851500 ) ) ;
#5440 = PLANE ( 'NONE',  #4191 ) ;
#5441 = DIRECTION ( 'NONE',  ( -0.0000000000000000000, 1.000000000000000000, -0.0000000000000000000 ) ) ;
#5442 = ORIENTED_EDGE ( 'NONE', *, *, #2687, .F. ) ;
#5443 = AXIS2_PLACEMENT_3D ( 'NONE', #3853, #1887, #5355 ) ;
#5444 = CARTESIAN_POINT ( 'NONE',  ( 0.7395274723931895000, 0.9999999999999998900, -0.8053454694345980600 ) ) ;
#5445 = ADVANCED_FACE ( 'NONE', ( #1144 ), #1317, .T. ) ;
#5446 = CARTESIAN_POINT ( 'NONE',  ( 0.8699491963917437300, 0.9999606299212597800, -0.8048415345542089300 ) ) ;
#5447 = VERTEX_POINT ( 'NONE', #4539 ) ;
#5448 = CARTESIAN_POINT ( 'NONE',  ( 0.6897561912056050500, 1.000000000000000000, -0.8479302741227458000 ) ) ;
#5449 = CARTESIAN_POINT ( 'NONE',  ( 0.6159609203236812200, 0.9999606299212596700, -0.8005960616393371600 ) ) ;
#5450 = VERTEX_POINT ( 'NONE', #4634 ) ;
#5451 = ADVANCED_FACE ( 'NONE', ( #3615 ), #1663, .T. ) ;
#5452 = CARTESIAN_POINT ( 'NONE',  ( 0.5959663680780896700, 0.9999999999999996700, -0.7956492701129210800 ) ) ;
#5453 = CARTESIAN_POINT ( 'NONE',  ( 0.6437780563467289100, 0.9999606299212598900, -0.8609701526192689000 ) ) ;
#5454 = DIRECTION ( 'NONE',  ( 0.7588454441657008800, -0.0000000000000000000, -0.6512707515841318400 ) ) ;
#5455 = CARTESIAN_POINT ( 'NONE',  ( 0.8071331229932925400, 0.9999606299212597800, -0.8750106339074103000 ) ) ;
#5456 = VERTEX_POINT ( 'NONE', #1590 ) ;
#5457 = CARTESIAN_POINT ( 'NONE',  ( 0.6781463488561152400, 0.9999606299212595600, -0.7944506803611857100 ) ) ;
#5458 = CARTESIAN_POINT ( 'NONE',  ( 0.6948292777281017700, 0.9999606299212597800, -0.8228423537954222500 ) ) ;
#5459 = CARTESIAN_POINT ( 'NONE',  ( 0.8550528035694782100, 0.9999606299212597800, -0.8633191096829375700 ) ) ;
#5460 = VERTEX_POINT ( 'NONE', #3136 ) ;
#5461 = CARTESIAN_POINT ( 'NONE',  ( 0.8608106243658145700, 1.000000000000000000, -0.8087681238050392600 ) ) ;
#5462 = DIRECTION ( 'NONE',  ( -0.0000000000000000000, 1.000000000000000000, -0.0000000000000000000 ) ) ;
#5463 = CARTESIAN_POINT ( 'NONE',  ( 0.8563659842039478300, 1.000000000000000000, -0.8205997021678452800 ) ) ;
#5464 = ORIENTED_EDGE ( 'NONE', *, *, #5705, .T. ) ;
#5465 = CARTESIAN_POINT ( 'NONE',  ( 0.3331548727153805800, 0.9999606299212597800, -0.4971905738270271400 ) ) ;
#5466 = CARTESIAN_POINT ( 'NONE',  ( 0.8996638833839867300, 1.000000000000000000, -0.5027132611538789300 ) ) ;
#5467 = CARTESIAN_POINT ( 'NONE',  ( 0.8717137828693124500, 0.9999606299212597800, -0.8416105923193604200 ) ) ;
#5468 = ORIENTED_EDGE ( 'NONE', *, *, #959, .F. ) ;
#5469 = B_SPLINE_SURFACE_WITH_KNOTS ( 'NONE', 3, 1, ( 
 ( #3604, #4118 ),
 ( #4618, #1645 ),
 ( #5115, #2136 ),
 ( #5626, #2629 ),
 ( #6130, #3118 ),
 ( #202, #3628 ),
 ( #685, #4136 ),
 ( #1169, #4638 ),
 ( #1665, #5136 ),
 ( #2165, #5645 ),
 ( #2650, #6152 ),
 ( #3139, #219 ),
 ( #3650, #706 ),
 ( #4154, #1185 ),
 ( #4662, #1686 ),
 ( #5158, #2186 ),
 ( #5667, #2671 ),
 ( #6170, #3159 ),
 ( #242, #3671 ) ),
 .UNSPECIFIED., .F., .F., .F.,
 ( 4, 1, 1, 1, 1, 1, 1, 1, 1, 1, 1, 1, 1, 1, 1, 1, 4 ),
 ( 2, 2 ),
 ( 0.0000000000000000000, 0.06282749138135876300, 0.1223726895779769400, 0.1803837658619590900, 0.2364891989894693500, 0.2926289502320361700, 0.3503980605968385300, 0.4101926792197949100, 0.4734229773823764300, 0.5102124852509630800, 0.5552799601987793400, 0.6084730122619760300, 0.6698570376582453400, 0.7400379641843817200, 0.8179174674906487500, 0.9048122599055238300, 1.000000000000000000 ),
 ( 0.0000000000000000000, 1.000000000000000000 ),
 .UNSPECIFIED. ) ;
#5470 = DIRECTION ( 'NONE',  ( -2.588468560379661600E-013, 1.000000000000000000, 3.406370882347437300E-012 ) ) ;
#5471 = CARTESIAN_POINT ( 'NONE',  ( 0.8812177739919306900, 0.9999999999999996700, -0.8951932128304741500 ) ) ;
#5472 = B_SPLINE_CURVE_WITH_KNOTS ( 'NONE', 3,
 ( #596, #6026, #6006, #4043, #1082, #4538, #1572, #5045, #2066, #5549, #2565, #6056, #3052, #128, #3559, #616, #4065, #1103, #4566 ),
 .UNSPECIFIED., .F., .F.,
 ( 4, 1, 1, 1, 1, 1, 1, 1, 1, 1, 1, 1, 1, 1, 1, 1, 4 ),
 ( 0.0000000000000000000, 0.07657281352907691100, 0.1493228985313962400, 0.2172186749416063200, 0.2820872493082846000, 0.3432655771108262800, 0.4022310899227234400, 0.4584773865507844600, 0.5141512058041767300, 0.5690726415643321300, 0.6243527363272800600, 0.6811913672928025000, 0.7394041584491256600, 0.7998297883091689500, 0.8628307336450742300, 0.9296455439554858200, 1.000000000000000000 ),
 .UNSPECIFIED. ) ;
#5473 = ORIENTED_EDGE ( 'NONE', *, *, #806, .F. ) ;
#5474 = CARTESIAN_POINT ( 'NONE',  ( 0.3331548727153805800, 1.000000000000000000, -0.4971905738270271400 ) ) ;
#5475 = ADVANCED_FACE ( 'NONE', ( #6131 ), #1350, .T. ) ;
#5476 = EDGE_CURVE ( 'NONE', #4437, #20, #1217, .T. ) ;
#5477 = EDGE_CURVE ( 'NONE', #4345, #591, #88, .T. ) ;
#5478 = CARTESIAN_POINT ( 'NONE',  ( 0.7510174268784227700, 1.000000000000000400, -0.8966395703223569700 ) ) ;
#5479 = CARTESIAN_POINT ( 'NONE',  ( 0.6147938318202858000, 1.000000000000000200, -0.8330073876172388000 ) ) ;
#5480 = CARTESIAN_POINT ( 'NONE',  ( 0.8562457707875206200, 0.9999606299212597800, -0.8544154026743598900 ) ) ;
#5481 = CARTESIAN_POINT ( 'NONE',  ( 0.8693746798641631700, 0.9999606299212597800, -0.8311051472436028500 ) ) ;
#5482 = APPROVAL_PERSON_ORGANIZATION ( #393, #4279, #5818 ) ;
#5483 = CARTESIAN_POINT ( 'NONE',  ( 0.7027238499709933500, 0.9999606299212597800, -0.8678742050087543400 ) ) ;
#5484 = CARTESIAN_POINT ( 'NONE',  ( 0.8954751561459003400, 0.9999606299212592300, -0.8196881793505389500 ) ) ;
#5485 = VECTOR ( 'NONE', #3477, 39.37007874015748900 ) ;
#5486 = CARTESIAN_POINT ( 'NONE',  ( 0.7508184490866198800, 0.9999999999999998900, -0.8081503105965957000 ) ) ;
#5487 = VERTEX_POINT ( 'NONE', #2268 ) ;
#5488 = LINE ( 'NONE', #581, #1522 ) ;
#5489 = DIRECTION ( 'NONE',  ( -0.0000000000000000000, 1.000000000000000000, -0.0000000000000000000 ) ) ;
#5490 = DIRECTION ( 'NONE',  ( 1.000000000000000000, 0.0000000000000000000, 0.0000000000000000000 ) ) ;
#5491 = CARTESIAN_POINT ( 'NONE',  ( 0.8970065035405315700, 1.000000000000000000, -0.8690280415168176700 ) ) ;
#5492 = FACE_OUTER_BOUND ( 'NONE', #5396, .T. ) ;
#5493 = FACE_OUTER_BOUND ( 'NONE', #2327, .T. ) ;
#5494 = CARTESIAN_POINT ( 'NONE',  ( 0.6991785979712671400, 0.9999606299212596700, -0.8051781656967271800 ) ) ;
#5495 = CARTESIAN_POINT ( 'NONE',  ( 0.6036040513317667600, 0.9999606299212601100, -0.8421973157948771100 ) ) ;
#5496 = CARTESIAN_POINT ( 'NONE',  ( 0.5950163050540634400, 1.000000000000000000, -0.8547505159370942800 ) ) ;
#5497 = LINE ( 'NONE', #1484, #91 ) ;
#5498 = DIRECTION ( 'NONE',  ( 1.000000000000000000, 0.0000000000000000000, 0.0000000000000000000 ) ) ;
#5499 = VECTOR ( 'NONE', #4341, 39.37007874015748100 ) ;
#5500 = CARTESIAN_POINT ( 'NONE',  ( 0.5954057336387677000, 1.000000000000000000, -0.8429242361439246400 ) ) ;
#5501 = B_SPLINE_SURFACE_WITH_KNOTS ( 'NONE', 3, 1, ( 
 ( #284, #5204 ),
 ( #772, #4221 ),
 ( #1258, #4727 ),
 ( #1753, #5221 ),
 ( #2254, #5730 ),
 ( #2737, #6234 ),
 ( #3219, #304 ),
 ( #3740, #795 ),
 ( #4243, #1272 ),
 ( #4750, #1773 ),
 ( #5242, #2269 ),
 ( #5758, #2751 ),
 ( #6257, #3244 ),
 ( #323, #3758 ),
 ( #815, #4266 ) ),
 .UNSPECIFIED., .F., .F., .F.,
 ( 4, 1, 1, 1, 1, 1, 1, 1, 1, 1, 1, 1, 4 ),
 ( 2, 2 ),
 ( 0.0000000000000000000, 0.1067133849812022900, 0.2023827530813263900, 0.2879881362754695400, 0.3651321209974012800, 0.4381553218526827400, 0.5114419818683988400, 0.5870934926508703000, 0.6659855935524721100, 0.7468394073744428800, 0.8288800136248049000, 0.9125295864996455500, 0.9999999999999998900 ),
 ( 0.0000000000000000000, 1.000000000000000000 ),
 .UNSPECIFIED. ) ;
#5502 = CARTESIAN_POINT ( 'NONE',  ( 0.8717137828693124500, 0.9999606299212597800, -0.8416105923193604200 ) ) ;
#5503 = CARTESIAN_POINT ( 'NONE',  ( 0.5064393814528370700, 0.9999606299212597800, -0.1281468749641309100 ) ) ;
#5504 = CARTESIAN_POINT ( 'NONE',  ( 0.8577491969635419000, 0.9999606299212596700, -0.8345251062815071100 ) ) ;
#5505 = DIRECTION ( 'NONE',  ( 0.0000000000000000000, 0.0000000000000000000, 1.000000000000000000 ) ) ;
#5506 = ORIENTED_EDGE ( 'NONE', *, *, #2441, .F. ) ;
#5507 = LINE ( 'NONE', #3948, #5351 ) ;
#5508 = ADVANCED_FACE ( 'NONE', ( #998 ), #1359, .T. ) ;
#5509 = CARTESIAN_POINT ( 'NONE',  ( 0.8768990587538401100, 0.9999606299212597800, -0.7956336511289957600 ) ) ;
#5510 = CARTESIAN_POINT ( 'NONE',  ( 0.7581023423194213100, 0.9999606299212509000, -0.8259323101431755900 ) ) ;
#5511 = CARTESIAN_POINT ( 'NONE',  ( 0.8765077275525804400, 0.9999606299212596700, -0.8424338289925144000 ) ) ;
#5512 = CARTESIAN_POINT ( 'NONE',  ( 0.6662842395588242100, 0.9999606299212598900, -0.7948522497522140200 ) ) ;
#5513 = ORIENTED_EDGE ( 'NONE', *, *, #5913, .F. ) ;
#5514 = EDGE_LOOP ( 'NONE', ( #2905, #4262, #579, #392 ) ) ;
#5515 = CARTESIAN_POINT ( 'NONE',  ( 0.6695865573980470700, 1.000000000000000000, -0.8425954777952127100 ) ) ;
#5516 = LINE ( 'NONE', #5117, #2554 ) ;
#5517 = CARTESIAN_POINT ( 'NONE',  ( 0.6133420475150623800, 0.9999606299212596700, -0.8721963385797724100 ) ) ;
#5518 = EDGE_CURVE ( 'NONE', #5065, #3155, #2150, .T. ) ;
#5519 = EDGE_CURVE ( 'NONE', #4506, #6393, #3452, .T. ) ;
#5520 = CARTESIAN_POINT ( 'NONE',  ( 0.5947147427858607800, 1.000000000000000000, -0.8429237729538301400 ) ) ;
#5521 = CARTESIAN_POINT ( 'NONE',  ( 0.9921259842519686300, 0.007874015748031721500, -1.000000000000000200 ) ) ;
#5522 = AXIS2_PLACEMENT_3D ( 'NONE', #5503, #2067, #5550 ) ;
#5523 = VERTEX_POINT ( 'NONE', #5303 ) ;
#5524 = VERTEX_POINT ( 'NONE', #2822 ) ;
#5525 = CARTESIAN_POINT ( 'NONE',  ( 0.6903797008186163300, 0.9999606299212598900, -0.8752796492165058100 ) ) ;
#5526 = B_SPLINE_SURFACE_WITH_KNOTS ( 'NONE', 3, 1, ( 
 ( #1900, #1419 ),
 ( #1919, #5383 ),
 ( #2416, #5900 ),
 ( #2901, #6399 ),
 ( #3398, #467 ),
 ( #3905, #955 ),
 ( #4413, #1433 ),
 ( #4915, #1942 ),
 ( #5407, #2434 ),
 ( #5925, #2921 ),
 ( #6419, #3417 ),
 ( #492, #3924 ),
 ( #974, #4431 ),
 ( #1458, #4931 ),
 ( #1960, #5430 ),
 ( #2455, #5943 ),
 ( #2942, #17 ),
 ( #3438, #509 ),
 ( #3950, #991 ) ),
 .UNSPECIFIED., .F., .F., .F.,
 ( 4, 1, 1, 1, 1, 1, 1, 1, 1, 1, 1, 1, 1, 1, 1, 1, 4 ),
 ( 2, 2 ),
 ( 0.0000000000000000000, 0.06961345028914978100, 0.1341558467413847800, 0.1941216639751323400, 0.2492702399547629700, 0.3003975238168690700, 0.3464602541181238700, 0.3882517207597306300, 0.4259028191906366600, 0.4961060560373066800, 0.5655345875935798800, 0.6348462500707495700, 0.7047585289073886600, 0.7756659742820917200, 0.8477253815784785400, 0.9224175839219318500, 1.000000000000000000 ),
 ( 0.0000000000000000000, 1.000000000000000000 ),
 .UNSPECIFIED. ) ;
#5527 = CARTESIAN_POINT ( 'NONE',  ( 0.5451755236128935600, 1.000000000000000000, -0.1495303742652018300 ) ) ;
#5528 = CARTESIAN_POINT ( 'NONE',  ( 0.6935466577277623600, 0.9999606299212595600, -0.8164818606538322100 ) ) ;
#5529 = CARTESIAN_POINT ( 'NONE',  ( 0.8473608304682381800, 1.000000000000000200, -0.8474726407326079700 ) ) ;
#5530 = DIRECTION ( 'NONE',  ( -0.0000000000000000000, 1.000000000000000000, -0.0000000000000000000 ) ) ;
#5531 = DIRECTION ( 'NONE',  ( -0.0000000000000000000, 1.000000000000000000, -0.0000000000000000000 ) ) ;
#5532 = CARTESIAN_POINT ( 'NONE',  ( 0.6922184048952357800, 0.9999606299212597800, -0.8665610243742847300 ) ) ;
#5533 = CARTESIAN_POINT ( 'NONE',  ( 0.8878636043672871700, 0.9999606299212596700, -0.8634624287667511700 ) ) ;
#5534 = CARTESIAN_POINT ( 'NONE',  ( 0.6398542252840826400, 0.9999606299212595600, -0.8246967270760403600 ) ) ;
#5535 = ORIENTED_EDGE ( 'NONE', *, *, #3898, .T. ) ;
#5536 = ORIENTED_EDGE ( 'NONE', *, *, #4440, .F. ) ;
#5537 = DIRECTION ( 'NONE',  ( 0.0000000000000000000, 0.0000000000000000000, 1.000000000000000000 ) ) ;
#5538 = CARTESIAN_POINT ( 'NONE',  ( 0.6072103529008398000, 0.9999999999999998900, -0.8828023926535604200 ) ) ;
#5539 = CARTESIAN_POINT ( 'NONE',  ( 0.8852305445327907100, 0.9999606299212602200, -0.8386033981520586400 ) ) ;
#5540 = CARTESIAN_POINT ( 'NONE',  ( 0.8740925454601735600, 0.9999606299212598900, -0.8977704844281928500 ) ) ;
#5541 = ADVANCED_FACE ( 'NONE', ( #3300, #851 ), #4814, .T. ) ;
#5542 = EDGE_LOOP ( 'NONE', ( #4209, #4546, #5896, #3572 ) ) ;
#5543 = PLANE ( 'NONE',  #50 ) ;
#5544 = CARTESIAN_POINT ( 'NONE',  ( 0.7053060798483232800, 0.9999606299212596700, -0.8251447492179285700 ) ) ;
#5545 = CARTESIAN_POINT ( 'NONE',  ( 0.6835010340121726600, 0.9999999999999998900, -0.8835665539754844500 ) ) ;
#5546 = VERTEX_POINT ( 'NONE', #4835 ) ;
#5547 = B_SPLINE_SURFACE_WITH_KNOTS ( 'NONE', 3, 1, ( 
 ( #5054, #2077 ),
 ( #5557, #2571 ),
 ( #6063, #3061 ),
 ( #137, #3566 ),
 ( #627, #4073 ),
 ( #1111, #4576 ),
 ( #1599, #5073 ),
 ( #2102, #5586 ),
 ( #2590, #6089 ),
 ( #3085, #157 ),
 ( #3589, #652 ) ),
 .UNSPECIFIED., .F., .F., .F.,
 ( 4, 1, 1, 1, 1, 1, 1, 1, 4 ),
 ( 2, 2 ),
 ( 0.0000000000000000000, 0.1333786706066389100, 0.2619252341554830800, 0.3867490650401661000, 0.5114364515435126900, 0.6336363288425956900, 0.7543578055143851400, 0.8757685104033916500, 1.000000000000000000 ),
 ( 0.0000000000000000000, 1.000000000000000000 ),
 .UNSPECIFIED. ) ;
#5548 = VERTEX_POINT ( 'NONE', #1862 ) ;
#5549 = CARTESIAN_POINT ( 'NONE',  ( 0.6863186519714894500, 0.9999606299212593400, -0.8814364871989337500 ) ) ;
#5550 = DIRECTION ( 'NONE',  ( -0.8754645270000110900, 0.0000000000000000000, 0.4832823832550144900 ) ) ;
#5551 = CARTESIAN_POINT ( 'NONE',  ( 0.6686343943191821500, 1.000000000000000000, -0.8428641307696548300 ) ) ;
#5552 = CARTESIAN_POINT ( 'NONE',  ( 0.8747916908499588900, 1.000000000000000200, -0.8056605474068441200 ) ) ;
#5553 = CARTESIAN_POINT ( 'NONE',  ( 0.6676423017079092800, 0.9999606299212593400, -0.8859914549744271100 ) ) ;
#5554 = ORIENTED_EDGE ( 'NONE', *, *, #146, .F. ) ;
#5555 = CARTESIAN_POINT ( 'NONE',  ( 0.005567769930602880500, 0.002306245817428977500, -0.9944322300693974000 ) ) ;
#5556 = B_SPLINE_CURVE_WITH_KNOTS ( 'NONE', 3,
 ( #1587, #3644, #4656, #1679, #5153, #2180, #5662, #2666, #6164, #3152, #235, #3665, #723, #4171, #1201, #4677, #1706, #5174, #2201 ),
 .UNSPECIFIED., .F., .F.,
 ( 4, 1, 1, 1, 1, 1, 1, 1, 1, 1, 1, 1, 1, 1, 1, 1, 4 ),
 ( 0.0000000000000000000, 0.08817828793540175000, 0.1703962258015031500, 0.2478554589180562200, 0.3223119628233701000, 0.3939861698943346600, 0.4626934939826076700, 0.5304592248215037600, 0.5989497110176137400, 0.6349980497359260000, 0.6748411946041481500, 0.7189748316776005700, 0.7666373843242463300, 0.8184614652166470900, 0.8745656704273197000, 0.9350741581065669100, 1.000000000000000000 ),
 .UNSPECIFIED. ) ;
#5557 = CARTESIAN_POINT ( 'NONE',  ( 0.6238988370021716400, 0.9999606299212597800, -0.8702246535228015400 ) ) ;
#5558 = CARTESIAN_POINT ( 'NONE',  ( 0.7252289338745079300, 1.000000000000000200, -0.8032575925363884000 ) ) ;
#5559 = EDGE_CURVE ( 'NONE', #370, #1761, #695, .T. ) ;
#5560 = CARTESIAN_POINT ( 'NONE',  ( 0.7344188488568587100, 0.9999606299212597800, -0.7959212968753427400 ) ) ;
#5561 = VERTEX_POINT ( 'NONE', #389 ) ;
#5562 = CARTESIAN_POINT ( 'NONE',  ( 0.5967878168879028300, 0.9999606299212597800, -0.8848708274553867000 ) ) ;
#5563 = AXIS2_PLACEMENT_3D ( 'NONE', #1208, #4202, #1233 ) ;
#5564 = CARTESIAN_POINT ( 'NONE',  ( 0.8703081543710137200, 1.000000000000000000, -0.8311522906086397100 ) ) ;
#5565 = CARTESIAN_POINT ( 'NONE',  ( 0.8938653285892127500, 0.9999606299212595600, -0.8802270320788387900 ) ) ;
#5566 = EDGE_CURVE ( 'NONE', #6128, #5548, #5353, .T. ) ;
#5567 = CARTESIAN_POINT ( 'NONE',  ( 0.7027238499709933500, 0.9999606299212597800, -0.8678742050087543400 ) ) ;
#5568 = VERTEX_POINT ( 'NONE', #415 ) ;
#5569 = LINE ( 'NONE', #3991, #3060 ) ;
#5570 = EDGE_CURVE ( 'NONE', #3027, #2874, #4471, .T. ) ;
#5571 = CARTESIAN_POINT ( 'NONE',  ( 0.7398469688248704400, 0.9999606299212597800, -0.7944437112587636700 ) ) ;
#5572 = CARTESIAN_POINT ( 'NONE',  ( 0.6720077341928506500, 0.9999606299212596700, -0.8862587338913301400 ) ) ;
#5573 = ORIENTED_EDGE ( 'NONE', *, *, #919, .F. ) ;
#5574 = PLANE ( 'NONE',  #1659 ) ;
#5575 = CARTESIAN_POINT ( 'NONE',  ( 0.7591360832213890400, 0.9999606299212601100, -0.8519533531749766700 ) ) ;
#5576 = CARTESIAN_POINT ( 'NONE',  ( 0.6504325242623354400, 0.9999999999999998900, -0.8511434523432579400 ) ) ;
#5577 = LINE ( 'NONE', #5267, #2910 ) ;
#5578 = CARTESIAN_POINT ( 'NONE',  ( 0.8837718579538483800, 0.9999606299212598900, -0.8148346871430812700 ) ) ;
#5579 = VECTOR ( 'NONE', #1387, 39.37007874015748100 ) ;
#5580 = CARTESIAN_POINT ( 'NONE',  ( 0.6577106148514552100, 1.000000000000000000, -0.8817945838018067500 ) ) ;
#5581 = ADVANCED_FACE ( 'NONE', ( #1990 ), #5368, .F. ) ;
#5582 = CARTESIAN_POINT ( 'NONE',  ( 0.8557209551102361600, 0.9999606299212596700, -0.8564626415467999600 ) ) ;
#5583 = CARTESIAN_POINT ( 'NONE',  ( 0.8671639997347014800, 0.9999606299212596700, -0.8866757914934329000 ) ) ;
#5584 = ORIENTED_EDGE ( 'NONE', *, *, #145, .T. ) ;
#5585 = VECTOR ( 'NONE', #6396, 39.37007874015748100 ) ;
#5586 = CARTESIAN_POINT ( 'NONE',  ( 0.6174724079271564100, 1.000000000000000400, -0.8539765244082803100 ) ) ;
#5587 = DIRECTION ( 'NONE',  ( -0.9922778767136677400, 0.0000000000000000000, 0.1240347345892084700 ) ) ;
#5588 = EDGE_LOOP ( 'NONE', ( #2618, #3030, #1899, #3542, #3334, #1984, #1207, #6323 ) ) ;
#5589 = VECTOR ( 'NONE', #4467, 39.37007874015748100 ) ;
#5590 = CARTESIAN_POINT ( 'NONE',  ( 0.7214782494243092700, 1.000000000000000400, -0.8092239719537421800 ) ) ;
#5591 = DIRECTION ( 'NONE',  ( -0.8754645270000246400, -0.0000000000000000000, -0.4832823832549900700 ) ) ;
#5592 = ORIENTED_EDGE ( 'NONE', *, *, #6324, .T. ) ;
#5593 = VERTEX_POINT ( 'NONE', #937 ) ;
#5594 = VECTOR ( 'NONE', #4844, 39.37007874015748900 ) ;
#5595 = CARTESIAN_POINT ( 'NONE',  ( 0.6239330119028114700, 0.9999606299212597800, -0.8713418226216509400 ) ) ;
#5596 = CARTESIAN_POINT ( 'NONE',  ( 0.7484310995662327700, 0.9999999999999996700, -0.8974876309881083500 ) ) ;
#5597 = CARTESIAN_POINT ( 'NONE',  ( 0.7162787634600004100, 0.9999606299212601100, -0.8331137254755923700 ) ) ;
#5598 = CARTESIAN_POINT ( 'NONE',  ( 0.8983548744894696000, 0.9999606299212598900, -0.8440917723004310900 ) ) ;
#5599 = CARTESIAN_POINT ( 'NONE',  ( 0.6453656425716581800, 0.9999606299212598900, -0.8839245814934561000 ) ) ;
#5600 = VECTOR ( 'NONE', #5986, 39.37007874015748100 ) ;
#5601 = CARTESIAN_POINT ( 'NONE',  ( 0.7556985537884063400, 0.9999999999999998900, -0.8767653454023955900 ) ) ;
#5602 = CARTESIAN_POINT ( 'NONE',  ( 0.6006691101548224900, 0.9999606299212597800, -0.8965965055630784600 ) ) ;
#5603 = CARTESIAN_POINT ( 'NONE',  ( 0.8888066861006900200, 1.000000000000000200, -0.8358331145711701500 ) ) ;
#5604 = CARTESIAN_POINT ( 'NONE',  ( 0.6528735474437816800, 0.9999606299212595600, -0.8718543551348596500 ) ) ;
#5605 = CARTESIAN_POINT ( 'NONE',  ( 0.8611757678930249700, 1.000000000000000200, -0.8461271609986139600 ) ) ;
#5606 = ORIENTED_EDGE ( 'NONE', *, *, #3249, .F. ) ;
#5607 = CARTESIAN_POINT ( 'NONE',  ( 0.8550668360381341600, 0.9999606299212596700, -0.8642158285513901200 ) ) ;
#5608 = ORIENTED_EDGE ( 'NONE', *, *, #1071, .T. ) ;
#5609 = CARTESIAN_POINT ( 'NONE',  ( 0.8563659842039478300, 0.9999606299212597800, -0.8205997021678452800 ) ) ;
#5610 = CARTESIAN_POINT ( 'NONE',  ( 0.6564390086918614500, 0.9999606299212597800, -0.8595603383730281400 ) ) ;
#5611 = B_SPLINE_CURVE_WITH_KNOTS ( 'NONE', 3,
 ( #4909, #1936, #5400, #2428, #5917, #2913, #6415, #3412, #486, #3919, #969 ),
 .UNSPECIFIED., .F., .F.,
 ( 4, 1, 1, 1, 1, 1, 1, 1, 4 ),
 ( 0.0000000000000000000, 0.1232115076675096300, 0.2406990252533369700, 0.3542612932167186800, 0.4669536443969397600, 0.5842822876469543300, 0.7105515410306877400, 0.8478091896452393300, 1.000000000000000000 ),
 .UNSPECIFIED. ) ;
#5612 = CARTESIAN_POINT ( 'NONE',  ( 0.7158783515833033700, 0.9999606299212597800, -0.8438739038356646300 ) ) ;
#5613 = EDGE_CURVE ( 'NONE', #5135, #5799, #4200, .T. ) ;
#5614 = CARTESIAN_POINT ( 'NONE',  ( 0.6568097102872120200, 1.000000000000000200, -0.7978709628831938100 ) ) ;
#5615 = EDGE_CURVE ( 'NONE', #4800, #5989, #5820, .T. ) ;
#5616 = VERTEX_POINT ( 'NONE', #1418 ) ;
#5617 = CARTESIAN_POINT ( 'NONE',  ( 0.7696960623289479400, 0.9999606299212597800, -0.8461656876451773000 ) ) ;
#5618 = CARTESIAN_POINT ( 'NONE',  ( 0.7614476464686851200, 0.9999606299212597800, -0.8874077669464911500 ) ) ;
#5619 = PRODUCT_DEFINITION_FORMATION_WITH_SPECIFIED_SOURCE ( 'ANY', '', #615, .NOT_KNOWN. ) ;
#5620 = CARTESIAN_POINT ( 'NONE',  ( 0.7566552764864003000, 1.000000000000000400, -0.8738998763178732500 ) ) ;
#5621 = CARTESIAN_POINT ( 'NONE',  ( 0.8954751561459003400, 0.9999999999999994400, -0.8196881793505389500 ) ) ;
#5622 = CARTESIAN_POINT ( 'NONE',  ( 0.5938940048893172100, 0.9999606299210462800, -0.8547423986640573200 ) ) ;
#5623 = ORIENTED_EDGE ( 'NONE', *, *, #4273, .F. ) ;
#5624 = CARTESIAN_POINT ( 'NONE',  ( 0.7459646485804020100, 0.9999606299212597800, -0.8871048118778363000 ) ) ;
#5625 = CARTESIAN_POINT ( 'NONE',  ( 0.6238052882976883300, 0.9999606299212602200, -0.8749395792511751600 ) ) ;
#5626 = CARTESIAN_POINT ( 'NONE',  ( 0.6944037785505704500, 0.9999606299212595600, -0.8276739361851062100 ) ) ;
#5627 = ORIENTED_EDGE ( 'NONE', *, *, #5477, .T. ) ;
#5628 = CARTESIAN_POINT ( 'NONE',  ( 0.8711513989639605400, 0.9999606299212597800, -0.8416219375197360200 ) ) ;
#5629 = ORIENTED_EDGE ( 'NONE', *, *, #1480, .F. ) ;
#5630 = CARTESIAN_POINT ( 'NONE',  ( 0.6928962971408474400, 0.9999999999999998900, -0.8313556344271214600 ) ) ;
#5631 = CARTESIAN_POINT ( 'NONE',  ( 0.7337380083933630100, 0.9999606299212596700, -0.8962986539035170400 ) ) ;
#5632 = CARTESIAN_POINT ( 'NONE',  ( 0.6664768602851337500, 0.9999999999999996700, -0.8546839824795071600 ) ) ;
#5633 = CARTESIAN_POINT ( 'NONE',  ( 0.8628314721132448500, 0.9999999999999995600, -0.8838336550043717200 ) ) ;
#5634 = CARTESIAN_POINT ( 'NONE',  ( 0.7158556563156902600, 1.000000000000000000, -0.8461656876451773000 ) ) ;
#5635 = CARTESIAN_POINT ( 'NONE',  ( 0.5753453284274326900, 0.9999606299212597800, -0.8429237729538301400 ) ) ;
#5636 = ORIENTED_EDGE ( 'NONE', *, *, #2754, .T. ) ;
#5637 = CARTESIAN_POINT ( 'NONE',  ( 0.7569597955962638100, 0.9999606299212601100, -0.7994477559869012100 ) ) ;
#5638 = CARTESIAN_POINT ( 'NONE',  ( 0.6159856700745780500, 0.9999606299212596700, -0.8280113431410876000 ) ) ;
#5639 = ORIENTED_EDGE ( 'NONE', *, *, #4781, .F. ) ;
#5640 = CARTESIAN_POINT ( 'NONE',  ( 0.8871290410320776800, 0.9999606299212597800, -0.8027318455809316900 ) ) ;
#5641 = CARTESIAN_POINT ( 'NONE',  ( 0.6036361453984087100, 0.9999999999999996700, -0.8555487920090501000 ) ) ;
#5642 = ORIENTED_EDGE ( 'NONE', *, *, #1982, .T. ) ;
#5643 = DIRECTION ( 'NONE',  ( 1.000000000000000000, 0.0000000000000000000, 0.0000000000000000000 ) ) ;
#5644 = CARTESIAN_POINT ( 'NONE',  ( 0.6597812407663447000, 0.9999606299212598900, -0.7965733055091007700 ) ) ;
#5645 = CARTESIAN_POINT ( 'NONE',  ( 0.6871688281943105800, 1.000000000000000000, -0.8367159899849823100 ) ) ;
#5646 = CARTESIAN_POINT ( 'NONE',  ( -2.049995136288955100E-019, 1.000000000000000000, -0.007874015748031584400 ) ) ;
#5647 = ORIENTED_EDGE ( 'NONE', *, *, #188, .F. ) ;
#5648 = CARTESIAN_POINT ( 'NONE',  ( 0.6637742366086790700, 0.9999999999999995600, -0.8851645420583162900 ) ) ;
#5649 = CARTESIAN_POINT ( 'NONE',  ( 0.6695865573980470700, 1.000000000000000000, -0.8425954777952127100 ) ) ;
#5650 = CARTESIAN_POINT ( 'NONE',  ( 0.8592405835927318100, 0.9999606299212597800, -0.8110383982222855200 ) ) ;
#5651 = DIRECTION ( 'NONE',  ( 0.0000000000000000000, 0.0000000000000000000, 1.000000000000000000 ) ) ;
#5652 = ORIENTED_EDGE ( 'NONE', *, *, #837, .T. ) ;
#5653 = EDGE_CURVE ( 'NONE', #1356, #1562, #3025, .T. ) ;
#5654 = CARTESIAN_POINT ( 'NONE',  ( 0.7337380083933630100, 0.9999999999999998900, -0.8962986539035170400 ) ) ;
#5655 = B_SPLINE_CURVE_WITH_KNOTS ( 'NONE', 3,
 ( #119, #185, #1154, #4625, #1651, #5124, #2145, #5633, #2638, #6139, #3124, #208, #3637, #691, #4141, #1175, #4647, #1672, #5145 ),
 .UNSPECIFIED., .F., .F.,
 ( 4, 1, 1, 1, 1, 1, 1, 1, 1, 1, 1, 1, 1, 1, 1, 1, 4 ),
 ( 0.0000000000000000000, 0.04972486636072335300, 0.09900333181177033100, 0.1480691383160237800, 0.1991986177001572000, 0.2514729288052076100, 0.3068091234058558700, 0.3649989925162220900, 0.4274128467984713000, 0.4918946122214966100, 0.5568762437718902700, 0.6241023658308469900, 0.6930325926427474100, 0.7643349334044453600, 0.8394139458857518000, 0.9176711427801049800, 1.000000000000000000 ),
 .UNSPECIFIED. ) ;
#5656 = VECTOR ( 'NONE', #1957, 39.37007874015748100 ) ;
#5657 = AXIS2_PLACEMENT_3D ( 'NONE', #4485, #1508, #4986 ) ;
#5658 = LINE ( 'NONE', #4525, #403 ) ;
#5659 = CARTESIAN_POINT ( 'NONE',  ( 0.7894860355566486500, 1.000000000000000400, -0.8612866139745392100 ) ) ;
#5660 = DIRECTION ( 'NONE',  ( -1.000000000000000000, 0.0000000000000000000, 0.0000000000000000000 ) ) ;
#5661 = VECTOR ( 'NONE', #3350, 39.37007874015748100 ) ;
#5662 = CARTESIAN_POINT ( 'NONE',  ( 0.6124382621514523600, 0.9999606299212601100, -0.8370386143283004000 ) ) ;
#5663 = FACE_OUTER_BOUND ( 'NONE', #3979, .T. ) ;
#5664 = CARTESIAN_POINT ( 'NONE',  ( 0.8768990587538401100, 1.000000000000000000, -0.7956336511289957600 ) ) ;
#5665 = CARTESIAN_POINT ( 'NONE',  ( 0.6245619768882266800, 0.9999606299212596700, -0.8126857596289045500 ) ) ;
#5666 = CARTESIAN_POINT ( 'NONE',  ( 0.6450742702746324900, 0.9999999999999995600, -0.8085076707360322500 ) ) ;
#5667 = CARTESIAN_POINT ( 'NONE',  ( 0.6726770790721869900, 0.9999606299212601100, -0.8417477499045265000 ) ) ;
#5668 = VECTOR ( 'NONE', #4360, 39.37007874015748100 ) ;
#5669 = CARTESIAN_POINT ( 'NONE',  ( 0.8455136633593106600, 1.000000000000000200, -0.8535283343114756800 ) ) ;
#5670 = LINE ( 'NONE', #4295, #4347 ) ;
#5671 = CARTESIAN_POINT ( 'NONE',  ( 0.6528229858611448400, 1.000000000000000000, -0.8701312342242492100 ) ) ;
#5672 = CARTESIAN_POINT ( 'NONE',  ( 0.6933710935072319200, 1.000000000000000000, -0.8461818078972461700 ) ) ;
#5673 = CARTESIAN_POINT ( 'NONE',  ( 0.8699491963917437300, 1.000000000000000000, -0.8048415345542089300 ) ) ;
#5674 = CARTESIAN_POINT ( 'NONE',  ( 0.8703390468926020000, 1.000000000000000200, -0.8980773596015575500 ) ) ;
#5675 = B_SPLINE_SURFACE_WITH_KNOTS ( 'NONE', 3, 1, ( 
 ( #3057, #135 ),
 ( #4071, #1109 ),
 ( #4574, #1596 ),
 ( #5070, #2099 ),
 ( #5582, #2588 ),
 ( #6087, #3083 ),
 ( #154, #3586 ),
 ( #650, #4095 ),
 ( #1128, #4599 ),
 ( #1627, #5089 ),
 ( #2122, #5605 ),
 ( #2610, #6108 ),
 ( #3103, #181 ),
 ( #3608, #667 ),
 ( #4120, #1147 ),
 ( #4621, #1646 ),
 ( #5119, #2140 ),
 ( #5628, #2632 ),
 ( #6132, #3120 ) ),
 .UNSPECIFIED., .F., .F., .F.,
 ( 4, 1, 1, 1, 1, 1, 1, 1, 1, 1, 1, 1, 1, 1, 1, 1, 4 ),
 ( 2, 2 ),
 ( 0.0000000000000000000, 0.07939944922843633600, 0.1550807695438881900, 0.2268389954008013000, 0.2963238871936985100, 0.3626861197443198600, 0.4273641774296289000, 0.4910273933098438000, 0.5539726404649533100, 0.6149063589148386900, 0.6734439365273177100, 0.7298089048505772600, 0.7840268159717077600, 0.8376281416210936700, 0.8908356925723256400, 0.9447902155913422400, 1.000000000000000000 ),
 ( 0.0000000000000000000, 1.000000000000000000 ),
 .UNSPECIFIED. ) ;
#5676 = CARTESIAN_POINT ( 'NONE',  ( 0.6871688281943105800, 0.9999606299212597800, -0.8367159899849823100 ) ) ;
#5677 = LINE ( 'NONE', #4911, #2862 ) ;
#5678 = CARTESIAN_POINT ( 'NONE',  ( 0.7031560504275762300, 1.000000000000000000, -0.8119574852364183100 ) ) ;
#5679 = CARTESIAN_POINT ( 'NONE',  ( 0.6133617066099532600, 0.9999606299212596700, -0.8670142080286360500 ) ) ;
#5680 = CARTESIAN_POINT ( 'NONE',  ( 0.6133617066099532600, 0.9999606299212596700, -0.8670142080286360500 ) ) ;
#5681 = CARTESIAN_POINT ( 'NONE',  ( 0.7651648956017771400, 0.9999606299212595600, -0.8799065246020861800 ) ) ;
#5682 = ORIENTED_EDGE ( 'NONE', *, *, #468, .F. ) ;
#5683 = VERTEX_POINT ( 'NONE', #2920 ) ;
#5684 = VECTOR ( 'NONE', #5164, 39.37007874015748100 ) ;
#5685 = B_SPLINE_CURVE_WITH_KNOTS ( 'NONE', 3,
 ( #5617, #5042, #3111, #191, #3617, #676, #4128, #1161, #4628, #1656, #5128, #2153, #5637, #2641, #6144, #3129, #211, #3642, #698 ),
 .UNSPECIFIED., .F., .F.,
 ( 4, 1, 1, 1, 1, 1, 1, 1, 1, 1, 1, 1, 1, 1, 1, 1, 4 ),
 ( 0.0000000000000000000, 0.09461717910809283600, 0.1836879983719783800, 0.2673423192650705200, 0.3451199086331392400, 0.4179131261566900200, 0.4859235696282120400, 0.5491582703543158600, 0.6081407685528287300, 0.6632543324827663300, 0.7145929467936138500, 0.7632116109258697500, 0.8100106062874741200, 0.8561688043370029300, 0.9024550121772492200, 0.9500755117454138300, 0.9999999999999998900 ),
 .UNSPECIFIED. ) ;
#5686 = CARTESIAN_POINT ( 'NONE',  ( 0.4972358381457523400, 1.000000000000000000, -0.1002054203944308900 ) ) ;
#5687 = CARTESIAN_POINT ( 'NONE',  ( 0.6229267657078572100, 1.000000000000000000, -0.8410944846509784700 ) ) ;
#5688 = CARTESIAN_POINT ( 'NONE',  ( 0.7263611013914480500, 0.9999606299212509000, -0.8462067245400045600 ) ) ;
#5689 = CARTESIAN_POINT ( 'NONE',  ( 0.6113103375535315900, 1.000000000000000000, -0.7980615815967033700 ) ) ;
#5690 = CARTESIAN_POINT ( 'NONE',  ( 0.6396911795164478300, 0.9999606299212597800, -0.8284787859746635100 ) ) ;
#5691 = DIRECTION ( 'NONE',  ( -0.0000000000000000000, 1.000000000000000000, -0.0000000000000000000 ) ) ;
#5692 = CARTESIAN_POINT ( 'NONE',  ( 0.8811185106536795200, 0.9999606299212602200, -0.8104087605311156600 ) ) ;
#5693 = CARTESIAN_POINT ( 'NONE',  ( 0.6555595264972052800, 0.9999606299212595600, -0.8793727278892368200 ) ) ;
#5694 = CARTESIAN_POINT ( 'NONE',  ( 0.3331548727153805800, 0.9999606299212597800, -0.4971905738270271400 ) ) ;
#5695 = ORIENTED_EDGE ( 'NONE', *, *, #53, .T. ) ;
#5696 = CARTESIAN_POINT ( 'NONE',  ( 0.8682586154378686400, 0.9999606299212595600, -0.7943542930343987500 ) ) ;
#5697 = CARTESIAN_POINT ( 'NONE',  ( 0.8759276649923110100, 1.000000000000000200, -0.8973875939917354000 ) ) ;
#5698 = VERTEX_POINT ( 'NONE', #1063 ) ;
#5699 = ORIENTED_EDGE ( 'NONE', *, *, #1276, .F. ) ;
#5700 = CARTESIAN_POINT ( 'NONE',  ( 0.6666638833839867400, 0.9999606299212597800, -0.4935097178467924300 ) ) ;
#5701 = CARTESIAN_POINT ( 'NONE',  ( 0.7621158852973652900, 0.9999606299212598900, -0.8862649710550782900 ) ) ;
#5702 = EDGE_CURVE ( 'NONE', #5447, #3831, #537, .T. ) ;
#5703 = CARTESIAN_POINT ( 'NONE',  ( 0.7479218537306283600, 0.9999606299212597800, -0.8059951647269946200 ) ) ;
#5704 = CARTESIAN_POINT ( 'NONE',  ( 0.8550699689143695900, 0.9999999999999996700, -0.8625116112883928200 ) ) ;
#5705 = EDGE_CURVE ( 'NONE', #5331, #100, #5658, .T. ) ;
#5706 = CARTESIAN_POINT ( 'NONE',  ( 0.7696752812478786500, 1.000000000000000200, -0.8484505897900496100 ) ) ;
#5707 = EDGE_LOOP ( 'NONE', ( #3842, #5473, #1681, #2459 ) ) ;
#5708 = CARTESIAN_POINT ( 'NONE',  ( 0.6129637754906407400, 1.000000000000000400, -0.8745776905149242900 ) ) ;
#5709 = CARTESIAN_POINT ( 'NONE',  ( 0.7269702041957883900, 0.9999606299212504500, -0.8301864426320130200 ) ) ;
#5710 = CARTESIAN_POINT ( 'NONE',  ( 0.5968421702008905900, 0.9999606299212597800, -0.7956527238933689400 ) ) ;
#5711 = CARTESIAN_POINT ( 'NONE',  ( 1.000000000000000000, 0.007874015748031721500, -2.603493823086943800E-017 ) ) ;
#5712 = ORIENTED_EDGE ( 'NONE', *, *, #3418, .F. ) ;
#5713 = CARTESIAN_POINT ( 'NONE',  ( 0.9921259842519686300, 0.007874015748031721500, -1.000000000000000200 ) ) ;
#5714 = CARTESIAN_POINT ( 'NONE',  ( 0.7533536936136880900, 0.9999606299212598900, -0.8811423944764589200 ) ) ;
#5715 = CARTESIAN_POINT ( 'NONE',  ( 0.1001548727153806400, 0.9999606299212597800, -0.5063941171341138600 ) ) ;
#5716 = CARTESIAN_POINT ( 'NONE',  ( 0.8566719973947024600, 1.000000000000000000, -0.7979161442896429700 ) ) ;
#5717 = CARTESIAN_POINT ( 'NONE',  ( 0.8877076292224092000, 0.9999606299212593400, -0.8900863982673716800 ) ) ;
#5718 = DESIGN_CONTEXT ( 'detailed design', #1835, 'design' ) ;
#5719 = CARTESIAN_POINT ( 'NONE',  ( 0.8820218433011430800, 1.000000000000000000, -0.8461471219088880800 ) ) ;
#5720 = ORIENTED_EDGE ( 'NONE', *, *, #3723, .F. ) ;
#5721 = CARTESIAN_POINT ( 'NONE',  ( 0.6042353023857660600, 0.9999606299212597800, -0.8557067656924960400 ) ) ;
#5722 = CARTESIAN_POINT ( 'NONE',  ( 0.7591718399602583900, 0.9999606299212596700, -0.8442573666140431600 ) ) ;
#5723 = CARTESIAN_POINT ( 'NONE',  ( 0.8624786231030671100, 1.000000000000000000, -0.8448970990112484300 ) ) ;
#5724 = CARTESIAN_POINT ( 'NONE',  ( 0.6911593673155888000, 0.9999999999999998900, -0.8924919847990195900 ) ) ;
#5725 = ORIENTED_EDGE ( 'NONE', *, *, #5901, .F. ) ;
#5726 = CARTESIAN_POINT ( 'NONE',  ( 0.5947220682479831300, 1.000000000000000200, -0.8849356659823141000 ) ) ;
#5727 = CARTESIAN_POINT ( 'NONE',  ( 0.8518455628517129800, 0.9999606299212601100, -0.8399186533237976700 ) ) ;
#5728 = CARTESIAN_POINT ( 'NONE',  ( 0.7321819943424317000, 1.000000000000050000, -0.8112728849199272200 ) ) ;
#5729 = CARTESIAN_POINT ( 'NONE',  ( 0.7289050718246802300, 0.9999606299212597800, -0.8185437283646475000 ) ) ;
#5730 = CARTESIAN_POINT ( 'NONE',  ( 0.6524969191784063500, 1.000000000000000000, -0.8192800083138267500 ) ) ;
#5731 = ORIENTED_EDGE ( 'NONE', *, *, #3255, .F. ) ;
#5732 = LINE ( 'NONE', #613, #4083 ) ;
#5733 = CARTESIAN_POINT ( 'NONE',  ( 0.8109632759089460100, 0.9999606299212598900, -0.8969156245163240100 ) ) ;
#5734 = CARTESIAN_POINT ( 'NONE',  ( 0.8981695522712006600, 1.000000000000000200, -0.8392950688349628500 ) ) ;
#5735 = PLANE ( 'NONE',  #5874 ) ;
#5736 = ORIENTED_EDGE ( 'NONE', *, *, #5863, .F. ) ;
#5737 = EDGE_CURVE ( 'NONE', #4460, #4913, #4332, .T. ) ;
#5738 = DIRECTION ( 'NONE',  ( 0.9922778767136677400, 0.0000000000000000000, -0.1240347345892084700 ) ) ;
#5739 = LINE ( 'NONE', #1294, #1766 ) ;
#5740 = CARTESIAN_POINT ( 'NONE',  ( 0.8474593876903391300, 0.9999606299212593400, -0.8110297154408281400 ) ) ;
#5741 = CARTESIAN_POINT ( 'NONE',  ( 0.8948213934438620200, 1.000000000000000200, -0.8777854009231596000 ) ) ;
#5742 = LINE ( 'NONE', #3363, #4092 ) ;
#5743 = EDGE_CURVE ( 'NONE', #6250, #4263, #5488, .T. ) ;
#5744 = DIRECTION ( 'NONE',  ( -0.0000000000000000000, 1.000000000000000000, -0.0000000000000000000 ) ) ;
#5745 = VERTEX_POINT ( 'NONE', #4048 ) ;
#5746 = LINE ( 'NONE', #6381, #784 ) ;
#5747 = CARTESIAN_POINT ( 'NONE',  ( 0.6433670921774113900, 1.000000000000000400, -0.8789071725510412300 ) ) ;
#5748 = PLANE ( 'NONE',  #997 ) ;
#5749 = ORIENTED_EDGE ( 'NONE', *, *, #5387, .F. ) ;
#5750 = VECTOR ( 'NONE', #5369, 39.37007874015748900 ) ;
#5751 = CARTESIAN_POINT ( 'NONE',  ( 0.7986952297189544600, 1.000000000000000000, -0.8804823252543078100 ) ) ;
#5752 = CARTESIAN_POINT ( 'NONE',  ( 0.8690258662581323800, 1.000000000000000000, -0.7943360894784514700 ) ) ;
#5753 = ORIENTED_EDGE ( 'NONE', *, *, #3892, .F. ) ;
#5754 = CARTESIAN_POINT ( 'NONE',  ( 0.7424240589316845100, 0.9999606299212507900, -0.8048601030320338100 ) ) ;
#5755 = ORIENTED_EDGE ( 'NONE', *, *, #5224, .F. ) ;
#5756 = VECTOR ( 'NONE', #3189, 39.37007874015748100 ) ;
#5757 = CARTESIAN_POINT ( 'NONE',  ( 0.1001548727153806400, 1.000000000000000000, -0.5063941171341138600 ) ) ;
#5758 = CARTESIAN_POINT ( 'NONE',  ( 0.6679926923908258200, 0.9999606299212596700, -0.8068132919515627100 ) ) ;
#5759 = CARTESIAN_POINT ( 'NONE',  ( 0.6804524511179269600, 0.9999606299212598900, -0.8510327493278141400 ) ) ;
#5760 = VERTEX_POINT ( 'NONE', #1553 ) ;
#5761 = CARTESIAN_POINT ( 'NONE',  ( 0.8855818378282767100, 1.000000000000000000, -0.8011006089434225000 ) ) ;
#5762 = VECTOR ( 'NONE', #3440, 39.37007874015748100 ) ;
#5763 = CARTESIAN_POINT ( 'NONE',  ( 0.8983877645069781000, 0.9999606299212597800, -0.8490793071779068100 ) ) ;
#5764 = CARTESIAN_POINT ( 'NONE',  ( 0.6897561912056050500, 0.9999606299212597800, -0.8479302741227458000 ) ) ;
#5765 = CARTESIAN_POINT ( 'NONE',  ( 0.5938940048893172100, 0.9999606299210462800, -0.8547423986640573200 ) ) ;
#5766 = CARTESIAN_POINT ( 'NONE',  ( 0.8983486403996776600, 0.9999606299212596700, -0.8535467278154541500 ) ) ;
#5767 = CARTESIAN_POINT ( 'NONE',  ( 0.6556174153995758500, 0.9999606299212597800, -0.8605234698476643700 ) ) ;
#5768 = VERTEX_POINT ( 'NONE', #115 ) ;
#5769 = ORIENTED_EDGE ( 'NONE', *, *, #1192, .F. ) ;
#5770 = B_SPLINE_CURVE_WITH_KNOTS ( 'NONE', 3,
 ( #1110, #4072, #5072, #2101, #5583, #2589, #6088, #3084, #155, #3588, #651, #4096, #1129, #4600, #1628, #5090, #2123, #5607, #2611 ),
 .UNSPECIFIED., .F., .F.,
 ( 4, 1, 1, 1, 1, 1, 1, 1, 1, 1, 1, 1, 1, 1, 1, 1, 4 ),
 ( 0.0000000000000000000, 0.04972486636072335300, 0.09900333181177033100, 0.1480691383160237800, 0.1991986177001572000, 0.2514729288052076100, 0.3068091234058558700, 0.3649989925162220900, 0.4274128467984713000, 0.4918946122214966100, 0.5568762437718902700, 0.6241023658308469900, 0.6930325926427474100, 0.7643349334044453600, 0.8394139458857518000, 0.9176711427801049800, 1.000000000000000000 ),
 .UNSPECIFIED. ) ;
#5771 = ORIENTED_EDGE ( 'NONE', *, *, #2593, .F. ) ;
#5772 = CARTESIAN_POINT ( 'NONE',  ( 0.6545528160859303000, 0.9999606299212596700, -0.8937547751137667800 ) ) ;
#5773 = CARTESIAN_POINT ( 'NONE',  ( 0.6147307117921548800, 0.9999606299212601100, -0.8170013790600103600 ) ) ;
#5774 = CARTESIAN_POINT ( 'NONE',  ( 0.8057959927978273200, 1.000000000000000000, -0.8734714823709909300 ) ) ;
#5775 = ORIENTED_EDGE ( 'NONE', *, *, #4606, .T. ) ;
#5776 = CARTESIAN_POINT ( 'NONE',  ( 0.6105683391283794900, 1.000000000000000000, -0.8111114241851730100 ) ) ;
#5777 = CARTESIAN_POINT ( 'NONE',  ( 0.8467344470048331400, 1.000000000000000400, -0.8136179477821795500 ) ) ;
#5778 = DIRECTION ( 'NONE',  ( -0.0000000000000000000, 0.0000000000000000000, -1.000000000000000000 ) ) ;
#5779 = CARTESIAN_POINT ( 'NONE',  ( 0.6801603869142643900, 1.000000000000000400, -0.8850809607755991700 ) ) ;
#5780 = CARTESIAN_POINT ( 'NONE',  ( 0.7158723386097338700, 0.9999606299212601100, -0.8482316814833481500 ) ) ;
#5781 = CARTESIAN_POINT ( 'NONE',  ( 0.7614476464686851200, 0.9999606299212597800, -0.8874077669464911500 ) ) ;
#5782 = EDGE_LOOP ( 'NONE', ( #3481, #4455, #3142, #2974 ) ) ;
#5783 = EDGE_CURVE ( 'NONE', #2779, #750, #2839, .T. ) ;
#5784 = DIRECTION ( 'NONE',  ( 0.0000000000000000000, -1.000000000000000000, 0.0000000000000000000 ) ) ;
#5785 = ORIENTED_EDGE ( 'NONE', *, *, #5477, .F. ) ;
#5786 = DIRECTION ( 'NONE',  ( 1.000000000000000000, 0.0000000000000000000, 0.0000000000000000000 ) ) ;
#5787 = CARTESIAN_POINT ( 'NONE',  ( 0.7044621993025367300, 0.9999606299212602200, -0.8316344196420100100 ) ) ;
#5788 = DIRECTION ( 'NONE',  ( 1.000000000000000000, 0.0000000000000000000, 0.0000000000000000000 ) ) ;
#5789 = CARTESIAN_POINT ( 'NONE',  ( 0.8889082418019000900, 1.000000000000000000, -0.8439496953245095900 ) ) ;
#5790 = CARTESIAN_POINT ( 'NONE',  ( 0.8449755969495119600, 0.9999606299212601100, -0.8715074075050390800 ) ) ;
#5791 = ORIENTED_EDGE ( 'NONE', *, *, #2112, .T. ) ;
#5792 = CARTESIAN_POINT ( 'NONE',  ( 0.8749756640671623200, 1.000000000000000200, -0.8319084553414580800 ) ) ;
#5793 = EDGE_CURVE ( 'NONE', #4165, #11, #1687, .T. ) ;
#5794 = CARTESIAN_POINT ( 'NONE',  ( 0.6705634188677653800, 1.000000000000000200, -0.8980555919808617100 ) ) ;
#5795 = CARTESIAN_POINT ( 'NONE',  ( 0.6561264558947328400, 0.9999606299212598900, -0.8598720105174547700 ) ) ;
#5796 = CARTESIAN_POINT ( 'NONE',  ( 0.7876491365589504100, 0.9999606299212598900, -0.8604139883651464900 ) ) ;
#5797 =( NAMED_UNIT ( * ) PLANE_ANGLE_UNIT ( ) SI_UNIT ( $, .RADIAN. ) );
#5798 = CARTESIAN_POINT ( 'NONE',  ( 0.6880720064050892500, 1.000000000000000000, -0.8097965328250483800 ) ) ;
#5799 = VERTEX_POINT ( 'NONE', #6061 ) ;
#5800 = CARTESIAN_POINT ( 'NONE',  ( 0.6020421464665122200, 0.9999606299207710600, -0.8077570286750066500 ) ) ;
#5801 = CARTESIAN_POINT ( 'NONE',  ( 0.7196018238741774800, 1.000000000000000200, -0.8774744125064294400 ) ) ;
#5802 = CARTESIAN_POINT ( 'NONE',  ( 0.8182837458043267200, 0.9999606299212597800, -0.8980773596015574300 ) ) ;
#5803 = ORIENTED_EDGE ( 'NONE', *, *, #5615, .T. ) ;
#5804 = ADVANCED_FACE ( 'NONE', ( #4005 ), #5675, .T. ) ;
#5805 = DIRECTION ( 'NONE',  ( -0.0000000000000000000, 1.000000000000000000, -0.0000000000000000000 ) ) ;
#5806 = CARTESIAN_POINT ( 'NONE',  ( 0.6716589205868196400, 1.000000000000000000, -0.8980773596015574300 ) ) ;
#5807 = CARTESIAN_POINT ( 'NONE',  ( 0.6751322205417627000, 0.9999606299212596700, -0.8524327310249149000 ) ) ;
#5808 = CARTESIAN_POINT ( 'NONE',  ( 0.8699491963917437300, 0.9999606299212597800, -0.8048415345542089300 ) ) ;
#5809 = CARTESIAN_POINT ( 'NONE',  ( 0.7510174268784227700, 0.9999606299212603400, -0.8966395703223569700 ) ) ;
#5810 = CARTESIAN_POINT ( 'NONE',  ( 0.8520046313248581500, 0.9999999999999996700, -0.8889731292114792000 ) ) ;
#5811 = CARTESIAN_POINT ( 'NONE',  ( 0.6071289848640377700, 0.9999606299212596700, -0.8090693083859318300 ) ) ;
#5812 = VERTEX_POINT ( 'NONE', #5555 ) ;
#5813 = CARTESIAN_POINT ( 'NONE',  ( 0.6596776508429654800, 0.9999606299212601100, -0.8104958504606369900 ) ) ;
#5814 = B_SPLINE_CURVE_WITH_KNOTS ( 'NONE', 3,
 ( #410, #4870, #2390, #5875, #2878, #6379, #3369, #446, #3883, #931, #4384, #1415, #4892, #1914, #5379, #2412, #5894, #2898, #6394 ),
 .UNSPECIFIED., .F., .F.,
 ( 4, 1, 1, 1, 1, 1, 1, 1, 1, 1, 1, 1, 1, 1, 1, 1, 4 ),
 ( 0.0000000000000000000, 0.03481888132959476400, 0.06891955580719841300, 0.1034513888417885900, 0.1390496088211288500, 0.1771753219263888500, 0.2179403376185296300, 0.2619036500779320400, 0.3097653282277569900, 0.3632138529075520900, 0.4256205765081699200, 0.4969126734317579900, 0.5776735780836582700, 0.6680265813160591900, 0.7686823766893833300, 0.8792939339028141800, 1.000000000000000000 ),
 .UNSPECIFIED. ) ;
#5815 = DIRECTION ( 'NONE',  ( -0.0000000000000000000, 1.000000000000000000, -0.0000000000000000000 ) ) ;
#5816 = VERTEX_POINT ( 'NONE', #3633 ) ;
#5817 = LINE ( 'NONE', #3776, #848 ) ;
#5818 = APPROVAL_ROLE ( '' ) ;
#5819 = CARTESIAN_POINT ( 'NONE',  ( 0.8719189673434484300, 0.9999606299212597800, -0.8875719145257999800 ) ) ;
#5820 = LINE ( 'NONE', #5924, #1848 ) ;
#5821 = CARTESIAN_POINT ( 'NONE',  ( 0.7337380083933630100, 0.9999606299212596700, -0.8962986539035170400 ) ) ;
#5822 = VECTOR ( 'NONE', #891, 39.37007874015748100 ) ;
#5823 = CARTESIAN_POINT ( 'NONE',  ( 0.7696475881653319600, 1.000000000000000400, -0.8401289703379397600 ) ) ;
#5824 = AXIS2_PLACEMENT_3D ( 'NONE', #2038, #1543, #4040 ) ;
#5825 = VECTOR ( 'NONE', #4426, 39.37007874015748100 ) ;
#5826 = CARTESIAN_POINT ( 'NONE',  ( 0.8793994208414481800, 0.9999606299212597800, -0.8439151036147715100 ) ) ;
#5827 = CARTESIAN_POINT ( 'NONE',  ( 0.6502331429531351700, 0.9999999999999995600, -0.8903556441459900000 ) ) ;
#5828 = EDGE_CURVE ( 'NONE', #591, #1077, #1896, .T. ) ;
#5829 = CARTESIAN_POINT ( 'NONE',  ( 0.6883179918097366300, 1.000000000000000200, -0.8485528554286383400 ) ) ;
#5830 = DIRECTION ( 'NONE',  ( -0.0000000000000000000, 1.000000000000000000, -0.0000000000000000000 ) ) ;
#5831 = CARTESIAN_POINT ( 'NONE',  ( 0.8677160910935857200, 0.9999606299212597800, -0.8980014902715772700 ) ) ;
#5832 = ORIENTED_EDGE ( 'NONE', *, *, #1117, .F. ) ;
#5833 = FACE_OUTER_BOUND ( 'NONE', #1362, .T. ) ;
#5834 = EDGE_CURVE ( 'NONE', #3836, #229, #760, .T. ) ;
#5835 = CARTESIAN_POINT ( 'NONE',  ( 0.6155187732028281100, 1.000000000000000000, -0.8195224128580127500 ) ) ;
#5836 = LINE ( 'NONE', #3694, #3151 ) ;
#5837 = DIRECTION ( 'NONE',  ( -1.000000000000000000, 0.0000000000000000000, 0.0000000000000000000 ) ) ;
#5838 = CARTESIAN_POINT ( 'NONE',  ( 0.8853414686424325700, 1.000000000000000200, -0.8186120472938394100 ) ) ;
#5839 = CARTESIAN_POINT ( 'NONE',  ( 0.7435858063650256900, 0.9999999999999998900, -0.8048610036088192900 ) ) ;
#5840 = VERTEX_POINT ( 'NONE', #1171 ) ;
#5841 = LINE ( 'NONE', #2596, #4492 ) ;
#5842 = CARTESIAN_POINT ( 'NONE',  ( 0.8656768300133385100, 0.9999606299212596700, -0.8859286040094943600 ) ) ;
#5843 = CARTESIAN_POINT ( 'NONE',  ( 0.9960629921259841500, 1.000000000000000000, -0.003937007874015860700 ) ) ;
#5844 = FACE_OUTER_BOUND ( 'NONE', #5091, .T. ) ;
#5845 = CARTESIAN_POINT ( 'NONE',  ( 0.7629726011277132600, 0.9999606299212592300, -0.8075789773412570500 ) ) ;
#5846 = CARTESIAN_POINT ( 'NONE',  ( 0.8861009861553501600, 1.000000000000000200, -0.8527001551913598900 ) ) ;
#5847 = DIRECTION ( 'NONE',  ( -0.1240347345892084700, 0.0000000000000000000, -0.9922778767136677400 ) ) ;
#5848 = CARTESIAN_POINT ( 'NONE',  ( 0.8749756640671623200, 0.9999606299212598900, -0.8319084553414580800 ) ) ;
#5849 = CARTESIAN_POINT ( 'NONE',  ( 0.5984718446311810800, 0.9999606299212598900, -0.8967478582226254800 ) ) ;
#5850 = CARTESIAN_POINT ( 'NONE',  ( 0.8445473584937205300, 1.000000000000000000, -0.8640782922372404200 ) ) ;
#5851 = VERTEX_POINT ( 'NONE', #2673 ) ;
#5852 = CARTESIAN_POINT ( 'NONE',  ( 0.6245619768882266800, 0.9999999999999998900, -0.8126857596289045500 ) ) ;
#5853 = CARTESIAN_POINT ( 'NONE',  ( 0.007874015748031721500, 0.007874015748031721500, -2.049995136288991200E-019 ) ) ;
#5854 = CARTESIAN_POINT ( 'NONE',  ( 0.7557374565303817100, 0.9999999999999996700, -0.8157973330503504000 ) ) ;
#5855 = ORIENTED_EDGE ( 'NONE', *, *, #1363, .T. ) ;
#5856 = CARTESIAN_POINT ( 'NONE',  ( 0.8579007712699825400, 1.000000000000000200, -0.8773694395650764000 ) ) ;
#5857 = ORIENTED_EDGE ( 'NONE', *, *, #3249, .T. ) ;
#5858 = CARTESIAN_POINT ( 'NONE',  ( 0.8539214284060303600, 0.9999606299212602200, -0.8911036368896139100 ) ) ;
#5859 = PLANE ( 'NONE',  #3420 ) ;
#5860 = ORIENTED_EDGE ( 'NONE', *, *, #633, .F. ) ;
#5861 = EDGE_CURVE ( 'NONE', #477, #2035, #78, .T. ) ;
#5862 = CARTESIAN_POINT ( 'NONE',  ( 0.7489842950368320600, 1.000000000000000200, -0.7950815301047544600 ) ) ;
#5863 = EDGE_CURVE ( 'NONE', #2965, #5460, #3859, .T. ) ;
#5864 = EDGE_LOOP ( 'NONE', ( #2241, #3488, #2225, #4308, #1252, #2339, #4676 ) ) ;
#5865 = CARTESIAN_POINT ( 'NONE',  ( 0.6878620565059330200, 0.9999606299212596700, -0.8945170250294846000 ) ) ;
#5866 = CARTESIAN_POINT ( 'NONE',  ( 0.6133982375041472400, 0.9999606299212598900, -0.8705428795270832000 ) ) ;
#5867 = CARTESIAN_POINT ( 'NONE',  ( 0.6097986619057440500, 1.000000000000000400, -0.8945766089075394300 ) ) ;
#5868 = CARTESIAN_POINT ( 'NONE',  ( 0.8539214284060303600, 1.000000000000000400, -0.8911036368896139100 ) ) ;
#5869 = CARTESIAN_POINT ( 'NONE',  ( 0.5968421702008905900, 1.000000000000000000, -0.7956527238933689400 ) ) ;
#5870 = ORIENTED_EDGE ( 'NONE', *, *, #2754, .F. ) ;
#5871 = CARTESIAN_POINT ( 'NONE',  ( 1.325459317585287100, 0.6666666666666757300, -0.3333333333332869100 ) ) ;
#5872 = DIRECTION ( 'NONE',  ( -0.7071067811865536800, 0.0000000000000000000, 0.7071067811865413600 ) ) ;
#5873 = EDGE_LOOP ( 'NONE', ( #4620, #6163, #3961, #4658 ) ) ;
#5874 = AXIS2_PLACEMENT_3D ( 'NONE', #3185, #2740, #6238 ) ;
#5875 = CARTESIAN_POINT ( 'NONE',  ( 0.7391041047238312600, 0.9999606299212598900, -0.8870695306232837500 ) ) ;
#5876 = ORIENTED_EDGE ( 'NONE', *, *, #3376, .T. ) ;
#5877 = CARTESIAN_POINT ( 'NONE',  ( 0.8550528035694782100, 0.9999606299212596700, -0.8633191096829375700 ) ) ;
#5878 = CARTESIAN_POINT ( 'NONE',  ( 0.4972358381457523400, 0.9999606299212597800, -0.1002054203944308900 ) ) ;
#5879 = CARTESIAN_POINT ( 'NONE',  ( 0.6185036700999804200, 0.9999999999999998900, -0.8466188899592979000 ) ) ;
#5880 = B_SPLINE_CURVE_WITH_KNOTS ( 'NONE', 3,
 ( #4192, #1722, #5194, #2216, #5703, #2708, #6202, #3192, #276, #3708, #762, #4212, #1247, #4716, #1744, #5213, #2243, #5722, #2728 ),
 .UNSPECIFIED., .F., .F.,
 ( 4, 1, 1, 1, 1, 1, 1, 1, 1, 1, 1, 1, 1, 1, 1, 1, 4 ),
 ( 0.0000000000000000000, 0.03475612679208769200, 0.06920497968908564900, 0.1040637835934733900, 0.1399556082715875700, 0.1777369218184911000, 0.2184284661752961800, 0.2625622612246645800, 0.3103376776290867600, 0.3642496298805924000, 0.4261424154125425500, 0.4974026320891999400, 0.5784347426665217300, 0.6686249014675873500, 0.7690992835489114400, 0.8795114840670503800, 1.000000000000000000 ),
 .UNSPECIFIED. ) ;
#5881 = CALENDAR_DATE ( 2018, 15, 3 ) ;
#5882 = DIRECTION ( 'NONE',  ( 1.000000000000000000, 0.0000000000000000000, 0.0000000000000000000 ) ) ;
#5883 = DIRECTION ( 'NONE',  ( 0.5773502691896358300, 0.5773502691896258400, -0.5773502691896158500 ) ) ;
#5884 = CARTESIAN_POINT ( 'NONE',  ( 0.7016696801619936000, 1.000000000000000000, -0.8764732753926625100 ) ) ;
#5885 = CARTESIAN_POINT ( 'NONE',  ( 0.7430220806912820600, 1.000000000000000000, -0.8048415345542089300 ) ) ;
#5886 = ORIENTED_EDGE ( 'NONE', *, *, #4224, .F. ) ;
#5887 = CARTESIAN_POINT ( 'NONE',  ( 0.6057464946910009500, 0.9999606299212596700, -0.8834899796316664200 ) ) ;
#5888 = CARTESIAN_POINT ( 'NONE',  ( 0.6231258379535686800, 0.9999606299212596700, -0.8784327290133626700 ) ) ;
#5889 = CARTESIAN_POINT ( 'NONE',  ( 0.7418427097796992400, 0.9999606299212596700, -0.8875529597883546900 ) ) ;
#5890 = LINE ( 'NONE', #4375, #612 ) ;
#5891 = VECTOR ( 'NONE', #269, 39.37007874015748900 ) ;
#5892 = CARTESIAN_POINT ( 'NONE',  ( 0.8021000112142466800, 1.000000000000000000, -0.8839244369568096700 ) ) ;
#5893 = VECTOR ( 'NONE', #374, 39.37007874015748900 ) ;
#5894 = CARTESIAN_POINT ( 'NONE',  ( 0.7264159753070290600, 0.9999606299212601100, -0.8518917519678722600 ) ) ;
#5895 = ORIENTED_EDGE ( 'NONE', *, *, #5438, .T. ) ;
#5896 = ORIENTED_EDGE ( 'NONE', *, *, #2725, .T. ) ;
#5897 = LINE ( 'NONE', #743, #2393 ) ;
#5898 = FACE_OUTER_BOUND ( 'NONE', #4595, .T. ) ;
#5899 = CARTESIAN_POINT ( 'NONE',  ( 0.8860378271879345600, 0.9999999999999998900, -0.8760711633812491300 ) ) ;
#5900 = CARTESIAN_POINT ( 'NONE',  ( 0.6667994293296514200, 1.000000000000000000, -0.8433818664531492800 ) ) ;
#5901 = EDGE_CURVE ( 'NONE', #5166, #3984, #243, .T. ) ;
#5902 = B_SPLINE_SURFACE_WITH_KNOTS ( 'NONE', 3, 1, ( 
 ( #5764, #4754 ),
 ( #2757, #6262 ),
 ( #3250, #330 ),
 ( #3764, #820 ),
 ( #4274, #1295 ),
 ( #4775, #1803 ),
 ( #5269, #2296 ),
 ( #5787, #2789 ),
 ( #6281, #3274 ),
 ( #352, #3786 ),
 ( #838, #4293 ) ),
 .UNSPECIFIED., .F., .F., .F.,
 ( 4, 1, 1, 1, 1, 1, 1, 1, 4 ),
 ( 2, 2 ),
 ( 0.0000000000000000000, 0.1337850715093809600, 0.2593853989987144300, 0.3808217004101771000, 0.4995309368699223400, 0.6183575741441208500, 0.7398956903217179800, 0.8662956414442503100, 1.000000000000000000 ),
 ( 0.0000000000000000000, 1.000000000000000000 ),
 .UNSPECIFIED. ) ;
#5903 = CARTESIAN_POINT ( 'NONE',  ( 0.8867098426103426900, 0.9999606299212602200, -0.8739992785258232600 ) ) ;
#5904 = ORIENTED_EDGE ( 'NONE', *, *, #1155, .F. ) ;
#5905 = ORIENTED_EDGE ( 'NONE', *, *, #2923, .F. ) ;
#5906 = CARTESIAN_POINT ( 'NONE',  ( 0.8584959870609326600, 0.9999606299212597800, -0.7968111645895826800 ) ) ;
#5907 = VECTOR ( 'NONE', #3749, 39.37007874015748100 ) ;
#5908 = EDGE_CURVE ( 'NONE', #3564, #3059, #1220, .T. ) ;
#5909 = CARTESIAN_POINT ( 'NONE',  ( 0.8876049642504835200, 0.9999606299212595600, -0.8694295180947547700 ) ) ;
#5910 = DIRECTION ( 'NONE',  ( 0.0000000000000000000, 0.0000000000000000000, -1.000000000000000000 ) ) ;
#5911 = CARTESIAN_POINT ( 'NONE',  ( 0.7696475881653319600, 1.000000000000000400, -0.8401289703379397600 ) ) ;
#5912 = CARTESIAN_POINT ( 'NONE',  ( 0.7333325216210708800, 1.000000000000050200, -0.8827781798554575900 ) ) ;
#5913 = EDGE_CURVE ( 'NONE', #5327, #4589, #6036, .T. ) ;
#5914 = CARTESIAN_POINT ( 'NONE',  ( 0.6574140535156332000, 0.9999999999999995600, -0.8122796531841953700 ) ) ;
#5915 = FACE_OUTER_BOUND ( 'NONE', #6340, .T. ) ;
#5916 = DIRECTION ( 'NONE',  ( 0.0000000000000000000, 0.0000000000000000000, -1.000000000000000000 ) ) ;
#5917 = CARTESIAN_POINT ( 'NONE',  ( 0.6097541291296197900, 1.000000000000000200, -0.8588784225839303200 ) ) ;
#5918 = ADVANCED_FACE ( 'NONE', ( #5018 ), #5225, .F. ) ;
#5919 = ORIENTED_EDGE ( 'NONE', *, *, #6328, .F. ) ;
#5920 = ORIENTED_EDGE ( 'NONE', *, *, #4772, .F. ) ;
#5921 = CARTESIAN_POINT ( 'NONE',  ( 0.7346794697994044600, 1.000000000000000000, -0.8842411082064810500 ) ) ;
#5922 = DIRECTION ( 'NONE',  ( 0.6512707515841319500, 0.0000000000000000000, 0.7588454441657009900 ) ) ;
#5923 = ORIENTED_EDGE ( 'NONE', *, *, #4468, .F. ) ;
#5924 = CARTESIAN_POINT ( 'NONE',  ( 0.6063692209167793600, 0.9999606299212597800, -0.8087400395627908400 ) ) ;
#5925 = CARTESIAN_POINT ( 'NONE',  ( 0.6523985774872104200, 0.9999606299212598900, -0.8495546272706556700 ) ) ;
#5926 = B_SPLINE_SURFACE_WITH_KNOTS ( 'NONE', 3, 1, ( 
 ( #5622, #148 ),
 ( #199, #3625 ),
 ( #682, #4132 ),
 ( #1166, #4633 ),
 ( #1662, #5133 ),
 ( #2162, #5641 ),
 ( #2646, #6148 ) ),
 .UNSPECIFIED., .F., .F., .F.,
 ( 4, 1, 1, 1, 4 ),
 ( 2, 2 ),
 ( 0.0000000000000000000, 0.3231090798450160800, 0.5974912675160265500, 0.8217859227818740100, 1.000000000000000000 ),
 ( 0.0000000000000000000, 1.000000000000000000 ),
 .UNSPECIFIED. ) ;
#5927 = CARTESIAN_POINT ( 'NONE',  ( 0.8805773402918264400, 1.000000000000000000, -0.8840912087177774700 ) ) ;
#5928 = ORIENTED_EDGE ( 'NONE', *, *, #1117, .T. ) ;
#5929 = CARTESIAN_POINT ( 'NONE',  ( 0.7053502112399326900, 1.000000000000000200, -0.8237800615169516000 ) ) ;
#5930 = CARTESIAN_POINT ( 'NONE',  ( 0.6830002740524948600, 0.9999606299212595600, -0.8073358677678347300 ) ) ;
#5931 = CARTESIAN_POINT ( 'NONE',  ( 0.8734626995727002900, 0.9999606299212596700, -0.8875078634679095500 ) ) ;
#5932 = CARTESIAN_POINT ( 'NONE',  ( 0.7635055584417253000, 1.000000000000000200, -0.8838884064323405700 ) ) ;
#5933 = CARTESIAN_POINT ( 'NONE',  ( 0.7489842950368320600, 1.000000000000000200, -0.7950815301047544600 ) ) ;
#5934 = CARTESIAN_POINT ( 'NONE',  ( 0.7269806898910006200, 0.9999606299212596700, -0.8621086984919109600 ) ) ;
#5935 = ORIENTED_EDGE ( 'NONE', *, *, #2152, .F. ) ;
#5936 = CARTESIAN_POINT ( 'NONE',  ( 0.7269702041957883900, 0.9999999999999996700, -0.8301864426320130200 ) ) ;
#5937 = ORIENTED_EDGE ( 'NONE', *, *, #2446, .T. ) ;
#5938 = CARTESIAN_POINT ( 'NONE',  ( 0.6117407800480522100, 1.000000000000000000, -0.8936813277358554000 ) ) ;
#5939 = PLANE ( 'NONE',  #4317 ) ;
#5940 = ORIENTED_EDGE ( 'NONE', *, *, #3346, .F. ) ;
#5941 = DIRECTION ( 'NONE',  ( 1.000000000000000000, 0.0000000000000000000, 0.0000000000000000000 ) ) ;
#5942 = CARTESIAN_POINT ( 'NONE',  ( 0.6641680404201452100, 0.9999606299212598900, -0.8442104449962909400 ) ) ;
#5943 = CARTESIAN_POINT ( 'NONE',  ( 0.6429624373243341100, 1.000000000000000000, -0.8639607273413393300 ) ) ;
#5944 = ADVANCED_FACE ( 'NONE', ( #6201 ), #351, .F. ) ;
#5945 = EDGE_CURVE ( 'NONE', #5487, #5417, #4873, .T. ) ;
#5946 = CARTESIAN_POINT ( 'NONE',  ( 0.8719189673434483100, 0.9999606299212597800, -0.8875719145257998700 ) ) ;
#5947 = EDGE_CURVE ( 'NONE', #3836, #591, #2384, .T. ) ;
#5948 = CARTESIAN_POINT ( 'NONE',  ( 0.6991785979712671400, 1.000000000000000000, -0.8051781656967271800 ) ) ;
#5949 = CARTESIAN_POINT ( 'NONE',  ( 0.6918560138355316400, 1.000000000000000000, -0.8135101382745471000 ) ) ;
#5950 = ORIENTED_EDGE ( 'NONE', *, *, #2400, .F. ) ;
#5951 = ADVANCED_FACE ( 'NONE', ( #1066 ), #1383, .T. ) ;
#5952 = CARTESIAN_POINT ( 'NONE',  ( 0.6265211881268046800, 0.9999606299212597800, -0.8268402999870347900 ) ) ;
#5953 = CARTESIAN_POINT ( 'NONE',  ( 0.6716589205868196400, 0.9999606299212597800, -0.8980773596015574300 ) ) ;
#5954 = APPROVAL ( #3312, 'UNSPECIFIED' ) ;
#5955 = CARTESIAN_POINT ( 'NONE',  ( 0.7424240589316845100, 1.000000000000000000, -0.8048601030320338100 ) ) ;
#5956 = B_SPLINE_SURFACE_WITH_KNOTS ( 'NONE', 3, 1, ( 
 ( #5819, #5302 ),
 ( #3822, #876 ),
 ( #4331, #1352 ),
 ( #4834, #1859 ),
 ( #5321, #2354 ),
 ( #5842, #2838 ),
 ( #6341, #3333 ),
 ( #411, #3843 ),
 ( #894, #4351 ),
 ( #1375, #4850 ),
 ( #1881, #5342 ),
 ( #2372, #5856 ),
 ( #2863, #6358 ),
 ( #3355, #431 ),
 ( #3866, #911 ),
 ( #4370, #1398 ),
 ( #4872, #1897 ),
 ( #5367, #2392 ),
 ( #5877, #2880 ) ),
 .UNSPECIFIED., .F., .F., .F.,
 ( 4, 1, 1, 1, 1, 1, 1, 1, 1, 1, 1, 1, 1, 1, 1, 1, 4 ),
 ( 2, 2 ),
 ( 0.0000000000000000000, 0.04972486636072335300, 0.09900333181177033100, 0.1480691383160237800, 0.1991986177001572000, 0.2514729288052076100, 0.3068091234058558700, 0.3649989925162220900, 0.4274128467984713000, 0.4918946122214966100, 0.5568762437718902700, 0.6241023658308469900, 0.6930325926427474100, 0.7643349334044453600, 0.8394139458857518000, 0.9176711427801049800, 1.000000000000000000 ),
 ( 0.0000000000000000000, 1.000000000000000000 ),
 .UNSPECIFIED. ) ;
#5957 = CARTESIAN_POINT ( 'NONE',  ( 0.7430220806912820600, 1.000000000000000000, -0.8048415345542089300 ) ) ;
#5958 = CARTESIAN_POINT ( 'NONE',  ( 0.8182837458043267200, 0.9999606299212597800, -0.8980773596015574300 ) ) ;
#5959 = CARTESIAN_POINT ( 'NONE',  ( 0.6113103375535315900, 0.9999606299212597800, -0.7980615815967033700 ) ) ;
#5960 = EDGE_LOOP ( 'NONE', ( #5513, #4994, #1134, #3000 ) ) ;
#5961 = DIRECTION ( 'NONE',  ( 0.6512707515841287300, 0.0000000000000000000, -0.7588454441657036500 ) ) ;
#5962 = CARTESIAN_POINT ( 'NONE',  ( 0.6423935742287454300, 0.9999606299212597800, -0.8671071104691628900 ) ) ;
#5963 = ORIENTED_EDGE ( 'NONE', *, *, #6402, .F. ) ;
#5964 = LINE ( 'NONE', #321, #995 ) ;
#5965 = VECTOR ( 'NONE', #3824, 39.37007874015748100 ) ;
#5966 = CARTESIAN_POINT ( 'NONE',  ( 0.6750883681185888600, 0.9999606299212597800, -0.7943751720160278100 ) ) ;
#5967 = CARTESIAN_POINT ( 'NONE',  ( 0.6948447661641751200, 0.9999606299212597800, -0.8234722848057477500 ) ) ;
#5968 = CARTESIAN_POINT ( 'NONE',  ( 1.000000000000000000, 1.000000000000000000, -0.007874015748031584400 ) ) ;
#5969 = CARTESIAN_POINT ( 'NONE',  ( 0.8648620103373251300, 0.9999999999999996700, -0.8057316436477763900 ) ) ;
#5970 = CARTESIAN_POINT ( 'NONE',  ( 0.6584252959093148700, 1.000000000000000200, -0.8580305351426399400 ) ) ;
#5971 = VERTEX_POINT ( 'NONE', #2869 ) ;
#5972 = ORIENTED_EDGE ( 'NONE', *, *, #3044, .F. ) ;
#5973 = VECTOR ( 'NONE', #1855, 39.37007874015748100 ) ;
#5974 = CARTESIAN_POINT ( 'NONE',  ( 0.6802940787144646800, 0.9999606299212601100, -0.8972738603876556600 ) ) ;
#5975 = FACE_OUTER_BOUND ( 'NONE', #3036, .T. ) ;
#5976 = ADVANCED_FACE ( 'NONE', ( #6039, #3372, #4715, #3528, #925, #2063, #775 ), #438, .F. ) ;
#5977 = CARTESIAN_POINT ( 'NONE',  ( 0.7435858063650256900, 0.9999606299212506800, -0.8048610036088192900 ) ) ;
#5978 = FACE_OUTER_BOUND ( 'NONE', #3534, .T. ) ;
#5979 = VECTOR ( 'NONE', #5691, 39.37007874015748100 ) ;
#5980 = CARTESIAN_POINT ( 'NONE',  ( 0.8845822555727795900, 1.000000000000000000, -0.8929561104597199000 ) ) ;
#5981 = CARTESIAN_POINT ( 'NONE',  ( 0.1001548727153806400, 0.9999606299212597800, -0.5063941171341138600 ) ) ;
#5982 = EDGE_CURVE ( 'NONE', #3385, #4910, #1917, .T. ) ;
#5983 = ORIENTED_EDGE ( 'NONE', *, *, #4184, .T. ) ;
#5984 = VECTOR ( 'NONE', #5078, 39.37007874015748100 ) ;
#5985 = CARTESIAN_POINT ( 'NONE',  ( 0.6124382621514523600, 1.000000000000000200, -0.8370386143283004000 ) ) ;
#5986 = DIRECTION ( 'NONE',  ( -0.5773502691896222900, -0.5773502691896325000, -0.5773502691896224000 ) ) ;
#5987 = CARTESIAN_POINT ( 'NONE',  ( 0.7556982771170494000, 1.000000000000000000, -0.8939394023372239100 ) ) ;
#5988 = CARTESIAN_POINT ( 'NONE',  ( 0.6124382621514523600, 1.000000000000000200, -0.8370386143283004000 ) ) ;
#5989 = VERTEX_POINT ( 'NONE', #1404 ) ;
#5990 = CARTESIAN_POINT ( 'NONE',  ( 0.8577665740249232900, 0.9999606299212596700, -0.8506926837645194500 ) ) ;
#5991 = FACE_OUTER_BOUND ( 'NONE', #3069, .T. ) ;
#5992 = CARTESIAN_POINT ( 'NONE',  ( 0.8503389295132162100, 1.000000000000000000, -0.5450458600068470700 ) ) ;
#5993 = CARTESIAN_POINT ( 'NONE',  ( 0.4936393814528367600, 0.9999606299212597800, -0.3332054203944309100 ) ) ;
#5994 = CARTESIAN_POINT ( 'NONE',  ( 0.8934958052518819900, 0.9999606299212596700, -0.8138285235835331900 ) ) ;
#5995 = CARTESIAN_POINT ( 'NONE',  ( 0.7521545621976378800, 1.000000000000000000, -0.8096223561691313600 ) ) ;
#5996 = CARTESIAN_POINT ( 'NONE',  ( 0.8717137828693124500, 0.9999606299212597800, -0.8416105923193604200 ) ) ;
#5997 = PLANE ( 'NONE',  #4404 ) ;
#5998 = ORIENTED_EDGE ( 'NONE', *, *, #590, .F. ) ;
#5999 = CARTESIAN_POINT ( 'NONE',  ( 0.2838299188446100100, 0.9999606299212597800, -0.5451302592941684700 ) ) ;
#6000 = CARTESIAN_POINT ( 'NONE',  ( 0.8978995844637467400, 1.000000000000000200, -0.8618399896419549600 ) ) ;
#6001 = CARTESIAN_POINT ( 'NONE',  ( 0.6936285396946487700, 0.9999606299212601100, -0.7998502538064762300 ) ) ;
#6002 = CARTESIAN_POINT ( 'NONE',  ( 0.6021013157254497800, 0.9999606299212596700, -0.8424745561448174800 ) ) ;
#6003 = ADVANCED_FACE ( 'NONE', ( #3210 ), #2401, .T. ) ;
#6004 = EDGE_LOOP ( 'NONE', ( #90, #4028, #5928, #865 ) ) ;
#6005 = CARTESIAN_POINT ( 'NONE',  ( 0.6735055808540425500, 1.000000000000000000, -0.7943360894784513600 ) ) ;
#6006 = CARTESIAN_POINT ( 'NONE',  ( 0.6919910553322807800, 0.9999606299212597800, -0.8689464346182165200 ) ) ;
#6007 = ORIENTED_EDGE ( 'NONE', *, *, #1982, .F. ) ;
#6008 = CARTESIAN_POINT ( 'NONE',  ( 0.6767254241646703000, 0.9999606299212598900, -0.8062018013714773400 ) ) ;
#6009 = CARTESIAN_POINT ( 'NONE',  ( 0.8556970228262273900, 0.9999606299212598900, -0.8360618730774281900 ) ) ;
#6010 = DIRECTION ( 'NONE',  ( 1.225145004162355400E-014, 0.7071067811865536800, 0.7071067811865413600 ) ) ;
#6011 = CARTESIAN_POINT ( 'NONE',  ( 0.8730507893161333400, 0.9999606299212598900, -0.7946305174490138100 ) ) ;
#6012 = CARTESIAN_POINT ( 'NONE',  ( 0.7585722949738160600, 0.9999606299212506800, -0.8303044823976795100 ) ) ;
#6013 = CARTESIAN_POINT ( 'NONE',  ( 0.8793994208414481800, 0.9999606299212597800, -0.8439151036147715100 ) ) ;
#6014 = CARTESIAN_POINT ( 'NONE',  ( 0.6597812407663447000, 0.9999606299212598900, -0.7965733055091007700 ) ) ;
#6015 = ORIENTED_EDGE ( 'NONE', *, *, #5187, .F. ) ;
#6016 = CARTESIAN_POINT ( 'NONE',  ( 0.5753453284274326900, 0.9999606299212597800, -0.8074678958231482600 ) ) ;
#6017 = CARTESIAN_POINT ( 'NONE',  ( 0.6129637754906407400, 0.9999606299212602200, -0.8745776905149242900 ) ) ;
#6018 = AXIS2_PLACEMENT_3D ( 'NONE', #2052, #5537, #2553 ) ;
#6019 = CARTESIAN_POINT ( 'NONE',  ( 0.1001548727153806400, 1.000000000000000000, -0.4935941171341137200 ) ) ;
#6020 = B_SPLINE_SURFACE_WITH_KNOTS ( 'NONE', 3, 1, ( 
 ( #3341, #5806 ),
 ( #3852, #901 ),
 ( #4358, #1385 ),
 ( #4859, #1886 ),
 ( #5352, #2379 ),
 ( #5865, #2870 ),
 ( #6367, #3360 ),
 ( #439, #3876 ),
 ( #918, #4376 ),
 ( #1405, #4879 ),
 ( #1904, #5372 ),
 ( #2403, #5884 ),
 ( #2888, #6386 ),
 ( #3381, #453 ),
 ( #3891, #943 ) ),
 .UNSPECIFIED., .F., .F., .F.,
 ( 4, 1, 1, 1, 1, 1, 1, 1, 1, 1, 1, 1, 4 ),
 ( 2, 2 ),
 ( 0.0000000000000000000, 0.09191484500950633500, 0.1793500136985484700, 0.2627602509497603000, 0.3438245629315450600, 0.4230536694981499300, 0.5001537638566722100, 0.5774020559630029800, 0.6564709802344421700, 0.7376500484536395700, 0.8208783262149136300, 0.9079232481193407800, 1.000000000000000000 ),
 ( 0.0000000000000000000, 1.000000000000000000 ),
 .UNSPECIFIED. ) ;
#6021 = ORIENTED_EDGE ( 'NONE', *, *, #3892, .T. ) ;
#6022 = EDGE_CURVE ( 'NONE', #3155, #2730, #5890, .T. ) ;
#6023 = DIRECTION ( 'NONE',  ( 0.7071067811865413600, 0.0000000000000000000, 0.7071067811865537900 ) ) ;
#6024 = EDGE_CURVE ( 'NONE', #1562, #3703, #4880, .T. ) ;
#6025 = CARTESIAN_POINT ( 'NONE',  ( 0.6895435936065677000, 0.9999606299212592300, -0.8770574140901102900 ) ) ;
#6026 = CARTESIAN_POINT ( 'NONE',  ( 0.6921413392637935100, 0.9999606299212598900, -0.8673696168532338800 ) ) ;
#6027 = ORIENTED_EDGE ( 'NONE', *, *, #4734, .T. ) ;
#6028 = CARTESIAN_POINT ( 'NONE',  ( 0.6945537624879150100, 0.9999606299212597800, -0.8198071007445723000 ) ) ;
#6029 = CARTESIAN_POINT ( 'NONE',  ( 0.8463431034029369500, 0.9999999999999998900, -0.8504038714374349000 ) ) ;
#6030 = DATE_AND_TIME ( #915, #2219 ) ;
#6031 = CARTESIAN_POINT ( 'NONE',  ( 0.8699491963917437300, 0.9999606299212597800, -0.8048415345542089300 ) ) ;
#6032 = EDGE_LOOP ( 'NONE', ( #2915, #5937, #2827, #2414, #1852 ) ) ;
#6033 = ADVANCED_FACE ( 'NONE', ( #4399 ), #3524, .T. ) ;
#6034 = ORIENTED_EDGE ( 'NONE', *, *, #717, .T. ) ;
#6035 = CARTESIAN_POINT ( 'NONE',  ( 0.0000000000000000000, 0.007874015748031721500, -0.007874015748031584400 ) ) ;
#6036 = B_SPLINE_CURVE_WITH_KNOTS ( 'NONE', 3,
 ( #4225, #3720, #2256, #5734, #2739, #6237, #3226, #305, #3743, #798, #4247, #1274, #4752, #1780, #5244, #2272, #5761, #2755, #6260, #3247, #328, #3762, #818, #4269, #1293, #4773, #1801 ),
 .UNSPECIFIED., .F., .F.,
 ( 4, 1, 1, 1, 1, 1, 1, 1, 1, 1, 1, 1, 1, 1, 1, 1, 1, 1, 1, 1, 1, 1, 1, 1, 4 ),
 ( 0.0000000000000000000, 0.07353366607713079900, 0.1426661929314749500, 0.2080443345702546200, 0.2691123335984594900, 0.3263039800749799000, 0.3793946721408789100, 0.4290176217271197700, 0.4748808941722496000, 0.5178415642424517600, 0.5586424715340440100, 0.5973596018757721900, 0.6344297164614007800, 0.6694601468909304700, 0.7032151982468436400, 0.7355116593171598900, 0.7668059312187630600, 0.7971069329808999600, 0.8268057952890556200, 0.8557111847390630500, 0.8842877890604145000, 0.9127997229296978000, 0.9416457505209646600, 0.9706240337871279200, 1.000000000000000000 ),
 .UNSPECIFIED. ) ;
#6037 = ORIENTED_EDGE ( 'NONE', *, *, #4468, .T. ) ;
#6038 = B_SPLINE_CURVE_WITH_KNOTS ( 'NONE', 3,
 ( #1765, #1250, #721, #2264, #5751, #2747, #6251, #3236, #316, #3753, #810 ),
 .UNSPECIFIED., .F., .F.,
 ( 4, 1, 1, 1, 1, 1, 1, 1, 4 ),
 ( 0.0000000000000000000, 0.1352840289639596600, 0.2694096554749907400, 0.4028008870521623300, 0.5361909441160782600, 0.6652106699871648300, 0.7853428009871230600, 0.8963177665284705100, 1.000000000000000000 ),
 .UNSPECIFIED. ) ;
#6039 = FACE_BOUND ( 'NONE', #6330, .T. ) ;
#6040 = DIRECTION ( 'NONE',  ( 0.0000000000000000000, -1.000000000000000000, 0.0000000000000000000 ) ) ;
#6041 = CARTESIAN_POINT ( 'NONE',  ( 0.6396911795164478300, 0.9999606299212597800, -0.8284787859746635100 ) ) ;
#6042 = CARTESIAN_POINT ( 'NONE',  ( 0.6948221819749034200, 0.9999606299212595600, -0.8241988150387114000 ) ) ;
#6043 = CARTESIAN_POINT ( 'NONE',  ( 0.6057464946910009500, 0.9999999999999998900, -0.8834899796316664200 ) ) ;
#6044 = LINE ( 'NONE', #2208, #2069 ) ;
#6045 = FACE_OUTER_BOUND ( 'NONE', #2685, .T. ) ;
#6046 = ORIENTED_EDGE ( 'NONE', *, *, #3686, .F. ) ;
#6047 = CARTESIAN_POINT ( 'NONE',  ( 0.8829397323671637200, 0.9999606299212595600, -0.8363875787000946100 ) ) ;
#6048 = CARTESIAN_POINT ( 'NONE',  ( 0.8777300066325111100, 0.9999606299212595600, -0.8968301365384286900 ) ) ;
#6049 = CARTESIAN_POINT ( 'NONE',  ( 0.8114716212630150900, 0.9999606299212597800, -0.8980773596015574300 ) ) ;
#6050 = ORIENTED_EDGE ( 'NONE', *, *, #592, .T. ) ;
#6051 = FACE_OUTER_BOUND ( 'NONE', #3965, .T. ) ;
#6052 = ORIENTED_EDGE ( 'NONE', *, *, #437, .T. ) ;
#6053 = CARTESIAN_POINT ( 'NONE',  ( 0.5028429247599257600, 1.000000000000000000, -0.1002054203944308900 ) ) ;
#6054 = VECTOR ( 'NONE', #1378, 39.37007874015748900 ) ;
#6055 = CARTESIAN_POINT ( 'NONE',  ( 0.6818987188424374700, 1.000000000000000000, -0.8844092799218463700 ) ) ;
#6056 = CARTESIAN_POINT ( 'NONE',  ( 0.6835010340121726600, 0.9999606299212596700, -0.8835665539754844500 ) ) ;
#6057 = DIRECTION ( 'NONE',  ( -0.0000000000000000000, 1.000000000000000000, -0.0000000000000000000 ) ) ;
#6058 = CARTESIAN_POINT ( 'NONE',  ( 0.8770370108623307700, 0.9999999999999995600, -0.8067776437432414600 ) ) ;
#6059 = CARTESIAN_POINT ( 'NONE',  ( 0.6656416884631166700, 0.9999606299212603400, -0.8856636799566642800 ) ) ;
#6060 = LINE ( 'NONE', #4034, #4741 ) ;
#6061 = CARTESIAN_POINT ( 'NONE',  ( 0.8719189673434483100, 0.9999999999999996700, -0.8875719145257998700 ) ) ;
#6062 = DIRECTION ( 'NONE',  ( -0.0000000000000000000, 1.000000000000000000, -0.0000000000000000000 ) ) ;
#6063 = CARTESIAN_POINT ( 'NONE',  ( 0.6238317253057394900, 0.9999606299212601100, -0.8680307886681253300 ) ) ;
#6064 = CARTESIAN_POINT ( 'NONE',  ( 0.7214782494243092700, 1.000000000000000400, -0.8092239719537421800 ) ) ;
#6065 = VERTEX_POINT ( 'NONE', #4390 ) ;
#6066 = CARTESIAN_POINT ( 'NONE',  ( 0.7319148708444368500, 0.9999606299212598900, -0.7972061024261101200 ) ) ;
#6067 = FACE_OUTER_BOUND ( 'NONE', #3230, .T. ) ;
#6068 = CARTESIAN_POINT ( 'NONE',  ( 0.5947220682479831300, 0.9999606299212598900, -0.8849356659823141000 ) ) ;
#6069 = EDGE_CURVE ( 'NONE', #3861, #4803, #3718, .T. ) ;
#6070 = CARTESIAN_POINT ( 'NONE',  ( 0.8693746798641631700, 1.000000000000000000, -0.8311051472436028500 ) ) ;
#6071 = EDGE_CURVE ( 'NONE', #5004, #4223, #5569, .T. ) ;
#6072 = B_SPLINE_SURFACE_WITH_KNOTS ( 'NONE', 3, 1, ( 
 ( #4591, #1618 ),
 ( #5082, #2115 ),
 ( #5598, #2601 ),
 ( #6098, #3095 ),
 ( #173, #3600 ),
 ( #661, #4113 ),
 ( #1139, #4614 ),
 ( #1640, #5111 ),
 ( #2132, #5621 ),
 ( #2623, #6124 ),
 ( #3115, #198 ),
 ( #3624, #681 ),
 ( #4131, #1165 ),
 ( #4632, #1661 ),
 ( #5132, #2161 ),
 ( #5640, #2645 ),
 ( #6147, #3133 ),
 ( #215, #3645 ),
 ( #703, #4150 ),
 ( #1182, #4657 ),
 ( #1680, #5154 ),
 ( #2181, #5664 ),
 ( #2667, #6166 ),
 ( #3154, #237 ),
 ( #3667, #725 ),
 ( #4174, #1203 ),
 ( #4679, #1708 ) ),
 .UNSPECIFIED., .F., .F., .F.,
 ( 4, 1, 1, 1, 1, 1, 1, 1, 1, 1, 1, 1, 1, 1, 1, 1, 1, 1, 1, 1, 1, 1, 1, 1, 4 ),
 ( 2, 2 ),
 ( 0.0000000000000000000, 0.07353366607713079900, 0.1426661929314749500, 0.2080443345702546200, 0.2691123335984594900, 0.3263039800749799000, 0.3793946721408789100, 0.4290176217271197700, 0.4748808941722496000, 0.5178415642424517600, 0.5586424715340440100, 0.5973596018757721900, 0.6344297164614007800, 0.6694601468909304700, 0.7032151982468436400, 0.7355116593171598900, 0.7668059312187630600, 0.7971069329808999600, 0.8268057952890556200, 0.8557111847390630500, 0.8842877890604145000, 0.9127997229296978000, 0.9416457505209646600, 0.9706240337871279200, 1.000000000000000000 ),
 ( 0.0000000000000000000, 1.000000000000000000 ),
 .UNSPECIFIED. ) ;
#6073 = CARTESIAN_POINT ( 'NONE',  ( 0.8956688830705426000, 0.9999606299212595600, -0.8751278672091245000 ) ) ;
#6074 = ADVANCED_FACE ( 'NONE', ( #4245 ), #4473, .T. ) ;
#6075 = VERTEX_POINT ( 'NONE', #6005 ) ;
#6076 = CARTESIAN_POINT ( 'NONE',  ( 0.1001548727153806400, 0.9999606299212597800, -0.5063941171341138600 ) ) ;
#6077 = EDGE_LOOP ( 'NONE', ( #2668, #6258, #2795, #4310, #2846, #6216, #1981, #1035 ) ) ;
#6078 = CARTESIAN_POINT ( 'NONE',  ( 0.7344188488568587100, 0.9999606299212597800, -0.7959212968753427400 ) ) ;
#6079 = DIRECTION ( 'NONE',  ( -0.7588454441657042100, 0.0000000000000000000, -0.6512707515841280600 ) ) ;
#6080 = CARTESIAN_POINT ( 'NONE',  ( 0.7589479128613836300, 0.9999606299212596700, -0.8573606234840254200 ) ) ;
#6081 = CARTESIAN_POINT ( 'NONE',  ( 0.6465284954103279700, 1.000000000000000200, -0.8556173394898913800 ) ) ;
#6082 = ORIENTED_EDGE ( 'NONE', *, *, #5095, .F. ) ;
#6083 = AXIS2_PLACEMENT_3D ( 'NONE', #4140, #1191, #4668 ) ;
#6084 = VERTEX_POINT ( 'NONE', #1523 ) ;
#6085 = CARTESIAN_POINT ( 'NONE',  ( 0.8845976315694535900, 0.9999606299212601100, -0.8166282901777297500 ) ) ;
#6086 = CARTESIAN_POINT ( 'NONE',  ( 0.6565662501098177300, 1.000000000000000200, -0.8806209250887124800 ) ) ;
#6087 = CARTESIAN_POINT ( 'NONE',  ( 0.8562457707875206200, 0.9999606299212597800, -0.8544154026743598900 ) ) ;
#6088 = CARTESIAN_POINT ( 'NONE',  ( 0.8642156577574826600, 0.9999606299212601100, -0.8849981493991849700 ) ) ;
#6089 = CARTESIAN_POINT ( 'NONE',  ( 0.6152247764056093500, 1.000000000000000000, -0.8518704391174831700 ) ) ;
#6090 = CARTESIAN_POINT ( 'NONE',  ( 0.5753453284274326900, 0.9999606299212597800, -0.8074678958231482600 ) ) ;
#6091 = ORIENTED_EDGE ( 'NONE', *, *, #3727, .F. ) ;
#6092 = CARTESIAN_POINT ( 'NONE',  ( 0.7199732167285990400, 1.000000000000000400, -0.8129637500543227500 ) ) ;
#6093 = PLANE ( 'NONE',  #6339 ) ;
#6094 = CARTESIAN_POINT ( 'NONE',  ( 0.8717224288142854100, 0.9999606299212597800, -0.5063097178467925700 ) ) ;
#6095 = EDGE_LOOP ( 'NONE', ( #5032, #3844, #3119, #2664, #2423, #5344, #2106 ) ) ;
#6096 = CARTESIAN_POINT ( 'NONE',  ( 0.7510174268784227700, 1.000000000000000400, -0.8966395703223569700 ) ) ;
#6097 = CARTESIAN_POINT ( 'NONE',  ( 0.7158783515833033700, 0.9999606299212597800, -0.8438739038356646300 ) ) ;
#6098 = CARTESIAN_POINT ( 'NONE',  ( 0.8981695522712006600, 0.9999606299212598900, -0.8392950688349628500 ) ) ;
#6099 = CARTESIAN_POINT ( 'NONE',  ( 0.6483686894187442600, 0.9999606299212602200, -0.8883624408605741400 ) ) ;
#6100 = CARTESIAN_POINT ( 'NONE',  ( 0.7546068049770559000, 0.9999999999999998900, -0.8791645328601764800 ) ) ;
#6101 = CARTESIAN_POINT ( 'NONE',  ( 0.6046986637201606800, 0.9999606299212597800, -0.8960746992842451000 ) ) ;
#6102 = CARTESIAN_POINT ( 'NONE',  ( 0.8888736969906452200, 1.000000000000000000, -0.8395505741047274400 ) ) ;
#6103 = CARTESIAN_POINT ( 'NONE',  ( 0.6528400638699185500, 0.9999606299212597800, -0.8707132467423484000 ) ) ;
#6104 = B_SPLINE_CURVE_WITH_KNOTS ( 'NONE', 3,
 ( #163, #3091, #4607, #1635, #5101, #2127, #5614, #2619, #6117, #3110, #189, #3616, #674, #4126, #1157, #4627, #1654, #5127, #2151 ),
 .UNSPECIFIED., .F., .F.,
 ( 4, 1, 1, 1, 1, 1, 1, 1, 1, 1, 1, 1, 1, 1, 1, 1, 4 ),
 ( 0.0000000000000000000, 0.06906221142851942700, 0.1347658792836471400, 0.1976107057024327200, 0.2585282108425819300, 0.3181274252810146800, 0.3770582660618969600, 0.4356857915191240100, 0.4947336263914093300, 0.5540911070636499500, 0.6133334186580056100, 0.6729241889746483400, 0.7340655047106250400, 0.7962987887860595300, 0.8612408916846018300, 0.9289703310657797500, 1.000000000000000000 ),
 .UNSPECIFIED. ) ;
#6105 = EDGE_LOOP ( 'NONE', ( #6141, #2188, #2896 ) ) ;
#6106 = ADVANCED_FACE ( 'NONE', ( #465 ), #3509, .T. ) ;
#6107 = ORIENTED_EDGE ( 'NONE', *, *, #5307, .F. ) ;
#6108 = CARTESIAN_POINT ( 'NONE',  ( 0.8624786231030671100, 1.000000000000000000, -0.8448970990112484300 ) ) ;
#6109 = DIRECTION ( 'NONE',  ( -0.7588454441657035400, -0.0000000000000000000, -0.6512707515841286200 ) ) ;
#6110 = CARTESIAN_POINT ( 'NONE',  ( 0.7162395063377375900, 0.9999606299212595600, -0.8580618078593411600 ) ) ;
#6111 = ORIENTED_EDGE ( 'NONE', *, *, #1113, .F. ) ;
#6112 = CARTESIAN_POINT ( 'NONE',  ( 0.6571178570995059900, 0.9999606299212596700, -0.8588834026972168600 ) ) ;
#6113 = EDGE_CURVE ( 'NONE', #5768, #3988, #1762, .T. ) ;
#6114 = CARTESIAN_POINT ( 'NONE',  ( 0.7158556563156902600, 0.9999606299212597800, -0.8461656876451773000 ) ) ;
#6115 = DIRECTION ( 'NONE',  ( 0.5773502691895847600, 0.5773502691896512700, -0.5773502691896411600 ) ) ;
#6116 = AXIS2_PLACEMENT_3D ( 'NONE', #1723, #5195, #2217 ) ;
#6117 = CARTESIAN_POINT ( 'NONE',  ( 0.6514454120396181400, 1.000000000000000400, -0.8013324613288981300 ) ) ;
#6118 = B_SPLINE_SURFACE_WITH_KNOTS ( 'NONE', 3, 1, ( 
 ( #1298, #823 ),
 ( #250, #1805 ),
 ( #5271, #2299 ),
 ( #5790, #2792 ),
 ( #6285, #3277 ),
 ( #356, #3789 ),
 ( #841, #4296 ),
 ( #1324, #4798 ),
 ( #1825, #5292 ),
 ( #2325, #5810 ),
 ( #2810, #6311 ),
 ( #3299, #376 ),
 ( #3811, #864 ),
 ( #4318, #1345 ),
 ( #4825, #1847 ),
 ( #5313, #2347 ),
 ( #5831, #2830 ),
 ( #6335, #3325 ),
 ( #402, #3833 ) ),
 .UNSPECIFIED., .F., .F., .F.,
 ( 4, 1, 1, 1, 1, 1, 1, 1, 1, 1, 1, 1, 1, 1, 1, 1, 4 ),
 ( 2, 2 ),
 ( 0.0000000000000000000, 0.08053600938051930200, 0.1575051715253419900, 0.2303941112024256400, 0.2998251517006285700, 0.3668016534130303400, 0.4313192642618368700, 0.4942183518431536000, 0.5563766225189574800, 0.6167198372247829600, 0.6743120428934187300, 0.7300136391601242900, 0.7839920870087014900, 0.8374046133593580100, 0.8906781981301905600, 0.9443899566616618100, 1.000000000000000000 ),
 ( 0.0000000000000000000, 1.000000000000000000 ),
 .UNSPECIFIED. ) ;
#6119 = CARTESIAN_POINT ( 'NONE',  ( 0.8889082418019000900, 0.9999606299212597800, -0.8414669631874652800 ) ) ;
#6120 = ORIENTED_EDGE ( 'NONE', *, *, #1698, .T. ) ;
#6121 = EDGE_CURVE ( 'NONE', #444, #3354, #1598, .T. ) ;
#6122 = AXIS2_PLACEMENT_3D ( 'NONE', #920, #4881, #1907 ) ;
#6123 = CARTESIAN_POINT ( 'NONE',  ( 0.7546068049770559000, 0.9999999999999998900, -0.8791645328601764800 ) ) ;
#6124 = CARTESIAN_POINT ( 'NONE',  ( 0.8945395083202235500, 1.000000000000000400, -0.8166313589651411600 ) ) ;
#6125 = CARTESIAN_POINT ( 'NONE',  ( 0.9921259842519686300, 0.9921259842519683000, -2.582993871724054900E-017 ) ) ;
#6126 = CARTESIAN_POINT ( 'NONE',  ( 0.7442107386842882200, 0.9999606299212597800, -0.8875061143145960300 ) ) ;
#6127 = CARTESIAN_POINT ( 'NONE',  ( 0.6239330119028114700, 0.9999606299212597800, -0.8713418226216509400 ) ) ;
#6128 = VERTEX_POINT ( 'NONE', #5020 ) ;
#6129 = LINE ( 'NONE', #6273, #3138 ) ;
#6130 = CARTESIAN_POINT ( 'NONE',  ( 0.6937653827631111700, 0.9999606299212598900, -0.8295829699309971200 ) ) ;
#6131 = FACE_OUTER_BOUND ( 'NONE', #713, .T. ) ;
#6132 = CARTESIAN_POINT ( 'NONE',  ( 0.8717137828693124500, 0.9999606299212597800, -0.8416105923193604200 ) ) ;
#6133 = CARTESIAN_POINT ( 'NONE',  ( 0.6903876711850096500, 0.9999999999999996700, -0.8344412118724970900 ) ) ;
#6134 = ORIENTED_EDGE ( 'NONE', *, *, #1276, .T. ) ;
#6135 = FACE_OUTER_BOUND ( 'NONE', #5707, .T. ) ;
#6136 = CARTESIAN_POINT ( 'NONE',  ( 0.7396503188770470200, 0.9999606299212603400, -0.8979652109420733800 ) ) ;
#6137 = CARTESIAN_POINT ( 'NONE',  ( 0.6692230480767885600, 1.000000000000000400, -0.8538745844429825900 ) ) ;
#6138 = FACE_OUTER_BOUND ( 'NONE', #5144, .T. ) ;
#6139 = CARTESIAN_POINT ( 'NONE',  ( 0.8601669674949685700, 1.000000000000000000, -0.8809435322334019400 ) ) ;
#6140 = CARTESIAN_POINT ( 'NONE',  ( 0.7162395063377375900, 0.9999999999999996700, -0.8580618078593411600 ) ) ;
#6141 = ORIENTED_EDGE ( 'NONE', *, *, #5793, .F. ) ;
#6142 = CARTESIAN_POINT ( 'NONE',  ( 0.8077783007285690400, 1.000000000000000000, -0.8757532888155724600 ) ) ;
#6143 = LINE ( 'NONE', #2697, #3314 ) ;
#6144 = CARTESIAN_POINT ( 'NONE',  ( 0.7518575336188239000, 0.9999606299212595600, -0.7961033752799653300 ) ) ;
#6145 = CARTESIAN_POINT ( 'NONE',  ( 0.6155193952282233000, 0.9999606299212596700, -0.8306163324430646500 ) ) ;
#6146 = CARTESIAN_POINT ( 'NONE',  ( 0.9921259842519686300, 1.000000000000000000, -1.000000000000000200 ) ) ;
#6147 = CARTESIAN_POINT ( 'NONE',  ( 0.8855818378282767100, 0.9999606299212597800, -0.8011006089434225000 ) ) ;
#6148 = CARTESIAN_POINT ( 'NONE',  ( 0.6042353023857660600, 1.000000000000000000, -0.8557067656924960400 ) ) ;
#6149 = LINE ( 'NONE', #194, #4819 ) ;
#6150 = CARTESIAN_POINT ( 'NONE',  ( 0.6265593731717509200, 0.9999606299212597800, -0.8253394635203844500 ) ) ;
#6151 = CARTESIAN_POINT ( 'NONE',  ( 0.6568097102872120200, 0.9999606299212601100, -0.7978709628831938100 ) ) ;
#6152 = CARTESIAN_POINT ( 'NONE',  ( 0.6856505447569026800, 1.000000000000000000, -0.8374305855362915700 ) ) ;
#6153 = CARTESIAN_POINT ( 'NONE',  ( 0.8644885459951468000, 1.000000000000000000, -0.8316178884500595700 ) ) ;
#6154 = CARTESIAN_POINT ( 'NONE',  ( 0.6604631913879953600, 0.9999999999999998900, -0.8837654848756966200 ) ) ;
#6155 = CARTESIAN_POINT ( 'NONE',  ( 0.8608106243658145700, 0.9999606299212597800, -0.8087681238050392600 ) ) ;
#6156 = CARTESIAN_POINT ( 'NONE',  ( 0.7396503188770470200, 1.000000000000000400, -0.8979652109420733800 ) ) ;
#6157 = EDGE_CURVE ( 'NONE', #2925, #5447, #2558, .T. ) ;
#6158 = CARTESIAN_POINT ( 'NONE',  ( 0.6063073905767220100, 1.000000000000000000, -0.8564448798547910100 ) ) ;
#6159 = CARTESIAN_POINT ( 'NONE',  ( 0.7867674105770539100, 1.000000000000000000, -0.8599951212019361100 ) ) ;
#6160 = EDGE_CURVE ( 'NONE', #1475, #168, #313, .T. ) ;
#6161 = VERTEX_POINT ( 'NONE', #1544 ) ;
#6162 = B_SPLINE_CURVE_WITH_KNOTS ( 'NONE', 3,
 ( #4007, #565, #2034, #5512, #2528, #6014, #3017, #93, #3521, #584, #4033, #1068, #4529, #1557, #5035, #2051, #5534, #2550, #6041 ),
 .UNSPECIFIED., .F., .F.,
 ( 4, 1, 1, 1, 1, 1, 1, 1, 1, 1, 1, 1, 1, 1, 1, 1, 4 ),
 ( 0.0000000000000000000, 0.06906221142851942700, 0.1347658792836471400, 0.1976107057024327200, 0.2585282108425819300, 0.3181274252810146800, 0.3770582660618969600, 0.4356857915191240100, 0.4947336263914093300, 0.5540911070636499500, 0.6133334186580056100, 0.6729241889746483400, 0.7340655047106250400, 0.7962987887860595300, 0.8612408916846018300, 0.9289703310657797500, 1.000000000000000000 ),
 .UNSPECIFIED. ) ;
#6163 = ORIENTED_EDGE ( 'NONE', *, *, #3199, .F. ) ;
#6164 = CARTESIAN_POINT ( 'NONE',  ( 0.6092226478759248400, 0.9999606299212598900, -0.8400363084958136800 ) ) ;
#6165 = CARTESIAN_POINT ( 'NONE',  ( 0.6126478658253375900, 0.9999606299212597800, -0.8501462664434135100 ) ) ;
#6166 = CARTESIAN_POINT ( 'NONE',  ( 0.8749941937594063500, 0.9999999999999998900, -0.7950733952401736200 ) ) ;
#6167 = ORIENTED_EDGE ( 'NONE', *, *, #4932, .F. ) ;
#6168 = CARTESIAN_POINT ( 'NONE',  ( 0.6229501914099792000, 0.9999606299212601100, -0.8090333535814627800 ) ) ;
#6169 = CARTESIAN_POINT ( 'NONE',  ( 0.6434844230053367000, 1.000000000000000200, -0.8113457884023427300 ) ) ;
#6170 = CARTESIAN_POINT ( 'NONE',  ( 0.6706475430244964700, 0.9999606299212598900, -0.8423044501946997900 ) ) ;
#6171 = CARTESIAN_POINT ( 'NONE',  ( 0.8446244737959156500, 1.000000000000000200, -0.8604059152896350600 ) ) ;
#6172 = VERTEX_POINT ( 'NONE', #4062 ) ;
#6173 = ORIENTED_EDGE ( 'NONE', *, *, #3502, .F. ) ;
#6174 = CARTESIAN_POINT ( 'NONE',  ( 0.6992730331659090500, 1.000000000000000200, -0.8413515315978441500 ) ) ;
#6175 = PLANE ( 'NONE',  #551 ) ;
#6176 = ORIENTED_EDGE ( 'NONE', *, *, #2847, .T. ) ;
#6177 = CARTESIAN_POINT ( 'NONE',  ( 0.6842161017052411600, 0.9999606299212596700, -0.8380465580314079300 ) ) ;
#6178 = CARTESIAN_POINT ( 'NONE',  ( 0.6991785979712671400, 0.9999999999999998900, -0.8051781656967271800 ) ) ;
#6179 = ORIENTED_EDGE ( 'NONE', *, *, #806, .T. ) ;
#6180 = CARTESIAN_POINT ( 'NONE',  ( 0.6134048711101943700, 0.9999606299212598900, -0.8687612440302430200 ) ) ;
#6181 = CARTESIAN_POINT ( 'NONE',  ( 0.6134275668270540200, 0.9999606299212598900, -0.8696798283811503200 ) ) ;
#6182 = ORIENTED_EDGE ( 'NONE', *, *, #753, .T. ) ;
#6183 = CARTESIAN_POINT ( 'NONE',  ( 0.7665635637487823200, 0.9999606299212597800, -0.8754590969021018900 ) ) ;
#6184 = DIRECTION ( 'NONE',  ( 0.6512707515841398300, -0.0000000000000000000, 0.7588454441656941100 ) ) ;
#6185 = CARTESIAN_POINT ( 'NONE',  ( 0.6245816421447770700, 1.000000000000000400, -0.8376960267611269800 ) ) ;
#6186 = DIRECTION ( 'NONE',  ( -0.0000000000000000000, -0.0000000000000000000, -1.000000000000000000 ) ) ;
#6187 = ORIENTED_EDGE ( 'NONE', *, *, #4551, .F. ) ;
#6188 = CARTESIAN_POINT ( 'NONE',  ( 0.6095487823076821700, 1.000000000000000200, -0.7973932226950694000 ) ) ;
#6189 = CARTESIAN_POINT ( 'NONE',  ( 0.5753453284274326900, 1.000000000000000000, -0.8429237729538301400 ) ) ;
#6190 = CARTESIAN_POINT ( 'NONE',  ( 0.8829327805566532500, 0.9999606299212593400, -0.8131877575610747500 ) ) ;
#6191 = CARTESIAN_POINT ( 'NONE',  ( 0.6540275795892509500, 0.9999606299212602200, -0.8766182118226622000 ) ) ;
#6192 = CARTESIAN_POINT ( 'NONE',  ( 0.7591719235172166300, 0.9999606299212598900, -0.8481766129728355300 ) ) ;
#6193 = EDGE_CURVE ( 'NONE', #741, #3435, #5732, .T. ) ;
#6194 = PERSON_AND_ORGANIZATION ( #1546, #2977 ) ;
#6195 = CARTESIAN_POINT ( 'NONE',  ( 0.8667519349988569400, 0.9999606299212595600, -0.7943900400690612200 ) ) ;
#6196 = CARTESIAN_POINT ( 'NONE',  ( 0.8777300066325111100, 0.9999999999999996700, -0.8968301365384286900 ) ) ;
#6197 = EDGE_CURVE ( 'NONE', #108, #6250, #1416, .T. ) ;
#6198 = CARTESIAN_POINT ( 'NONE',  ( 0.8722685185980337800, 1.000000000000000200, -0.8416339194362534300 ) ) ;
#6199 = CARTESIAN_POINT ( 'NONE',  ( 0.6042353023857660600, 1.000000000000000000, -0.8557067656924960400 ) ) ;
#6200 = ORIENTED_EDGE ( 'NONE', *, *, #4143, .T. ) ;
#6201 = FACE_OUTER_BOUND ( 'NONE', #3070, .T. ) ;
#6202 = CARTESIAN_POINT ( 'NONE',  ( 0.7508184490866198800, 0.9999606299212596700, -0.8081503105965957000 ) ) ;
#6203 = CARTESIAN_POINT ( 'NONE',  ( 0.007874015748031584400, 0.0000000000000000000, -0.007874015748031584400 ) ) ;
#6204 = CARTESIAN_POINT ( 'NONE',  ( 0.7696960623289479400, 1.000000000000000000, -0.8461656876451773000 ) ) ;
#6205 = ORIENTED_EDGE ( 'NONE', *, *, #6400, .T. ) ;
#6206 = LINE ( 'NONE', #223, #3535 ) ;
#6207 = CARTESIAN_POINT ( 'NONE',  ( 0.6113097873632850100, 1.000000000000000000, -0.8786291690059271400 ) ) ;
#6208 = DIRECTION ( 'NONE',  ( 0.7071067811865536800, 0.7071067811865413600, 1.734723475976862300E-014 ) ) ;
#6209 = LINE ( 'NONE', #733, #3537 ) ;
#6210 = CARTESIAN_POINT ( 'NONE',  ( 0.7274750440919751600, 0.9999606299212513400, -0.8257969152859044900 ) ) ;
#6211 = CARTESIAN_POINT ( 'NONE',  ( 0.5959663680780896700, 0.9999606299212597800, -0.7956492701129210800 ) ) ;
#6212 = DIRECTION ( 'NONE',  ( 0.0000000000000000000, -0.7071067811865536800, -0.7071067811865413600 ) ) ;
#6213 = VERTEX_POINT ( 'NONE', #3599 ) ;
#6214 = VECTOR ( 'NONE', #4086, 39.37007874015748100 ) ;
#6215 = CARTESIAN_POINT ( 'NONE',  ( 0.8719189673434483100, 0.9999606299212597800, -0.8875719145257998700 ) ) ;
#6216 = ORIENTED_EDGE ( 'NONE', *, *, #5438, .F. ) ;
#6217 = FACE_OUTER_BOUND ( 'NONE', #1326, .T. ) ;
#6218 = DIRECTION ( 'NONE',  ( -0.7071067811865413600, -2.775557561562892000E-017, -0.7071067811865536800 ) ) ;
#6219 = CARTESIAN_POINT ( 'NONE',  ( 0.7506721473712292300, 0.9999606299212598900, -0.8843070020037028200 ) ) ;
#6220 = PLANE ( 'NONE',  #4111 ) ;
#6221 = CARTESIAN_POINT ( 'NONE',  ( 0.8549522685632576800, 0.9999999999999998900, -0.7992292962084121000 ) ) ;
#6222 = CARTESIAN_POINT ( 'NONE',  ( 0.8891220540411261000, 0.9999606299212593400, -0.8884105292686528300 ) ) ;
#6223 = CARTESIAN_POINT ( 'NONE',  ( 0.8843385305009136000, 1.000000000000000200, -0.8490911260577274100 ) ) ;
#6224 = VECTOR ( 'NONE', #672, 39.37007874015748100 ) ;
#6225 = CARTESIAN_POINT ( 'NONE',  ( 0.8653348880283547900, 0.9999999999999998900, -0.8430675442826745000 ) ) ;
#6226 = B_SPLINE_CURVE_WITH_KNOTS ( 'NONE', 3,
 ( #546, #1031, #4491, #1515, #4993, #2018, #5494, #2513, #6001, #2999, #71, #3501, #569, #4013, #1049 ),
 .UNSPECIFIED., .F., .F.,
 ( 4, 1, 1, 1, 1, 1, 1, 1, 1, 1, 1, 1, 4 ),
 ( 0.0000000000000000000, 0.08427347156089409800, 0.1665166244253426800, 0.2473877598069598400, 0.3288365457123073000, 0.4090983268496165600, 0.4877267016055331100, 0.5657077880693263100, 0.6449848608508573800, 0.7265584459444192100, 0.8120697979385852500, 0.9027287756276000100, 1.000000000000000000 ),
 .UNSPECIFIED. ) ;
#6227 = CARTESIAN_POINT ( 'NONE',  ( 0.6966021832335456100, 1.000000000000000000, -0.8871971595059464600 ) ) ;
#6228 = ORIENTED_EDGE ( 'NONE', *, *, #1280, .T. ) ;
#6229 = VECTOR ( 'NONE', #285, 39.37007874015748100 ) ;
#6230 = CARTESIAN_POINT ( 'NONE',  ( 0.5925397873600203300, 1.000000000000000000, -0.8849455532568604200 ) ) ;
#6231 = CARTESIAN_POINT ( 'NONE',  ( 0.8486195660649202800, 0.9999606299212601100, -0.8447413050377417000 ) ) ;
#6232 = CARTESIAN_POINT ( 'NONE',  ( 0.7334937792190374700, 1.000000000000050200, -0.8095723855014053100 ) ) ;
#6233 = CARTESIAN_POINT ( 'NONE',  ( 0.7309538796430028500, 0.9999606299212596700, -0.8132684993912462400 ) ) ;
#6234 = CARTESIAN_POINT ( 'NONE',  ( 0.6538098077780515300, 1.000000000000000000, -0.8165978710663375200 ) ) ;
#6235 = CARTESIAN_POINT ( 'NONE',  ( 0.7614476464686851200, 0.9999606299212597800, -0.8874077669464911500 ) ) ;
#6236 = EDGE_CURVE ( 'NONE', #750, #3815, #294, .T. ) ;
#6237 = CARTESIAN_POINT ( 'NONE',  ( 0.8974654523130595200, 1.000000000000000000, -0.8305748885066996900 ) ) ;
#6238 = DIRECTION ( 'NONE',  ( 0.0000000000000000000, 0.0000000000000000000, -1.000000000000000000 ) ) ;
#6239 = DIRECTION ( 'NONE',  ( -1.000000000000000000, 0.0000000000000000000, -0.0000000000000000000 ) ) ;
#6240 = CARTESIAN_POINT ( 'NONE',  ( 0.8467344470048331400, 0.9999606299212601100, -0.8136179477821795500 ) ) ;
#6241 = CARTESIAN_POINT ( 'NONE',  ( 0.8956688830705426000, 0.9999999999999996700, -0.8751278672091245000 ) ) ;
#6242 = ORIENTED_EDGE ( 'NONE', *, *, #5947, .F. ) ;
#6243 = EDGE_LOOP ( 'NONE', ( #534, #4428, #5647 ) ) ;
#6244 = DIRECTION ( 'NONE',  ( -0.0000000000000000000, 1.000000000000000000, -0.0000000000000000000 ) ) ;
#6245 = EDGE_CURVE ( 'NONE', #196, #4817, #1445, .T. ) ;
#6246 = B_SPLINE_CURVE_WITH_KNOTS ( 'NONE', 3,
 ( #5167, #1194, #716, #2195, #5678, #2679, #6178, #3169, #253, #3682, #737, #4190, #1216, #4690, #1720 ),
 .UNSPECIFIED., .F., .F.,
 ( 4, 1, 1, 1, 1, 1, 1, 1, 1, 1, 1, 1, 4 ),
 ( 0.0000000000000000000, 0.08427347156089409800, 0.1665166244253426800, 0.2473877598069598400, 0.3288365457123073000, 0.4090983268496165600, 0.4877267016055331100, 0.5657077880693263100, 0.6449848608508573800, 0.7265584459444192100, 0.8120697979385852500, 0.9027287756276000100, 1.000000000000000000 ),
 .UNSPECIFIED. ) ;
#6247 = CARTESIAN_POINT ( 'NONE',  ( 0.6442659414834750500, 0.9999999999999996700, -0.8814767170262441900 ) ) ;
#6248 = CARTESIAN_POINT ( 'NONE',  ( 0.4936393814528367600, 0.9999606299212597800, -0.3332054203944309100 ) ) ;
#6249 = EDGE_CURVE ( 'NONE', #3193, #5108, #156, .T. ) ;
#6250 = VERTEX_POINT ( 'NONE', #660 ) ;
#6251 = CARTESIAN_POINT ( 'NONE',  ( 0.8051486190804831900, 1.000000000000000200, -0.8874727388233130100 ) ) ;
#6252 = ORIENTED_EDGE ( 'NONE', *, *, #4389, .F. ) ;
#6253 = CARTESIAN_POINT ( 'NONE',  ( 0.8624271098903802900, 1.000000000000000400, -0.7951925975796311200 ) ) ;
#6254 = CARTESIAN_POINT ( 'NONE',  ( 0.7430220806912820600, 0.9999606299212507900, -0.8048415345542089300 ) ) ;
#6255 = ORIENTED_EDGE ( 'NONE', *, *, #2148, .F. ) ;
#6256 = CARTESIAN_POINT ( 'NONE',  ( 0.6919910553322807800, 1.000000000000000000, -0.8689464346182165200 ) ) ;
#6257 = CARTESIAN_POINT ( 'NONE',  ( 0.6711459385013577300, 0.9999606299212601100, -0.8062574606935811700 ) ) ;
#6258 = ORIENTED_EDGE ( 'NONE', *, *, #5060, .F. ) ;
#6259 = CARTESIAN_POINT ( 'NONE',  ( 0.6848432612246923000, 0.9999606299212598900, -0.8497223485393293800 ) ) ;
#6260 = CARTESIAN_POINT ( 'NONE',  ( 0.8822662341179784400, 1.000000000000000200, -0.7984055067584698900 ) ) ;
#6261 = DIRECTION ( 'NONE',  ( -0.4832823832550038300, 0.0000000000000000000, 0.8754645270000170900 ) ) ;
#6262 = CARTESIAN_POINT ( 'NONE',  ( 0.6909862427969607500, 1.000000000000000000, -0.8473353192709537400 ) ) ;
#6263 = DIRECTION ( 'NONE',  ( 0.7071067811865536800, 0.0000000000000000000, 0.7071067811865412400 ) ) ;
#6264 = CARTESIAN_POINT ( 'NONE',  ( 0.005567769930602880500, 0.9976937541825708900, -0.9944322300693974000 ) ) ;
#6265 = CARTESIAN_POINT ( 'NONE',  ( 0.8983744662368514700, 0.9999606299212596700, -0.8505977818603237500 ) ) ;
#6266 = PLANE ( 'NONE',  #587 ) ;
#6267 = ORIENTED_EDGE ( 'NONE', *, *, #5359, .F. ) ;
#6268 = CARTESIAN_POINT ( 'NONE',  ( 0.6569836905870509700, 0.9999606299212603400, -0.8950861732611439200 ) ) ;
#6269 = CARTESIAN_POINT ( 'NONE',  ( 0.6159560576297364900, 0.9999606299212601100, -0.8223080625301342200 ) ) ;
#6270 = CARTESIAN_POINT ( 'NONE',  ( 0.8034748033498078100, 0.9999999999999995600, -0.8712825944231982200 ) ) ;
#6271 = CARTESIAN_POINT ( 'NONE',  ( 0.6136447479683073700, 0.9999999999999998900, -0.8147492342084479100 ) ) ;
#6272 = CARTESIAN_POINT ( 'NONE',  ( 0.8459796534587462600, 1.000000000000000200, -0.8183069775693829800 ) ) ;
#6273 = CARTESIAN_POINT ( 'NONE',  ( 0.5925397873600203300, 0.9999606299212597800, -0.8849455532568604200 ) ) ;
#6274 = CARTESIAN_POINT ( 'NONE',  ( 0.6763210100156866700, 0.9999999999999996700, -0.8859808554584880400 ) ) ;
#6275 = CARTESIAN_POINT ( 'NONE',  ( 0.7159047316127144000, 0.9999606299212602200, -0.8522433446504831300 ) ) ;
#6276 = LINE ( 'NONE', #1767, #2454 ) ;
#6277 = CARTESIAN_POINT ( 'NONE',  ( 0.6528577955478694900, 0.9999999999999998900, -0.8690879721924490400 ) ) ;
#6278 = CARTESIAN_POINT ( 'NONE',  ( 0.5451755236128935600, 0.9999606299212597800, -0.1495303742652018300 ) ) ;
#6279 = DIRECTION ( 'NONE',  ( 0.0000000000000000000, 0.0000000000000000000, 1.000000000000000000 ) ) ;
#6280 = EDGE_CURVE ( 'NONE', #4871, #3899, #5556, .T. ) ;
#6281 = CARTESIAN_POINT ( 'NONE',  ( 0.7052202280086852200, 0.9999606299212597800, -0.8277995703189258100 ) ) ;
#6282 = VECTOR ( 'NONE', #6186, 39.37007874015748100 ) ;
#6283 = CARTESIAN_POINT ( 'NONE',  ( 0.8563659842039478300, 0.9999606299212597800, -0.8205997021678452800 ) ) ;
#6284 = CARTESIAN_POINT ( 'NONE',  ( 0.5961920709996391100, 0.9999606299207709500, -0.8074678958231482600 ) ) ;
#6285 = CARTESIAN_POINT ( 'NONE',  ( 0.8455235229720218200, 0.9999606299212595600, -0.8749530632248977400 ) ) ;
#6286 = LINE ( 'NONE', #3053, #3775 ) ;
#6287 = EDGE_CURVE ( 'NONE', #1302, #1475, #2599, .T. ) ;
#6288 = CARTESIAN_POINT ( 'NONE',  ( 0.8703081543710137200, 1.000000000000000000, -0.8311522906086397100 ) ) ;
#6289 = ORIENTED_EDGE ( 'NONE', *, *, #3464, .T. ) ;
#6290 = CC_DESIGN_APPROVAL ( #5954, ( #5619 ) ) ;
#6291 = ORIENTED_EDGE ( 'NONE', *, *, #5307, .T. ) ;
#6292 = LINE ( 'NONE', #4626, #4953 ) ;
#6293 = CARTESIAN_POINT ( 'NONE',  ( 0.6716589205868196400, 1.000000000000000000, -0.8980773596015574300 ) ) ;
#6294 = CARTESIAN_POINT ( 'NONE',  ( 0.8707743544535386800, 1.000000000000000200, -0.8048852938995791900 ) ) ;
#6295 = ADVANCED_FACE ( 'NONE', ( #5250 ), #259, .F. ) ;
#6296 = LINE ( 'NONE', #657, #4954 ) ;
#6297 = CARTESIAN_POINT ( 'NONE',  ( 0.7867674105770539100, 0.9999606299212597800, -0.8599951212019361100 ) ) ;
#6298 = CARTESIAN_POINT ( 'NONE',  ( 0.6907279292393070400, 1.000000000000000000, -0.8121841257378786800 ) ) ;
#6299 = VERTEX_POINT ( 'NONE', #3132 ) ;
#6300 = VECTOR ( 'NONE', #5530, 39.37007874015748100 ) ;
#6301 = CARTESIAN_POINT ( 'NONE',  ( 0.6043858590742985400, 0.9999606299207710600, -0.8080955610924148700 ) ) ;
#6302 = CARTESIAN_POINT ( 'NONE',  ( 0.7210073819363733700, 1.000000000000000000, -0.8813537111801143000 ) ) ;
#6303 = CARTESIAN_POINT ( 'NONE',  ( 0.7263611013914480500, 0.9999606299212598900, -0.8462067245400045600 ) ) ;
#6304 = EDGE_LOOP ( 'NONE', ( #1597, #3943, #5629, #463 ) ) ;
#6305 = DIRECTION ( 'NONE',  ( 0.0000000000000000000, -1.000000000000000000, 0.0000000000000000000 ) ) ;
#6306 = VECTOR ( 'NONE', #2579, 39.37007874015748100 ) ;
#6307 = CARTESIAN_POINT ( 'NONE',  ( 0.6423401860545313600, 1.000000000000000000, -0.8713704213580693000 ) ) ;
#6308 = CARTESIAN_POINT ( 'NONE',  ( 0.6779050825115117100, 0.9999606299212601100, -0.8517052147122785600 ) ) ;
#6309 = CARTESIAN_POINT ( 'NONE',  ( 0.3052134181456793700, 0.9999606299212597800, -0.4935941171341137200 ) ) ;
#6310 = CARTESIAN_POINT ( 'NONE',  ( 0.7556982771170494000, 0.9999606299212597800, -0.8939394023372239100 ) ) ;
#6311 = CARTESIAN_POINT ( 'NONE',  ( 0.8539214284060303600, 1.000000000000000400, -0.8911036368896139100 ) ) ;
#6312 = B_SPLINE_CURVE_WITH_KNOTS ( 'NONE', 3,
 ( #913, #3358, #2397, #5879, #2883, #6383, #3374, #449, #3885, #938, #4386 ),
 .UNSPECIFIED., .F., .F.,
 ( 4, 1, 1, 1, 1, 1, 1, 1, 4 ),
 ( 0.0000000000000000000, 0.1134955418346444300, 0.2259989297760186500, 0.3392690985223862400, 0.4584033987388569400, 0.5828288938708738900, 0.7128865688815805300, 0.8512114562531183400, 0.9999999999999998900 ),
 .UNSPECIFIED. ) ;
#6313 = CARTESIAN_POINT ( 'NONE',  ( 0.6086113202413974100, 0.9999606299212596700, -0.8097117274253781100 ) ) ;
#6314 = CARTESIAN_POINT ( 'NONE',  ( 0.6650004775171559600, 0.9999606299212597800, -0.8076817356762992000 ) ) ;
#6315 = CARTESIAN_POINT ( 'NONE',  ( 0.5648398833516751200, 0.9999606299212597800, -0.7956492701129210800 ) ) ;
#6316 = CARTESIAN_POINT ( 'NONE',  ( 0.8690258662581323800, 1.000000000000000000, -0.7943360894784514700 ) ) ;
#6317 = CARTESIAN_POINT ( 'NONE',  ( 0.4936393814528367600, 1.000000000000000000, -0.3332054203944309100 ) ) ;
#6318 = ORIENTED_EDGE ( 'NONE', *, *, #4359, .T. ) ;
#6319 = DATE_TIME_ROLE ( 'creation_date' ) ;
#6320 = DIRECTION ( 'NONE',  ( -1.719022551389994500E-014, 0.7071067811865536800, -0.7071067811865413600 ) ) ;
#6321 = ORIENTED_EDGE ( 'NONE', *, *, #5149, .F. ) ;
#6322 = CARTESIAN_POINT ( 'NONE',  ( 0.7365920124911254900, 0.9999606299212597800, -0.8973380169243043700 ) ) ;
#6323 = ORIENTED_EDGE ( 'NONE', *, *, #3302, .F. ) ;
#6324 = EDGE_CURVE ( 'NONE', #2035, #5331, #4392, .T. ) ;
#6325 = CARTESIAN_POINT ( 'NONE',  ( 0.7693094631978961700, 0.9999999999999994400, -0.8343382170657771500 ) ) ;
#6326 = ADVANCED_FACE ( 'NONE', ( #1137 ), #1227, .F. ) ;
#6327 = EDGE_LOOP ( 'NONE', ( #3007, #4382, #2083, #5157 ) ) ;
#6328 = EDGE_CURVE ( 'NONE', #1303, #5851, #6276, .T. ) ;
#6329 = CARTESIAN_POINT ( 'NONE',  ( 0.8807323506694609800, 0.9999606299212596700, -0.8449482299153929800 ) ) ;
#6330 = EDGE_LOOP ( 'NONE', ( #334, #3018, #5876, #3441, #4401, #1065, #899, #4270, #5983, #5627, #4478, #6375, #6021, #1460, #358, #447 ) ) ;
#6331 = CARTESIAN_POINT ( 'NONE',  ( 0.6545528160859303000, 0.9999999999999998900, -0.8937547751137667800 ) ) ;
#6332 = CARTESIAN_POINT ( 'NONE',  ( 0.6893002329944201100, 1.000000000000000200, -0.8481276536094620700 ) ) ;
#6333 = CARTESIAN_POINT ( 'NONE',  ( 0.9921259842519683000, 1.000000000000000000, -0.007874015748031995600 ) ) ;
#6334 = DIRECTION ( 'NONE',  ( 0.0000000000000000000, 0.0000000000000000000, -1.000000000000000000 ) ) ;
#6335 = CARTESIAN_POINT ( 'NONE',  ( 0.8694546653138124400, 0.9999606299212596700, -0.8980517787519469700 ) ) ;
#6336 = CARTESIAN_POINT ( 'NONE',  ( 0.6159560576297364900, 1.000000000000000200, -0.8223080625301342200 ) ) ;
#6337 = ORIENTED_EDGE ( 'NONE', *, *, #2959, .F. ) ;
#6338 = CARTESIAN_POINT ( 'NONE',  ( 0.8874010683583207800, 1.000000000000000200, -0.8254156991859015200 ) ) ;
#6339 = AXIS2_PLACEMENT_3D ( 'NONE', #3090, #3591, #655 ) ;
#6340 = EDGE_LOOP ( 'NONE', ( #799, #2079, #895, #687 ) ) ;
#6341 = CARTESIAN_POINT ( 'NONE',  ( 0.8642156577574826600, 0.9999606299212598900, -0.8849981493991849700 ) ) ;
#6342 = EDGE_LOOP ( 'NONE', ( #2466, #4572, #5468, #2472 ) ) ;
#6343 = CARTESIAN_POINT ( 'NONE',  ( 0.8445473584937205300, 0.9999606299212597800, -0.8640782922372404200 ) ) ;
#6344 = PLANE ( 'NONE',  #2761 ) ;
#6345 = CARTESIAN_POINT ( 'NONE',  ( 0.7611850694413494500, 0.9999606299212598900, -0.8044586174809665900 ) ) ;
#6346 = CARTESIAN_POINT ( 'NONE',  ( 0.8867515385499374900, 1.000000000000000000, -0.8547323527303307700 ) ) ;
#6347 = ORIENTED_EDGE ( 'NONE', *, *, #6287, .T. ) ;
#6348 = CARTESIAN_POINT ( 'NONE',  ( 0.8703081543710137200, 0.9999606299212597800, -0.8311522906086397100 ) ) ;
#6349 = CARTESIAN_POINT ( 'NONE',  ( 0.6020421464665122200, 1.000000000000000200, -0.8077570286750066500 ) ) ;
#6350 = CARTESIAN_POINT ( 'NONE',  ( 0.6006691101548224900, 0.9999606299212597800, -0.8965965055630784600 ) ) ;
#6351 = DIRECTION ( 'NONE',  ( -0.0000000000000000000, 1.000000000000000000, -0.0000000000000000000 ) ) ;
#6352 = CARTESIAN_POINT ( 'NONE',  ( 0.6209418533055242100, 0.9999999999999995600, -0.8057789127052834600 ) ) ;
#6353 = LOCAL_TIME ( 13, 25, 22.00000000000000000, #1212 ) ;
#6354 = CARTESIAN_POINT ( 'NONE',  ( 0.6238317253057394900, 1.000000000000000200, -0.8680307886681253300 ) ) ;
#6355 = CARTESIAN_POINT ( 'NONE',  ( 0.7574536563208244000, 0.9999999999999998900, -0.8220605308019312000 ) ) ;
#6356 = ORIENTED_EDGE ( 'NONE', *, *, #512, .T. ) ;
#6357 = ORIENTED_EDGE ( 'NONE', *, *, #4897, .F. ) ;
#6358 = CARTESIAN_POINT ( 'NONE',  ( 0.8570254738273426200, 0.9999999999999995600, -0.8753577283437352600 ) ) ;
#6359 = VECTOR ( 'NONE', #287, 39.37007874015748100 ) ;
#6360 = CARTESIAN_POINT ( 'NONE',  ( 0.8580965929443867800, 0.9999606299212598900, -0.8945612981773059000 ) ) ;
#6361 = CARTESIAN_POINT ( 'NONE',  ( 0.8889082418019000900, 0.9999606299212597800, -0.8414669631874652800 ) ) ;
#6362 = ORIENTED_EDGE ( 'NONE', *, *, #5908, .T. ) ;
#6363 = B_SPLINE_CURVE_WITH_KNOTS ( 'NONE', 3,
 ( #2420, #5392, #1423, #5909, #2904, #6406, #3407, #475, #3912, #962, #4419, #1441, #4919, #1950, #5414, #2442, #5931, #2931, #6423 ),
 .UNSPECIFIED., .F., .F.,
 ( 4, 1, 1, 1, 1, 1, 1, 1, 1, 1, 1, 1, 1, 1, 1, 1, 4 ),
 ( 0.0000000000000000000, 0.08412499755509551800, 0.1645926146141852000, 0.2404076344618210300, 0.3133803856978125100, 0.3825554119012817300, 0.4493210957063721300, 0.5140188204243306700, 0.5772526214781109600, 0.6383166065431165000, 0.6954523136793128200, 0.7501335620901260500, 0.8018792343497646000, 0.8521228718548782300, 0.9011493547058082600, 0.9506226970545701400, 1.000000000000000000 ),
 .UNSPECIFIED. ) ;
#6364 = FACE_OUTER_BOUND ( 'NONE', #1450, .T. ) ;
#6365 = CARTESIAN_POINT ( 'NONE',  ( 0.7459157940779934700, 1.000000000000000000, -0.7944455454545320500 ) ) ;
#6366 = VECTOR ( 'NONE', #4050, 39.37007874015748100 ) ;
#6367 = CARTESIAN_POINT ( 'NONE',  ( 0.6911593673155888000, 0.9999606299212596700, -0.8924919847990195900 ) ) ;
#6368 = EDGE_CURVE ( 'NONE', #2634, #5460, #3770, .T. ) ;
#6369 = CARTESIAN_POINT ( 'NONE',  ( 0.3052134181456790900, 0.9999606299212597800, -0.5063941171341138600 ) ) ;
#6370 = CARTESIAN_POINT ( 'NONE',  ( 0.8114716212630150900, 0.9999606299212597800, -0.8980773596015574300 ) ) ;
#6371 = CARTESIAN_POINT ( 'NONE',  ( 0.6117407800480522100, 1.000000000000000000, -0.8936813277358554000 ) ) ;
#6372 = CARTESIAN_POINT ( 'NONE',  ( 0.8580965929443867800, 1.000000000000000200, -0.8945612981773059000 ) ) ;
#6373 = VECTOR ( 'NONE', #4023, 39.37007874015748100 ) ;
#6374 = EDGE_CURVE ( 'NONE', #675, #2075, #2, .T. ) ;
#6375 = ORIENTED_EDGE ( 'NONE', *, *, #5354, .T. ) ;
#6376 = CARTESIAN_POINT ( 'NONE',  ( 0.7867674105770539100, 1.000000000000000000, -0.8718137469121635100 ) ) ;
#6377 = FACE_OUTER_BOUND ( 'NONE', #3329, .T. ) ;
#6378 = CARTESIAN_POINT ( 'NONE',  ( 0.8458605391281902600, 0.9999606299212597800, -0.8192865215333755600 ) ) ;
#6379 = CARTESIAN_POINT ( 'NONE',  ( 0.7360663521016060900, 0.9999606299212597800, -0.8854706630791743200 ) ) ;
#6380 = FACE_OUTER_BOUND ( 'NONE', #256, .T. ) ;
#6381 = CARTESIAN_POINT ( 'NONE',  ( 0.6666638833839867400, 0.9999606299212597800, -0.5063097178467925700 ) ) ;
#6382 = DIRECTION ( 'NONE',  ( -0.7588454441656941100, 0.0000000000000000000, 0.6512707515841398300 ) ) ;
#6383 = CARTESIAN_POINT ( 'NONE',  ( 0.6229267657078572100, 0.9999999999999996700, -0.8410944846509784700 ) ) ;
#6384 = ORIENTED_EDGE ( 'NONE', *, *, #3686, .T. ) ;
#6385 = LINE ( 'NONE', #5646, #2410 ) ;
#6386 = CARTESIAN_POINT ( 'NONE',  ( 0.7024848151881814000, 1.000000000000000200, -0.8722768179403940200 ) ) ;
#6387 = CARTESIAN_POINT ( 'NONE',  ( 0.6032544985233542200, 0.9999606299212595600, -0.8841803457328255600 ) ) ;
#6388 = CARTESIAN_POINT ( 'NONE',  ( 0.6238052882976883300, 0.9999606299212602200, -0.8749395792511751600 ) ) ;
#6389 = CARTESIAN_POINT ( 'NONE',  ( 0.7407267046288600300, 0.9999606299212595600, -0.8875154412916288500 ) ) ;
#6390 = VERTEX_POINT ( 'NONE', #3754 ) ;
#6391 = CARTESIAN_POINT ( 'NONE',  ( 0.7263611013914480500, 1.000000000000050200, -0.8462067245400045600 ) ) ;
#6392 = CARTESIAN_POINT ( 'NONE',  ( 0.8051486190804831900, 1.000000000000000200, -0.8874727388233130100 ) ) ;
#6393 = VERTEX_POINT ( 'NONE', #811 ) ;
#6394 = CARTESIAN_POINT ( 'NONE',  ( 0.7263611013914480500, 0.9999606299212598900, -0.8462067245400045600 ) ) ;
#6395 = ORIENTED_EDGE ( 'NONE', *, *, #6236, .F. ) ;
#6396 = DIRECTION ( 'NONE',  ( 0.9922778767136677400, 0.0000000000000000000, -0.1240347345892084700 ) ) ;
#6397 = ORIENTED_EDGE ( 'NONE', *, *, #2889, .F. ) ;
#6398 = CARTESIAN_POINT ( 'NONE',  ( 0.8842057908183356100, 1.000000000000000400, -0.8797595944375885500 ) ) ;
#6399 = CARTESIAN_POINT ( 'NONE',  ( 0.6641680404201452100, 1.000000000000000200, -0.8442104449962909400 ) ) ;
#6400 = EDGE_CURVE ( 'NONE', #5417, #3511, #4941, .T. ) ;
#6401 = CARTESIAN_POINT ( 'NONE',  ( 0.8860378271879345600, 0.9999606299212596700, -0.8760711633812491300 ) ) ;
#6402 = EDGE_CURVE ( 'NONE', #5989, #2768, #3220, .T. ) ;
#6403 = ORIENTED_EDGE ( 'NONE', *, *, #6236, .T. ) ;
#6404 = CARTESIAN_POINT ( 'NONE',  ( 0.8549522685632576800, 0.9999606299212596700, -0.7992292962084121000 ) ) ;
#6405 = CARTESIAN_POINT ( 'NONE',  ( 0.6160306509547960300, 0.9999999999999998900, -0.8261965344796447000 ) ) ;
#6406 = CARTESIAN_POINT ( 'NONE',  ( 0.8867098426103426900, 0.9999606299212602200, -0.8739992785258232600 ) ) ;
#6407 = VERTEX_POINT ( 'NONE', #4764 ) ;
#6408 = CARTESIAN_POINT ( 'NONE',  ( 0.8889082418019000900, 0.9999606299212597800, -0.8414669631874652800 ) ) ;
#6409 = CARTESIAN_POINT ( 'NONE',  ( 0.7687884597440656200, 1.000000000000000200, -0.8289288941099090000 ) ) ;
#6411 = CARTESIAN_POINT ( 'NONE',  ( 0.7320907087540170500, 1.000000000000050200, -0.8810293067356933500 ) ) ;
#6410 = AXIS2_PLACEMENT_3D ( 'NONE', #4997, #2024, #5498 ) ;
#6412 = CARTESIAN_POINT ( 'NONE',  ( 0.6622115323256674300, 0.9999999999999998900, -0.8089385798003032600 ) ) ;
#6413 = B_SPLINE_CURVE_WITH_KNOTS ( 'NONE', 3,
 ( #1349, #3311, #3819, #1940, #5402, #2431, #5921, #2914, #6417, #3415, #489, #3921, #971, #4429, #1451, #4928, #1958, #5429, #2452 ),
 .UNSPECIFIED., .F., .F.,
 ( 4, 1, 1, 1, 1, 1, 1, 1, 1, 1, 1, 1, 1, 1, 1, 1, 4 ),
 ( 0.0000000000000000000, 0.03481888132959476400, 0.06891955580719841300, 0.1034513888417885900, 0.1390496088211288500, 0.1771753219263888500, 0.2179403376185296300, 0.2619036500779320400, 0.3097653282277569900, 0.3632138529075520900, 0.4256205765081699200, 0.4969126734317579900, 0.5776735780836582700, 0.6680265813160591900, 0.7686823766893833300, 0.8792939339028141800, 1.000000000000000000 ),
 .UNSPECIFIED. ) ;
#6414 = DIRECTION ( 'NONE',  ( 0.0000000000000000000, -2.544782364594719500E-012, 1.000000000000000000 ) ) ;
#6415 = CARTESIAN_POINT ( 'NONE',  ( 0.6121567954317552700, 1.000000000000000000, -0.8623564446860873000 ) ) ;
#6416 = ORIENTED_EDGE ( 'NONE', *, *, #1866, .T. ) ;
#6417 = CARTESIAN_POINT ( 'NONE',  ( 0.7320907087540170500, 1.000000000000000000, -0.8810293067356933500 ) ) ;
#6418 = DIRECTION ( 'NONE',  ( -1.000000000000000000, 0.0000000000000000000, 2.220446049250312600E-016 ) ) ;
#6419 = CARTESIAN_POINT ( 'NONE',  ( 0.6504325242623354400, 0.9999606299212595600, -0.8511434523432579400 ) ) ;
#6420 = CARTESIAN_POINT ( 'NONE',  ( 0.8792413525760162100, 1.000000000000000200, -0.8851511263877236400 ) ) ;
#6421 = CARTESIAN_POINT ( 'NONE',  ( 0.7053055848402031100, 0.9999606299212596700, -0.8224085913857439600 ) ) ;
#6422 = CARTESIAN_POINT ( 'NONE',  ( 0.6848363750575893200, 0.9999606299212601100, -0.8079766832196494400 ) ) ;
#6423 = CARTESIAN_POINT ( 'NONE',  ( 0.8719189673434483100, 0.9999606299212597800, -0.8875719145257998700 ) ) ;
#6424 = CARTESIAN_POINT ( 'NONE',  ( 0.7665635637487823200, 1.000000000000000200, -0.8754590969021018900 ) ) ;
#6425 = CARTESIAN_POINT ( 'NONE',  ( 0.7437981401680274800, 1.000000000000000000, -0.7943731448321257300 ) ) ;
ENDSEC;
END-ISO-10303-21;
